pack	file	status
DarkSigWeather	ambient/air_1.ogg	BASE-DUP-excluded
DarkSigWeather	ambient/air_2.ogg	BASE-DUP-excluded
DarkSigWeather	ambient/amb1.ogg	BASE-DUP-excluded
DarkSigWeather	ambient/ambience03.ogg	BASE-DUP-excluded
DarkSigWeather	ambient/anomaly/acid_rain.ogg	off-scope-or-dup
DarkSigWeather	ambient/anomaly/anomaly_body_tear_1.ogg	off-scope-or-dup
DarkSigWeather	ambient/anomaly/anomaly_gravy_blast.ogg	off-scope-or-dup
DarkSigWeather	ambient/anomaly/anomaly_gravy_blast00.ogg	off-scope-or-dup
DarkSigWeather	ambient/anomaly/anomaly_gravy_blast01.ogg	off-scope-or-dup
DarkSigWeather	ambient/anomaly/anomaly_gravy_blast1.ogg	off-scope-or-dup
DarkSigWeather	ambient/anomaly/anomaly_gravy_hit.ogg	off-scope-or-dup
DarkSigWeather	ambient/anomaly/anomaly_gravy_hit1.ogg	off-scope-or-dup
DarkSigWeather	ambient/anomaly/anomaly_gravy_idle.ogg	off-scope-or-dup
DarkSigWeather	ambient/anomaly/anomaly_mincer_blowout.ogg	EMISSION-excluded
DarkSigWeather	ambient/anomaly/bfuzz_blowout.ogg	EMISSION-excluded
DarkSigWeather	ambient/anomaly/bfuzz_hit.ogg	off-scope-or-dup
DarkSigWeather	ambient/anomaly/blowout.ogg	EMISSION-excluded
DarkSigWeather	ambient/anomaly/buzz_hit.ogg	off-scope-or-dup
DarkSigWeather	ambient/anomaly/buzz_idle.ogg	off-scope-or-dup
DarkSigWeather	ambient/anomaly/electra_blast.ogg	off-scope-or-dup
DarkSigWeather	ambient/anomaly/electra_blast1.ogg	off-scope-or-dup
DarkSigWeather	ambient/anomaly/electra_hit.ogg	off-scope-or-dup
DarkSigWeather	ambient/anomaly/electra_hit1.ogg	off-scope-or-dup
DarkSigWeather	ambient/anomaly/electra_idle1.ogg	off-scope-or-dup
DarkSigWeather	ambient/anomaly/emi_blowout.ogg	EMISSION-excluded
DarkSigWeather	ambient/anomaly/emi_blowout_01.ogg	EMISSION-excluded
DarkSigWeather	ambient/anomaly/emi_blowout_02.ogg	EMISSION-excluded
DarkSigWeather	ambient/anomaly/emi_entrance.ogg	off-scope-or-dup
DarkSigWeather	ambient/anomaly/emi_idle.ogg	off-scope-or-dup
DarkSigWeather	ambient/anomaly/fire2.ogg	off-scope-or-dup
DarkSigWeather	ambient/anomaly/fire_idle.ogg	off-scope-or-dup
DarkSigWeather	ambient/anomaly/fireball_blow.ogg	off-scope-or-dup
DarkSigWeather	ambient/anomaly/fireball_idle.ogg	off-scope-or-dup
DarkSigWeather	ambient/anomaly/gen_electra_ball_idle.ogg	off-scope-or-dup
DarkSigWeather	ambient/anomaly/gravi_blowout.ogg	EMISSION-excluded
DarkSigWeather	ambient/anomaly/gravi_blowout1.ogg	EMISSION-excluded
DarkSigWeather	ambient/anomaly/gravi_blowout2.ogg	EMISSION-excluded
DarkSigWeather	ambient/anomaly/gravi_blowout3.ogg	EMISSION-excluded
DarkSigWeather	ambient/anomaly/gravi_blowout4.ogg	EMISSION-excluded
DarkSigWeather	ambient/anomaly/gravi_blowout5.ogg	EMISSION-excluded
DarkSigWeather	ambient/anomaly/gravi_blowout6.ogg	EMISSION-excluded
DarkSigWeather	ambient/anomaly/gravi_idle00.ogg	off-scope-or-dup
DarkSigWeather	ambient/anomaly/gravi_idle01.ogg	off-scope-or-dup
DarkSigWeather	ambient/anomaly/gravi_rumble1.ogg	off-scope-or-dup
DarkSigWeather	ambient/anomaly/gravity_entrance.ogg	off-scope-or-dup
DarkSigWeather	ambient/anomaly/monolith_idle.ogg	off-scope-or-dup
DarkSigWeather	ambient/anomaly/psi_storm_01.ogg	EMISSION-excluded
DarkSigWeather	ambient/anomaly/psy_polter.ogg	off-scope-or-dup
DarkSigWeather	ambient/anomaly/psy_voices_1_l.ogg	off-scope-or-dup
DarkSigWeather	ambient/anomaly/psy_voices_1_r.ogg	off-scope-or-dup
DarkSigWeather	ambient/anomaly/pux_blast.ogg	off-scope-or-dup
DarkSigWeather	ambient/anomaly/stancia_thunder.ogg	HELD-loop-surplus
DarkSigWeather	ambient/anomaly/steam.ogg	off-scope-or-dup
DarkSigWeather	ambient/anomaly/steam_blowout.ogg	EMISSION-excluded
DarkSigWeather	ambient/anomaly/steam_hit.ogg	off-scope-or-dup
DarkSigWeather	ambient/anomaly/steam_idle.ogg	off-scope-or-dup
DarkSigWeather	ambient/anomaly/teleport_idle.ogg	off-scope-or-dup
DarkSigWeather	ambient/anomaly/teleport_incoming.ogg	off-scope-or-dup
DarkSigWeather	ambient/anomaly/teleport_work_1.ogg	off-scope-or-dup
DarkSigWeather	ambient/anomaly/teleport_work_2.ogg	off-scope-or-dup
DarkSigWeather	ambient/anomaly/zhar_blow.ogg	off-scope-or-dup
DarkSigWeather	ambient/anomaly/~gravi_idle01.ogg	off-scope-or-dup
DarkSigWeather	ambient/background/bkg_01.ogg	BASE-DUP-excluded
DarkSigWeather	ambient/background/bkg_tuman.ogg	BASE-DUP-excluded
DarkSigWeather	ambient/background/pri_bkg_day.ogg	BASE-DUP-excluded
DarkSigWeather	ambient/background/pri_bkg_tuman.ogg	BASE-DUP-excluded
DarkSigWeather	ambient/background/underground_bkg_1.ogg	BASE-DUP-excluded
DarkSigWeather	ambient/background/urban_wind_bak.ogg	BASE-DUP-excluded
DarkSigWeather	ambient/background/wind_bkg_1.ogg	BASE-DUP-excluded
DarkSigWeather	ambient/background/zat_bkg_day.ogg	BASE-DUP-excluded
DarkSigWeather	ambient/background/zat_bkg_tuman.ogg	BASE-DUP-excluded
DarkSigWeather	ambient/blowout/blowout/blowout_impact.ogg	EMISSION-excluded
DarkSigWeather	ambient/blowout/blowout/blowout_impact_02.ogg	EMISSION-excluded
DarkSigWeather	ambient/blowout/blowout/blowout_lightning_01.ogg	EMISSION-excluded
DarkSigWeather	ambient/blowout/blowout/blowout_lightning_02.ogg	EMISSION-excluded
DarkSigWeather	ambient/blowout/blowout/blowout_lightning_03.ogg	EMISSION-excluded
DarkSigWeather	ambient/blowout/blowout/blowout_lightning_04.ogg	EMISSION-excluded
DarkSigWeather	ambient/blowout/blowout/blowout_lightning_05.ogg	EMISSION-excluded
DarkSigWeather	ambient/blowout/blowout/blowout_lightning_06.ogg	EMISSION-excluded
DarkSigWeather	ambient/blowout/blowout/blowout_lightning_07.ogg	EMISSION-excluded
DarkSigWeather	ambient/blowout/blowout/blowout_lightning_08.ogg	EMISSION-excluded
DarkSigWeather	ambient/blowout/blowout/blowout_lightning_09.ogg	EMISSION-excluded
DarkSigWeather	ambient/blowout/blowout/blowout_lightning_10.ogg	EMISSION-excluded
DarkSigWeather	ambient/blowout/blowout/blowout_lightning_11.ogg	EMISSION-excluded
DarkSigWeather	ambient/blowout/blowout/blowout_lightning_12.ogg	EMISSION-excluded
DarkSigWeather	ambient/blowout/blowout/blowout_lightning_13.ogg	EMISSION-excluded
DarkSigWeather	ambient/blowout/blowout/blowout_lightning_14.ogg	EMISSION-excluded
DarkSigWeather	ambient/blowout/blowout/blowout_particle_wave.ogg	EMISSION-excluded
DarkSigWeather	ambient/blowout/blowout/blowout_rumble.ogg	EMISSION-excluded
DarkSigWeather	ambient/blowout/blowout/blowout_siren.ogg	EMISSION-excluded
DarkSigWeather	ambient/blowout/blowout/cut/close.ogg	EMISSION-excluded
DarkSigWeather	ambient/blowout/blowout/cut/closemedium.ogg	EMISSION-excluded
DarkSigWeather	ambient/blowout/blowout/cut/far.ogg	EMISSION-excluded
DarkSigWeather	ambient/blowout/blowout/cut/medium.ogg	EMISSION-excluded
DarkSigWeather	ambient/blowout/blowout/cut/prettyfar.ogg	EMISSION-excluded
DarkSigWeather	ambient/blowout/blowout/cut/veryfar.ogg	EMISSION-excluded
DarkSigWeather	ambient/blowout/blowout/psi_storm_siren.ogg	EMISSION-excluded
DarkSigWeather	ambient/blowout/blowout_amb_01.ogg	EMISSION-excluded
DarkSigWeather	ambient/blowout/blowout_amb_02.ogg	EMISSION-excluded
DarkSigWeather	ambient/blowout/blowout_amb_03.ogg	EMISSION-excluded
DarkSigWeather	ambient/blowout/blowout_amb_04.ogg	EMISSION-excluded
DarkSigWeather	ambient/blowout/blowout_amb_05.ogg	EMISSION-excluded
DarkSigWeather	ambient/blowout/blowout_amb_06.ogg	EMISSION-excluded
DarkSigWeather	ambient/blowout/blowout_amb_07.ogg	EMISSION-excluded
DarkSigWeather	ambient/blowout/blowout_amb_08.ogg	EMISSION-excluded
DarkSigWeather	ambient/blowout/blowout_ambient_rumble_01.ogg	EMISSION-excluded
DarkSigWeather	ambient/blowout/blowout_ambient_rumble_02.ogg	EMISSION-excluded
DarkSigWeather	ambient/blowout/blowout_ambient_rumble_03.ogg	EMISSION-excluded
DarkSigWeather	ambient/blowout/blowout_ambient_rumble_04.ogg	EMISSION-excluded
DarkSigWeather	ambient/blowout/blowout_begin.ogg	EMISSION-excluded
DarkSigWeather	ambient/blowout/blowout_begin_02.ogg	EMISSION-excluded
DarkSigWeather	ambient/blowout/blowout_bkgrnd.ogg	EMISSION-excluded
DarkSigWeather	ambient/blowout/blowout_boom_01.ogg	EMISSION-excluded
DarkSigWeather	ambient/blowout/blowout_boom_02.ogg	EMISSION-excluded
DarkSigWeather	ambient/blowout/blowout_boom_03.ogg	EMISSION-excluded
DarkSigWeather	ambient/blowout/blowout_flare_01.ogg	EMISSION-excluded
DarkSigWeather	ambient/blowout/blowout_flare_02.ogg	EMISSION-excluded
DarkSigWeather	ambient/blowout/blowout_flare_03.ogg	EMISSION-excluded
DarkSigWeather	ambient/blowout/blowout_flare_04.ogg	EMISSION-excluded
DarkSigWeather	ambient/blowout/blowout_impact.ogg	EMISSION-excluded
DarkSigWeather	ambient/blowout/blowout_impact_02.ogg	EMISSION-excluded
DarkSigWeather	ambient/blowout/blowout_lightning_01.ogg	EMISSION-excluded
DarkSigWeather	ambient/blowout/blowout_lightning_02.ogg	EMISSION-excluded
DarkSigWeather	ambient/blowout/blowout_lightning_03.ogg	EMISSION-excluded
DarkSigWeather	ambient/blowout/blowout_lightning_04.ogg	EMISSION-excluded
DarkSigWeather	ambient/blowout/blowout_lightning_05.ogg	EMISSION-excluded
DarkSigWeather	ambient/blowout/blowout_lightning_06.ogg	EMISSION-excluded
DarkSigWeather	ambient/blowout/blowout_lightning_07.ogg	EMISSION-excluded
DarkSigWeather	ambient/blowout/blowout_lightning_08.ogg	EMISSION-excluded
DarkSigWeather	ambient/blowout/blowout_lightning_09.ogg	EMISSION-excluded
DarkSigWeather	ambient/blowout/blowout_lightning_10.ogg	EMISSION-excluded
DarkSigWeather	ambient/blowout/blowout_lightning_11.ogg	EMISSION-excluded
DarkSigWeather	ambient/blowout/blowout_lightning_12.ogg	EMISSION-excluded
DarkSigWeather	ambient/blowout/blowout_lightning_13.ogg	EMISSION-excluded
DarkSigWeather	ambient/blowout/blowout_lightning_14.ogg	EMISSION-excluded
DarkSigWeather	ambient/blowout/blowout_outro.ogg	EMISSION-excluded
DarkSigWeather	ambient/blowout/blowout_particle_wave.ogg	EMISSION-excluded
DarkSigWeather	ambient/blowout/blowout_rumble.ogg	EMISSION-excluded
DarkSigWeather	ambient/blowout/blowout_siren.ogg	EMISSION-excluded
DarkSigWeather	ambient/blowout/blowout_wave_01.ogg	EMISSION-excluded
DarkSigWeather	ambient/blowout/blowout_wave_02.ogg	EMISSION-excluded
DarkSigWeather	ambient/blowout/blowout_wave_02_short.ogg	EMISSION-excluded
DarkSigWeather	ambient/blowout/blowout_wave_03.ogg	EMISSION-excluded
DarkSigWeather	ambient/blowout/blowout_wave_03_short.ogg	EMISSION-excluded
DarkSigWeather	ambient/blowout/blowout_wave_04.ogg	EMISSION-excluded
DarkSigWeather	ambient/blowout/blowout_wind_01.ogg	EMISSION-excluded
DarkSigWeather	ambient/blowout/blowout_wind_02.ogg	EMISSION-excluded
DarkSigWeather	ambient/blowout/blowout_wind_03.ogg	EMISSION-excluded
DarkSigWeather	ambient/blowout/cut/close.ogg	EMISSION-excluded
DarkSigWeather	ambient/blowout/cut/closemedium.ogg	EMISSION-excluded
DarkSigWeather	ambient/blowout/cut/far.ogg	EMISSION-excluded
DarkSigWeather	ambient/blowout/cut/medium.ogg	EMISSION-excluded
DarkSigWeather	ambient/blowout/cut/prettyfar.ogg	EMISSION-excluded
DarkSigWeather	ambient/blowout/cut/veryfar.ogg	EMISSION-excluded
DarkSigWeather	ambient/blowout/earthquake.ogg	EMISSION-excluded
DarkSigWeather	ambient/blowout/psi_storm_siren.ogg	EMISSION-excluded
DarkSigWeather	ambient/cold_wind_11.ogg	BASE-DUP-excluded
DarkSigWeather	ambient/cold_wind_12.ogg	BASE-DUP-excluded
DarkSigWeather	ambient/darkwind1.ogg	BASE-DUP-excluded
DarkSigWeather	ambient/darkwind2.ogg	BASE-DUP-excluded
DarkSigWeather	ambient/earthquake.ogg	off-scope-or-dup
DarkSigWeather	ambient/fan_squeaks_1.ogg	off-scope-or-dup
DarkSigWeather	ambient/fire2.ogg	off-scope-or-dup
DarkSigWeather	ambient/howling_wind_11.ogg	BASE-DUP-excluded
DarkSigWeather	ambient/howling_wind_12.ogg	BASE-DUP-excluded
DarkSigWeather	ambient/howling_wind_u1.ogg	BASE-DUP-excluded
DarkSigWeather	ambient/iron_moaning1.ogg	BASE-DUP-excluded
DarkSigWeather	ambient/lamp_squeaks_1.ogg	off-scope-or-dup
DarkSigWeather	ambient/lamp_squeaks_2.ogg	off-scope-or-dup
DarkSigWeather	ambient/lar_nature/lar_suspense/suspense_01.ogg	BASE-DUP-excluded
DarkSigWeather	ambient/lar_nature/lar_suspense/suspense_02.ogg	BASE-DUP-excluded
DarkSigWeather	ambient/lar_nature/lar_suspense/suspense_03.ogg	BASE-DUP-excluded
DarkSigWeather	ambient/lar_nature/lar_suspense/suspense_04.ogg	BASE-DUP-excluded
DarkSigWeather	ambient/lar_nature/lar_suspense/suspense_05.ogg	BASE-DUP-excluded
DarkSigWeather	ambient/lar_nature/lar_suspense/suspense_06.ogg	BASE-DUP-excluded
DarkSigWeather	ambient/lar_nature/lar_suspense/suspense_07.ogg	BASE-DUP-excluded
DarkSigWeather	ambient/lar_nature/lar_suspense/suspense_08.ogg	BASE-DUP-excluded
DarkSigWeather	ambient/lar_nature/metro_ambients/pipe_moans_1.ogg	BASE-DUP-excluded
DarkSigWeather	ambient/lar_nature/metro_ambients/pipe_moans_2.ogg	BASE-DUP-excluded
DarkSigWeather	ambient/lar_nature/metro_ambients/pipe_moans_3.ogg	BASE-DUP-excluded
DarkSigWeather	ambient/lar_nature/metro_ambients/pipe_moans_4.ogg	BASE-DUP-excluded
DarkSigWeather	ambient/lar_nature/metro_tunnels/tun_air_1.ogg	BASE-DUP-excluded
DarkSigWeather	ambient/lar_nature/metro_tunnels/tun_air_2.ogg	BASE-DUP-excluded
DarkSigWeather	ambient/lar_nature/metro_tunnels/tun_air_3.ogg	BASE-DUP-excluded
DarkSigWeather	ambient/lar_nature/metro_tunnels/tun_air_4.ogg	BASE-DUP-excluded
DarkSigWeather	ambient/lar_nature/metro_tunnels/tun_air_5.ogg	BASE-DUP-excluded
DarkSigWeather	ambient/lar_nature/metro_tunnels/tun_air_6.ogg	BASE-DUP-excluded
DarkSigWeather	ambient/lar_nature/metro_tunnels/tun_bkg_wind_1.ogg	BASE-DUP-excluded
DarkSigWeather	ambient/lar_nature/metro_tunnels/tun_noise_1.ogg	BASE-DUP-excluded
DarkSigWeather	ambient/lar_nature/metro_tunnels/tun_noise_2.ogg	BASE-DUP-excluded
DarkSigWeather	ambient/lar_nature/metro_tunnels/tun_noise_3.ogg	BASE-DUP-excluded
DarkSigWeather	ambient/lar_nature/metro_tunnels/tun_noise_4.ogg	BASE-DUP-excluded
DarkSigWeather	ambient/lar_nature/metro_tunnels/tun_noise_5.ogg	BASE-DUP-excluded
DarkSigWeather	ambient/lar_nature/metro_tunnels/tun_noise_6.ogg	BASE-DUP-excluded
DarkSigWeather	ambient/lar_nature/metro_tunnels/tun_noise_7.ogg	BASE-DUP-excluded
DarkSigWeather	ambient/lar_nature/metro_tunnels/tun_noise_8.ogg	BASE-DUP-excluded
DarkSigWeather	ambient/lar_nature/metro_tunnels/tun_noise_9.ogg	BASE-DUP-excluded
DarkSigWeather	ambient/mine/wind_mine_1.ogg	BASE-DUP-excluded
DarkSigWeather	ambient/mine/wind_mine_2.ogg	BASE-DUP-excluded
DarkSigWeather	ambient/mine/wind_mine_3.ogg	BASE-DUP-excluded
DarkSigWeather	ambient/new_wind2a.ogg	BASE-DUP-excluded
DarkSigWeather	ambient/new_wind2b.ogg	BASE-DUP-excluded
DarkSigWeather	ambient/outdoors/dist_wind_1.ogg	BASE-DUP-excluded
DarkSigWeather	ambient/outdoors/dist_wind_2.ogg	BASE-DUP-excluded
DarkSigWeather	ambient/outdoors/dist_wind_3.ogg	BASE-DUP-excluded
DarkSigWeather	ambient/outdoors/dist_wind_short_1.ogg	BASE-DUP-excluded
DarkSigWeather	ambient/outdoors/dist_wind_short_2.ogg	BASE-DUP-excluded
DarkSigWeather	ambient/outdoors/dist_wind_short_3.ogg	BASE-DUP-excluded
DarkSigWeather	ambient/outdoors/swamp_wind_1.ogg	BASE-DUP-excluded
DarkSigWeather	ambient/outdoors/swamp_wind_2.ogg	BASE-DUP-excluded
DarkSigWeather	ambient/outdoors/swamp_wind_3.ogg	BASE-DUP-excluded
DarkSigWeather	ambient/outdoors/swamp_wind_short_1.ogg	BASE-DUP-excluded
DarkSigWeather	ambient/outdoors/swamp_wind_short_2.ogg	BASE-DUP-excluded
DarkSigWeather	ambient/rain.ogg	INTRA-DUP-excluded
DarkSigWeather	ambient/rain_helm.ogg	INTRA-DUP-excluded
DarkSigWeather	ambient/rain_indoors.ogg	INTRA-DUP-excluded
DarkSigWeather	ambient/rain_indoors2.ogg	HELD-loop-surplus
DarkSigWeather	ambient/rain_l.ogg	HELD-loop-surplus
DarkSigWeather	ambient/rain_r.ogg	SILENCE-excluded
DarkSigWeather	ambient/rainonroof.ogg	HELD-loop-surplus
DarkSigWeather	ambient/rnd_outdoor/ambient_wind_1.ogg	BASE-DUP-excluded
DarkSigWeather	ambient/rnd_outdoor/ambient_wind_2.ogg	BASE-DUP-excluded
DarkSigWeather	ambient/rnd_outdoor/ambient_wind_3.ogg	BASE-DUP-excluded
DarkSigWeather	ambient/rnd_outdoor/ambient_wind_4.ogg	BASE-DUP-excluded
DarkSigWeather	ambient/rnd_outdoor/heavy_wind_1.ogg	BASE-DUP-excluded
DarkSigWeather	ambient/rnd_outdoor/heavy_wind_2.ogg	BASE-DUP-excluded
DarkSigWeather	ambient/rnd_outdoor/heavy_wind_3.ogg	BASE-DUP-excluded
DarkSigWeather	ambient/rnd_outdoor/heavy_wind_4.ogg	BASE-DUP-excluded
DarkSigWeather	ambient/rnd_outdoor/rnd_dark7.ogg	BASE-DUP-excluded
DarkSigWeather	ambient/rnd_outdoor/rnd_dark8.ogg	BASE-DUP-excluded
DarkSigWeather	ambient/rnd_outdoor/rnd_darkwind1.ogg	BASE-DUP-excluded
DarkSigWeather	ambient/rnd_outdoor/rnd_darkwind2.ogg	BASE-DUP-excluded
DarkSigWeather	ambient/rnd_outdoor/rnd_darkwind3.ogg	BASE-DUP-excluded
DarkSigWeather	ambient/rnd_outdoor/rnd_darkwind4.ogg	BASE-DUP-excluded
DarkSigWeather	ambient/rnd_outdoor/rnd_darkwind5.ogg	BASE-DUP-excluded
DarkSigWeather	ambient/rnd_outdoor/rnd_darkwind6.ogg	BASE-DUP-excluded
DarkSigWeather	ambient/rnd_outdoor/rnd_drone1.ogg	BASE-DUP-excluded
DarkSigWeather	ambient/rnd_outdoor/rnd_drone2.ogg	BASE-DUP-excluded
DarkSigWeather	ambient/rnd_outdoor/rnd_obval.ogg	BASE-DUP-excluded
DarkSigWeather	ambient/rnd_outdoor/rnd_wind_1.ogg	BASE-DUP-excluded
DarkSigWeather	ambient/rnd_outdoor/rnd_wind_2.ogg	BASE-DUP-excluded
DarkSigWeather	ambient/rnd_outdoor/rnd_wind_3.ogg	BASE-DUP-excluded
DarkSigWeather	ambient/rnd_outdoor/rnd_wind_4.ogg	BASE-DUP-excluded
DarkSigWeather	ambient/rnd_outdoor/rnd_wind_tree.ogg	BASE-DUP-excluded
DarkSigWeather	ambient/rt_ambient1.ogg	BASE-DUP-excluded
DarkSigWeather	ambient/rt_ambient2.ogg	BASE-DUP-excluded
DarkSigWeather	ambient/rt_dark_indoor_amb1.ogg	BASE-DUP-excluded
DarkSigWeather	ambient/rt_eerie_wind1.ogg	BASE-DUP-excluded
DarkSigWeather	ambient/sfx_amb_wind_tat_a_loop.ogg	BASE-DUP-excluded
DarkSigWeather	ambient/soundscape/animals/birds_forest_single_1.ogg	BASE-DUP-excluded
DarkSigWeather	ambient/soundscape/animals/birds_forest_single_10.ogg	BASE-DUP-excluded
DarkSigWeather	ambient/soundscape/animals/birds_forest_single_11.ogg	BASE-DUP-excluded
DarkSigWeather	ambient/soundscape/animals/birds_forest_single_12.ogg	BASE-DUP-excluded
DarkSigWeather	ambient/soundscape/animals/birds_forest_single_13.ogg	BASE-DUP-excluded
DarkSigWeather	ambient/soundscape/animals/birds_forest_single_14.ogg	BASE-DUP-excluded
DarkSigWeather	ambient/soundscape/animals/birds_forest_single_15.ogg	BASE-DUP-excluded
DarkSigWeather	ambient/soundscape/animals/birds_forest_single_16.ogg	BASE-DUP-excluded
DarkSigWeather	ambient/soundscape/animals/birds_forest_single_17.ogg	BASE-DUP-excluded
DarkSigWeather	ambient/soundscape/animals/birds_forest_single_18.ogg	BASE-DUP-excluded
DarkSigWeather	ambient/soundscape/animals/birds_forest_single_19.ogg	BASE-DUP-excluded
DarkSigWeather	ambient/soundscape/animals/birds_forest_single_2.ogg	BASE-DUP-excluded
DarkSigWeather	ambient/soundscape/animals/birds_forest_single_20.ogg	BASE-DUP-excluded
DarkSigWeather	ambient/soundscape/animals/birds_forest_single_21.ogg	off-scope-or-dup
DarkSigWeather	ambient/soundscape/animals/birds_forest_single_22.ogg	BASE-DUP-excluded
DarkSigWeather	ambient/soundscape/animals/birds_forest_single_23.ogg	BASE-DUP-excluded
DarkSigWeather	ambient/soundscape/animals/birds_forest_single_24.ogg	BASE-DUP-excluded
DarkSigWeather	ambient/soundscape/animals/birds_forest_single_25.ogg	BASE-DUP-excluded
DarkSigWeather	ambient/soundscape/animals/birds_forest_single_26.ogg	BASE-DUP-excluded
DarkSigWeather	ambient/soundscape/animals/birds_forest_single_27.ogg	BASE-DUP-excluded
DarkSigWeather	ambient/soundscape/animals/birds_forest_single_28.ogg	BASE-DUP-excluded
DarkSigWeather	ambient/soundscape/animals/birds_forest_single_29.ogg	BASE-DUP-excluded
DarkSigWeather	ambient/soundscape/animals/birds_forest_single_3.ogg	BASE-DUP-excluded
DarkSigWeather	ambient/soundscape/animals/birds_forest_single_30.ogg	BASE-DUP-excluded
DarkSigWeather	ambient/soundscape/animals/birds_forest_single_31.ogg	BASE-DUP-excluded
DarkSigWeather	ambient/soundscape/animals/birds_forest_single_32.ogg	BASE-DUP-excluded
DarkSigWeather	ambient/soundscape/animals/birds_forest_single_33.ogg	BASE-DUP-excluded
DarkSigWeather	ambient/soundscape/animals/birds_forest_single_34.ogg	BASE-DUP-excluded
DarkSigWeather	ambient/soundscape/animals/birds_forest_single_35.ogg	BASE-DUP-excluded
DarkSigWeather	ambient/soundscape/animals/birds_forest_single_36.ogg	BASE-DUP-excluded
DarkSigWeather	ambient/soundscape/animals/birds_forest_single_37.ogg	BASE-DUP-excluded
DarkSigWeather	ambient/soundscape/animals/birds_forest_single_38.ogg	BASE-DUP-excluded
DarkSigWeather	ambient/soundscape/animals/birds_forest_single_39.ogg	BASE-DUP-excluded
DarkSigWeather	ambient/soundscape/animals/birds_forest_single_4.ogg	BASE-DUP-excluded
DarkSigWeather	ambient/soundscape/animals/birds_forest_single_40.ogg	BASE-DUP-excluded
DarkSigWeather	ambient/soundscape/animals/birds_forest_single_41.ogg	BASE-DUP-excluded
DarkSigWeather	ambient/soundscape/animals/birds_forest_single_42.ogg	BASE-DUP-excluded
DarkSigWeather	ambient/soundscape/animals/birds_forest_single_43.ogg	BASE-DUP-excluded
DarkSigWeather	ambient/soundscape/animals/birds_forest_single_44.ogg	BASE-DUP-excluded
DarkSigWeather	ambient/soundscape/animals/birds_forest_single_45.ogg	BASE-DUP-excluded
DarkSigWeather	ambient/soundscape/animals/birds_forest_single_46.ogg	BASE-DUP-excluded
DarkSigWeather	ambient/soundscape/animals/birds_forest_single_47.ogg	BASE-DUP-excluded
DarkSigWeather	ambient/soundscape/animals/birds_forest_single_48.ogg	BASE-DUP-excluded
DarkSigWeather	ambient/soundscape/animals/birds_forest_single_49.ogg	BASE-DUP-excluded
DarkSigWeather	ambient/soundscape/animals/birds_forest_single_5.ogg	BASE-DUP-excluded
DarkSigWeather	ambient/soundscape/animals/birds_forest_single_50.ogg	BASE-DUP-excluded
DarkSigWeather	ambient/soundscape/animals/birds_forest_single_51.ogg	BASE-DUP-excluded
DarkSigWeather	ambient/soundscape/animals/birds_forest_single_52.ogg	BASE-DUP-excluded
DarkSigWeather	ambient/soundscape/animals/birds_forest_single_53.ogg	BASE-DUP-excluded
DarkSigWeather	ambient/soundscape/animals/birds_forest_single_54.ogg	BASE-DUP-excluded
DarkSigWeather	ambient/soundscape/animals/birds_forest_single_55.ogg	BASE-DUP-excluded
DarkSigWeather	ambient/soundscape/animals/birds_forest_single_56.ogg	BASE-DUP-excluded
DarkSigWeather	ambient/soundscape/animals/birds_forest_single_57.ogg	BASE-DUP-excluded
DarkSigWeather	ambient/soundscape/animals/birds_forest_single_58.ogg	BASE-DUP-excluded
DarkSigWeather	ambient/soundscape/animals/birds_forest_single_59.ogg	BASE-DUP-excluded
DarkSigWeather	ambient/soundscape/animals/birds_forest_single_6.ogg	BASE-DUP-excluded
DarkSigWeather	ambient/soundscape/animals/birds_forest_single_60.ogg	BASE-DUP-excluded
DarkSigWeather	ambient/soundscape/animals/birds_forest_single_61.ogg	BASE-DUP-excluded
DarkSigWeather	ambient/soundscape/animals/birds_forest_single_62.ogg	off-scope-or-dup
DarkSigWeather	ambient/soundscape/animals/birds_forest_single_63.ogg	off-scope-or-dup
DarkSigWeather	ambient/soundscape/animals/birds_forest_single_7.ogg	BASE-DUP-excluded
DarkSigWeather	ambient/soundscape/animals/birds_forest_single_8.ogg	BASE-DUP-excluded
DarkSigWeather	ambient/soundscape/animals/birds_forest_single_9.ogg	BASE-DUP-excluded
DarkSigWeather	ambient/soundscape/animals/birds_meadow_single_1.ogg	BASE-DUP-excluded
DarkSigWeather	ambient/soundscape/animals/birds_meadow_single_10.ogg	BASE-DUP-excluded
DarkSigWeather	ambient/soundscape/animals/birds_meadow_single_11.ogg	BASE-DUP-excluded
DarkSigWeather	ambient/soundscape/animals/birds_meadow_single_12.ogg	BASE-DUP-excluded
DarkSigWeather	ambient/soundscape/animals/birds_meadow_single_13.ogg	BASE-DUP-excluded
DarkSigWeather	ambient/soundscape/animals/birds_meadow_single_14.ogg	BASE-DUP-excluded
DarkSigWeather	ambient/soundscape/animals/birds_meadow_single_15.ogg	BASE-DUP-excluded
DarkSigWeather	ambient/soundscape/animals/birds_meadow_single_16.ogg	BASE-DUP-excluded
DarkSigWeather	ambient/soundscape/animals/birds_meadow_single_17.ogg	BASE-DUP-excluded
DarkSigWeather	ambient/soundscape/animals/birds_meadow_single_18.ogg	BASE-DUP-excluded
DarkSigWeather	ambient/soundscape/animals/birds_meadow_single_19.ogg	BASE-DUP-excluded
DarkSigWeather	ambient/soundscape/animals/birds_meadow_single_2.ogg	BASE-DUP-excluded
DarkSigWeather	ambient/soundscape/animals/birds_meadow_single_20.ogg	BASE-DUP-excluded
DarkSigWeather	ambient/soundscape/animals/birds_meadow_single_21.ogg	off-scope-or-dup
DarkSigWeather	ambient/soundscape/animals/birds_meadow_single_22.ogg	BASE-DUP-excluded
DarkSigWeather	ambient/soundscape/animals/birds_meadow_single_23.ogg	BASE-DUP-excluded
DarkSigWeather	ambient/soundscape/animals/birds_meadow_single_24.ogg	BASE-DUP-excluded
DarkSigWeather	ambient/soundscape/animals/birds_meadow_single_25.ogg	BASE-DUP-excluded
DarkSigWeather	ambient/soundscape/animals/birds_meadow_single_26.ogg	BASE-DUP-excluded
DarkSigWeather	ambient/soundscape/animals/birds_meadow_single_27.ogg	BASE-DUP-excluded
DarkSigWeather	ambient/soundscape/animals/birds_meadow_single_28.ogg	BASE-DUP-excluded
DarkSigWeather	ambient/soundscape/animals/birds_meadow_single_29.ogg	BASE-DUP-excluded
DarkSigWeather	ambient/soundscape/animals/birds_meadow_single_3.ogg	BASE-DUP-excluded
DarkSigWeather	ambient/soundscape/animals/birds_meadow_single_30.ogg	BASE-DUP-excluded
DarkSigWeather	ambient/soundscape/animals/birds_meadow_single_31.ogg	BASE-DUP-excluded
DarkSigWeather	ambient/soundscape/animals/birds_meadow_single_32.ogg	BASE-DUP-excluded
DarkSigWeather	ambient/soundscape/animals/birds_meadow_single_33.ogg	BASE-DUP-excluded
DarkSigWeather	ambient/soundscape/animals/birds_meadow_single_34.ogg	BASE-DUP-excluded
DarkSigWeather	ambient/soundscape/animals/birds_meadow_single_35.ogg	BASE-DUP-excluded
DarkSigWeather	ambient/soundscape/animals/birds_meadow_single_36.ogg	BASE-DUP-excluded
DarkSigWeather	ambient/soundscape/animals/birds_meadow_single_37.ogg	BASE-DUP-excluded
DarkSigWeather	ambient/soundscape/animals/birds_meadow_single_38.ogg	BASE-DUP-excluded
DarkSigWeather	ambient/soundscape/animals/birds_meadow_single_39.ogg	BASE-DUP-excluded
DarkSigWeather	ambient/soundscape/animals/birds_meadow_single_4.ogg	BASE-DUP-excluded
DarkSigWeather	ambient/soundscape/animals/birds_meadow_single_40.ogg	BASE-DUP-excluded
DarkSigWeather	ambient/soundscape/animals/birds_meadow_single_41.ogg	BASE-DUP-excluded
DarkSigWeather	ambient/soundscape/animals/birds_meadow_single_42.ogg	BASE-DUP-excluded
DarkSigWeather	ambient/soundscape/animals/birds_meadow_single_43.ogg	BASE-DUP-excluded
DarkSigWeather	ambient/soundscape/animals/birds_meadow_single_44.ogg	BASE-DUP-excluded
DarkSigWeather	ambient/soundscape/animals/birds_meadow_single_45.ogg	BASE-DUP-excluded
DarkSigWeather	ambient/soundscape/animals/birds_meadow_single_46.ogg	BASE-DUP-excluded
DarkSigWeather	ambient/soundscape/animals/birds_meadow_single_47.ogg	BASE-DUP-excluded
DarkSigWeather	ambient/soundscape/animals/birds_meadow_single_48.ogg	BASE-DUP-excluded
DarkSigWeather	ambient/soundscape/animals/birds_meadow_single_49.ogg	BASE-DUP-excluded
DarkSigWeather	ambient/soundscape/animals/birds_meadow_single_5.ogg	BASE-DUP-excluded
DarkSigWeather	ambient/soundscape/animals/birds_meadow_single_50.ogg	BASE-DUP-excluded
DarkSigWeather	ambient/soundscape/animals/birds_meadow_single_51.ogg	BASE-DUP-excluded
DarkSigWeather	ambient/soundscape/animals/birds_meadow_single_52.ogg	BASE-DUP-excluded
DarkSigWeather	ambient/soundscape/animals/birds_meadow_single_53.ogg	BASE-DUP-excluded
DarkSigWeather	ambient/soundscape/animals/birds_meadow_single_54.ogg	BASE-DUP-excluded
DarkSigWeather	ambient/soundscape/animals/birds_meadow_single_55.ogg	BASE-DUP-excluded
DarkSigWeather	ambient/soundscape/animals/birds_meadow_single_56.ogg	BASE-DUP-excluded
DarkSigWeather	ambient/soundscape/animals/birds_meadow_single_57.ogg	BASE-DUP-excluded
DarkSigWeather	ambient/soundscape/animals/birds_meadow_single_58.ogg	BASE-DUP-excluded
DarkSigWeather	ambient/soundscape/animals/birds_meadow_single_59.ogg	BASE-DUP-excluded
DarkSigWeather	ambient/soundscape/animals/birds_meadow_single_6.ogg	BASE-DUP-excluded
DarkSigWeather	ambient/soundscape/animals/birds_meadow_single_60.ogg	BASE-DUP-excluded
DarkSigWeather	ambient/soundscape/animals/birds_meadow_single_61.ogg	BASE-DUP-excluded
DarkSigWeather	ambient/soundscape/animals/birds_meadow_single_62.ogg	off-scope-or-dup
DarkSigWeather	ambient/soundscape/animals/birds_meadow_single_63.ogg	off-scope-or-dup
DarkSigWeather	ambient/soundscape/animals/birds_meadow_single_64.ogg	off-scope-or-dup
DarkSigWeather	ambient/soundscape/animals/birds_meadow_single_65.ogg	off-scope-or-dup
DarkSigWeather	ambient/soundscape/animals/birds_meadow_single_66.ogg	off-scope-or-dup
DarkSigWeather	ambient/soundscape/animals/birds_meadow_single_67.ogg	off-scope-or-dup
DarkSigWeather	ambient/soundscape/animals/birds_meadow_single_68.ogg	off-scope-or-dup
DarkSigWeather	ambient/soundscape/animals/birds_meadow_single_69.ogg	off-scope-or-dup
DarkSigWeather	ambient/soundscape/animals/birds_meadow_single_7.ogg	BASE-DUP-excluded
DarkSigWeather	ambient/soundscape/animals/birds_meadow_single_8.ogg	BASE-DUP-excluded
DarkSigWeather	ambient/soundscape/animals/birds_meadow_single_9.ogg	BASE-DUP-excluded
DarkSigWeather	ambient/soundscape/animals/birds_single_night_1.ogg	BASE-DUP-excluded
DarkSigWeather	ambient/soundscape/animals/birds_single_night_10.ogg	BASE-DUP-excluded
DarkSigWeather	ambient/soundscape/animals/birds_single_night_11.ogg	BASE-DUP-excluded
DarkSigWeather	ambient/soundscape/animals/birds_single_night_12.ogg	BASE-DUP-excluded
DarkSigWeather	ambient/soundscape/animals/birds_single_night_13.ogg	BASE-DUP-excluded
DarkSigWeather	ambient/soundscape/animals/birds_single_night_14.ogg	BASE-DUP-excluded
DarkSigWeather	ambient/soundscape/animals/birds_single_night_15.ogg	BASE-DUP-excluded
DarkSigWeather	ambient/soundscape/animals/birds_single_night_16.ogg	BASE-DUP-excluded
DarkSigWeather	ambient/soundscape/animals/birds_single_night_17.ogg	BASE-DUP-excluded
DarkSigWeather	ambient/soundscape/animals/birds_single_night_18.ogg	BASE-DUP-excluded
DarkSigWeather	ambient/soundscape/animals/birds_single_night_19.ogg	BASE-DUP-excluded
DarkSigWeather	ambient/soundscape/animals/birds_single_night_2.ogg	BASE-DUP-excluded
DarkSigWeather	ambient/soundscape/animals/birds_single_night_20.ogg	BASE-DUP-excluded
DarkSigWeather	ambient/soundscape/animals/birds_single_night_21.ogg	off-scope-or-dup
DarkSigWeather	ambient/soundscape/animals/birds_single_night_22.ogg	BASE-DUP-excluded
DarkSigWeather	ambient/soundscape/animals/birds_single_night_23.ogg	BASE-DUP-excluded
DarkSigWeather	ambient/soundscape/animals/birds_single_night_24.ogg	BASE-DUP-excluded
DarkSigWeather	ambient/soundscape/animals/birds_single_night_25.ogg	BASE-DUP-excluded
DarkSigWeather	ambient/soundscape/animals/birds_single_night_26.ogg	BASE-DUP-excluded
DarkSigWeather	ambient/soundscape/animals/birds_single_night_3.ogg	BASE-DUP-excluded
DarkSigWeather	ambient/soundscape/animals/birds_single_night_4.ogg	BASE-DUP-excluded
DarkSigWeather	ambient/soundscape/animals/birds_single_night_5.ogg	BASE-DUP-excluded
DarkSigWeather	ambient/soundscape/animals/birds_single_night_6.ogg	BASE-DUP-excluded
DarkSigWeather	ambient/soundscape/animals/birds_single_night_7.ogg	BASE-DUP-excluded
DarkSigWeather	ambient/soundscape/animals/birds_single_night_8.ogg	BASE-DUP-excluded
DarkSigWeather	ambient/soundscape/animals/birds_single_night_9.ogg	BASE-DUP-excluded
DarkSigWeather	ambient/soundscape/animals/birdsfear1.ogg	off-scope-or-dup
DarkSigWeather	ambient/soundscape/animals/birdsfear2.ogg	off-scope-or-dup
DarkSigWeather	ambient/soundscape/animals/birdsfear3.ogg	off-scope-or-dup
DarkSigWeather	ambient/soundscape/animals/crickets_1.ogg	BASE-DUP-excluded
DarkSigWeather	ambient/soundscape/animals/crickets_10.ogg	BASE-DUP-excluded
DarkSigWeather	ambient/soundscape/animals/crickets_11.ogg	BASE-DUP-excluded
DarkSigWeather	ambient/soundscape/animals/crickets_2.ogg	BASE-DUP-excluded
DarkSigWeather	ambient/soundscape/animals/crickets_3.ogg	BASE-DUP-excluded
DarkSigWeather	ambient/soundscape/animals/crickets_4.ogg	BASE-DUP-excluded
DarkSigWeather	ambient/soundscape/animals/crickets_5.ogg	BASE-DUP-excluded
DarkSigWeather	ambient/soundscape/animals/crickets_6.ogg	BASE-DUP-excluded
DarkSigWeather	ambient/soundscape/animals/crickets_7.ogg	BASE-DUP-excluded
DarkSigWeather	ambient/soundscape/animals/crickets_8.ogg	BASE-DUP-excluded
DarkSigWeather	ambient/soundscape/animals/crickets_9.ogg	BASE-DUP-excluded
DarkSigWeather	ambient/soundscape/animals/crickets_night_1.ogg	BASE-DUP-excluded
DarkSigWeather	ambient/soundscape/animals/crickets_night_2.ogg	BASE-DUP-excluded
DarkSigWeather	ambient/soundscape/animals/crickets_night_3.ogg	BASE-DUP-excluded
DarkSigWeather	ambient/soundscape/animals/crickets_night_4.ogg	BASE-DUP-excluded
DarkSigWeather	ambient/soundscape/animals/crickets_night_5.ogg	BASE-DUP-excluded
DarkSigWeather	ambient/soundscape/animals/crickets_night_6.ogg	BASE-DUP-excluded
DarkSigWeather	ambient/soundscape/background/Field/field_day.ogg	BASE-DUP-excluded
DarkSigWeather	ambient/soundscape/background/Field/field_evening.ogg	BASE-DUP-excluded
DarkSigWeather	ambient/soundscape/background/Field/field_morning.ogg	BASE-DUP-excluded
DarkSigWeather	ambient/soundscape/background/Field/field_night.ogg	BASE-DUP-excluded
DarkSigWeather	ambient/soundscape/background/Field/field_wind_high.ogg	BASE-DUP-excluded
DarkSigWeather	ambient/soundscape/background/Field/field_wind_low.ogg	BASE-DUP-excluded
DarkSigWeather	ambient/soundscape/background/Field/field_wind_med.ogg	BASE-DUP-excluded
DarkSigWeather	ambient/soundscape/background/field_day.ogg	off-scope-or-dup
DarkSigWeather	ambient/soundscape/background/field_evening.ogg	off-scope-or-dup
DarkSigWeather	ambient/soundscape/background/field_morning.ogg	BASE-DUP-excluded
DarkSigWeather	ambient/soundscape/background/field_night.ogg	BASE-DUP-excluded
DarkSigWeather	ambient/soundscape/background/Forest/forest_day.ogg	BASE-DUP-excluded
DarkSigWeather	ambient/soundscape/background/Forest/forest_evening.ogg	BASE-DUP-excluded
DarkSigWeather	ambient/soundscape/background/Forest/forest_morning.ogg	BASE-DUP-excluded
DarkSigWeather	ambient/soundscape/background/Forest/forest_night.ogg	BASE-DUP-excluded
DarkSigWeather	ambient/soundscape/background/Forest/forest_wind.ogg	BASE-DUP-excluded
DarkSigWeather	ambient/soundscape/background/forest_1.ogg	BASE-DUP-excluded
DarkSigWeather	ambient/soundscape/background/forest_day.ogg	off-scope-or-dup
DarkSigWeather	ambient/soundscape/background/forest_evening.ogg	BASE-DUP-excluded
DarkSigWeather	ambient/soundscape/background/forest_morning.ogg	BASE-DUP-excluded
DarkSigWeather	ambient/soundscape/background/forest_night.ogg	BASE-DUP-excluded
DarkSigWeather	ambient/soundscape/background/houses_1.ogg	BASE-DUP-excluded
DarkSigWeather	ambient/soundscape/background/houses_day.ogg	off-scope-or-dup
DarkSigWeather	ambient/soundscape/background/houses_evening.ogg	BASE-DUP-excluded
DarkSigWeather	ambient/soundscape/background/houses_morning.ogg	BASE-DUP-excluded
DarkSigWeather	ambient/soundscape/background/houses_night.ogg	BASE-DUP-excluded
DarkSigWeather	ambient/soundscape/background/meadow_day.ogg	off-scope-or-dup
DarkSigWeather	ambient/soundscape/background/meadow_evening.ogg	BASE-DUP-excluded
DarkSigWeather	ambient/soundscape/background/meadow_morning.ogg	BASE-DUP-excluded
DarkSigWeather	ambient/soundscape/background/meadow_night.ogg	BASE-DUP-excluded
DarkSigWeather	ambient/soundscape/background/North/open_day.ogg	BASE-DUP-excluded
DarkSigWeather	ambient/soundscape/background/North/open_night.ogg	BASE-DUP-excluded
DarkSigWeather	ambient/soundscape/background/Swamp/meadow_day.ogg	BASE-DUP-excluded
DarkSigWeather	ambient/soundscape/background/Swamp/meadow_evening.ogg	BASE-DUP-excluded
DarkSigWeather	ambient/soundscape/background/Swamp/meadow_morning.ogg	BASE-DUP-excluded
DarkSigWeather	ambient/soundscape/background/Swamp/meadow_night.ogg	BASE-DUP-excluded
DarkSigWeather	ambient/soundscape/background/Underground/underground_2.ogg	INTRA-DUP-excluded
DarkSigWeather	ambient/soundscape/background/Underground/underground_3.ogg	HELD-loop-surplus
DarkSigWeather	ambient/soundscape/background/Underground/underground_4.ogg	INTRA-DUP-excluded
DarkSigWeather	ambient/soundscape/background/underground_2.ogg	BASE-DUP-excluded
DarkSigWeather	ambient/soundscape/background/underground_3.ogg	BASE-DUP-excluded
DarkSigWeather	ambient/soundscape/background/underground_4.ogg	BASE-DUP-excluded
DarkSigWeather	ambient/soundscape/background/Urban/houses_day.ogg	off-scope-or-dup
DarkSigWeather	ambient/soundscape/background/Urban/houses_evening.ogg	BASE-DUP-excluded
DarkSigWeather	ambient/soundscape/background/Urban/houses_low.ogg	BASE-DUP-excluded
DarkSigWeather	ambient/soundscape/background/Urban/houses_morning.ogg	BASE-DUP-excluded
DarkSigWeather	ambient/soundscape/background/Urban/houses_night.ogg	BASE-DUP-excluded
DarkSigWeather	ambient/soundscape/background/Urban/houses_wind_high.ogg	BASE-DUP-excluded
DarkSigWeather	ambient/soundscape/background/Urban/houses_wind_low.ogg	BASE-DUP-excluded
DarkSigWeather	ambient/soundscape/background/Urban/houses_wind_med.ogg	BASE-DUP-excluded
DarkSigWeather	ambient/soundscape/background/Urban/houses_wind_storm.ogg	BASE-DUP-excluded
DarkSigWeather	ambient/soundscape/forest/sfx_1.ogg	off-scope-or-dup
DarkSigWeather	ambient/soundscape/forest/sfx_10.ogg	off-scope-or-dup
DarkSigWeather	ambient/soundscape/forest/sfx_11.ogg	off-scope-or-dup
DarkSigWeather	ambient/soundscape/forest/sfx_2.ogg	off-scope-or-dup
DarkSigWeather	ambient/soundscape/forest/sfx_3.ogg	off-scope-or-dup
DarkSigWeather	ambient/soundscape/forest/sfx_4.ogg	off-scope-or-dup
DarkSigWeather	ambient/soundscape/forest/sfx_5.ogg	off-scope-or-dup
DarkSigWeather	ambient/soundscape/forest/sfx_6.ogg	off-scope-or-dup
DarkSigWeather	ambient/soundscape/forest/sfx_7.ogg	off-scope-or-dup
DarkSigWeather	ambient/soundscape/forest/sfx_8.ogg	off-scope-or-dup
DarkSigWeather	ambient/soundscape/forest/sfx_9.ogg	off-scope-or-dup
DarkSigWeather	ambient/soundscape/forest_night/sfx_1.ogg	off-scope-or-dup
DarkSigWeather	ambient/soundscape/forest_night/sfx_2.ogg	off-scope-or-dup
DarkSigWeather	ambient/soundscape/forest_night/sfx_3.ogg	off-scope-or-dup
DarkSigWeather	ambient/soundscape/forest_night/sfx_4.ogg	off-scope-or-dup
DarkSigWeather	ambient/soundscape/forest_night/sfx_5.ogg	off-scope-or-dup
DarkSigWeather	ambient/soundscape/forest_night/sfx_6.ogg	off-scope-or-dup
DarkSigWeather	ambient/soundscape/insects/insectday_1.ogg	BASE-DUP-excluded
DarkSigWeather	ambient/soundscape/insects/insectday_10.ogg	BASE-DUP-excluded
DarkSigWeather	ambient/soundscape/insects/insectday_11.ogg	BASE-DUP-excluded
DarkSigWeather	ambient/soundscape/insects/insectday_12.ogg	BASE-DUP-excluded
DarkSigWeather	ambient/soundscape/insects/insectday_13.ogg	BASE-DUP-excluded
DarkSigWeather	ambient/soundscape/insects/insectday_14.ogg	BASE-DUP-excluded
DarkSigWeather	ambient/soundscape/insects/insectday_15.ogg	BASE-DUP-excluded
DarkSigWeather	ambient/soundscape/insects/insectday_16.ogg	BASE-DUP-excluded
DarkSigWeather	ambient/soundscape/insects/insectday_17.ogg	BASE-DUP-excluded
DarkSigWeather	ambient/soundscape/insects/insectday_18.ogg	BASE-DUP-excluded
DarkSigWeather	ambient/soundscape/insects/insectday_19.ogg	BASE-DUP-excluded
DarkSigWeather	ambient/soundscape/insects/insectday_2.ogg	BASE-DUP-excluded
DarkSigWeather	ambient/soundscape/insects/insectday_20.ogg	BASE-DUP-excluded
DarkSigWeather	ambient/soundscape/insects/insectday_21.ogg	BASE-DUP-excluded
DarkSigWeather	ambient/soundscape/insects/insectday_22.ogg	BASE-DUP-excluded
DarkSigWeather	ambient/soundscape/insects/insectday_3.ogg	BASE-DUP-excluded
DarkSigWeather	ambient/soundscape/insects/insectday_4.ogg	BASE-DUP-excluded
DarkSigWeather	ambient/soundscape/insects/insectday_5.ogg	BASE-DUP-excluded
DarkSigWeather	ambient/soundscape/insects/insectday_6.ogg	BASE-DUP-excluded
DarkSigWeather	ambient/soundscape/insects/insectday_7.ogg	BASE-DUP-excluded
DarkSigWeather	ambient/soundscape/insects/insectday_8.ogg	BASE-DUP-excluded
DarkSigWeather	ambient/soundscape/insects/insectday_9.ogg	BASE-DUP-excluded
DarkSigWeather	ambient/soundscape/insects/insectnight_1.ogg	BASE-DUP-excluded
DarkSigWeather	ambient/soundscape/insects/insectnight_10.ogg	BASE-DUP-excluded
DarkSigWeather	ambient/soundscape/insects/insectnight_11.ogg	BASE-DUP-excluded
DarkSigWeather	ambient/soundscape/insects/insectnight_12.ogg	BASE-DUP-excluded
DarkSigWeather	ambient/soundscape/insects/insectnight_13.ogg	BASE-DUP-excluded
DarkSigWeather	ambient/soundscape/insects/insectnight_14.ogg	BASE-DUP-excluded
DarkSigWeather	ambient/soundscape/insects/insectnight_15.ogg	BASE-DUP-excluded
DarkSigWeather	ambient/soundscape/insects/insectnight_16.ogg	BASE-DUP-excluded
DarkSigWeather	ambient/soundscape/insects/insectnight_17.ogg	BASE-DUP-excluded
DarkSigWeather	ambient/soundscape/insects/insectnight_2.ogg	BASE-DUP-excluded
DarkSigWeather	ambient/soundscape/insects/insectnight_3.ogg	BASE-DUP-excluded
DarkSigWeather	ambient/soundscape/insects/insectnight_4.ogg	BASE-DUP-excluded
DarkSigWeather	ambient/soundscape/insects/insectnight_5.ogg	BASE-DUP-excluded
DarkSigWeather	ambient/soundscape/insects/insectnight_6.ogg	BASE-DUP-excluded
DarkSigWeather	ambient/soundscape/insects/insectnight_7.ogg	BASE-DUP-excluded
DarkSigWeather	ambient/soundscape/insects/insectnight_8.ogg	BASE-DUP-excluded
DarkSigWeather	ambient/soundscape/insects/insectnight_9.ogg	BASE-DUP-excluded
DarkSigWeather	ambient/soundscape/mutants/bloodsucker/distant_1.ogg	USED-shipped
DarkSigWeather	ambient/soundscape/mutants/bloodsucker/distant_2.ogg	USED-shipped
DarkSigWeather	ambient/soundscape/mutants/bloodsucker/distant_3.ogg	USED-shipped
DarkSigWeather	ambient/soundscape/mutants/boar/distant_1.ogg	USED-shipped
DarkSigWeather	ambient/soundscape/mutants/boar/distant_2.ogg	USED-shipped
DarkSigWeather	ambient/soundscape/mutants/boar/distant_3.ogg	USED-shipped
DarkSigWeather	ambient/soundscape/mutants/boar/distant_4.ogg	USED-shipped
DarkSigWeather	ambient/soundscape/mutants/boar/distant_5.ogg	USED-shipped
DarkSigWeather	ambient/soundscape/mutants/burer/distant_1.ogg	USED-shipped
DarkSigWeather	ambient/soundscape/mutants/burer/distant_2.ogg	USED-shipped
DarkSigWeather	ambient/soundscape/mutants/burer/distant_3.ogg	USED-shipped
DarkSigWeather	ambient/soundscape/mutants/burer/distant_4.ogg	USED-shipped
DarkSigWeather	ambient/soundscape/mutants/burer/distant_5.ogg	USED-shipped
DarkSigWeather	ambient/soundscape/mutants/burer/distant_6.ogg	USED-shipped
DarkSigWeather	ambient/soundscape/mutants/burer/distant_7.ogg	USED-shipped
DarkSigWeather	ambient/soundscape/mutants/cat/distant_1.ogg	USED-shipped
DarkSigWeather	ambient/soundscape/mutants/cat/distant_2.ogg	USED-shipped
DarkSigWeather	ambient/soundscape/mutants/cat/distant_3.ogg	USED-shipped
DarkSigWeather	ambient/soundscape/mutants/chimera/distant_1.ogg	USED-shipped
DarkSigWeather	ambient/soundscape/mutants/controller/distant_1.ogg	INTRA-DUP-excluded
DarkSigWeather	ambient/soundscape/mutants/controller/distant_2.ogg	USED-shipped
DarkSigWeather	ambient/soundscape/mutants/controller/distant_3.ogg	INTRA-DUP-excluded
DarkSigWeather	ambient/soundscape/mutants/controller/distant_4.ogg	INTRA-DUP-excluded
DarkSigWeather	ambient/soundscape/mutants/controller/distant_5.ogg	USED-shipped
DarkSigWeather	ambient/soundscape/mutants/controller/distant_6.ogg	USED-shipped
DarkSigWeather	ambient/soundscape/mutants/controller/distant_7.ogg	USED-shipped
DarkSigWeather	ambient/soundscape/mutants/dog/distant_1.ogg	USED-shipped
DarkSigWeather	ambient/soundscape/mutants/dog/distant_2.ogg	USED-shipped
DarkSigWeather	ambient/soundscape/mutants/dog/distant_3.ogg	USED-shipped
DarkSigWeather	ambient/soundscape/mutants/dog/distant_4.ogg	USED-shipped
DarkSigWeather	ambient/soundscape/mutants/dog/distant_5.ogg	USED-shipped
DarkSigWeather	ambient/soundscape/mutants/dog/distant_6.ogg	USED-shipped
DarkSigWeather	ambient/soundscape/mutants/dog/distant_7.ogg	USED-shipped
DarkSigWeather	ambient/soundscape/mutants/dog/distant_8.ogg	USED-shipped
DarkSigWeather	ambient/soundscape/mutants/flesh/distant_1.ogg	USED-shipped
DarkSigWeather	ambient/soundscape/mutants/flesh/distant_2.ogg	USED-shipped
DarkSigWeather	ambient/soundscape/mutants/flesh/distant_3.ogg	USED-shipped
DarkSigWeather	ambient/soundscape/mutants/flesh/distant_4.ogg	USED-shipped
DarkSigWeather	ambient/soundscape/mutants/flesh/distant_5.ogg	USED-shipped
DarkSigWeather	ambient/soundscape/mutants/giant/distant_1.ogg	USED-shipped
DarkSigWeather	ambient/soundscape/mutants/giant/distant_2.ogg	USED-shipped
DarkSigWeather	ambient/soundscape/mutants/lurker/distant_1.ogg	USED-shipped
DarkSigWeather	ambient/soundscape/mutants/lurker/distant_2.ogg	USED-shipped
DarkSigWeather	ambient/soundscape/mutants/snork/distant_1.ogg	BASE-DUP-excluded
DarkSigWeather	ambient/soundscape/mutants/snork/distant_2.ogg	USED-shipped
DarkSigWeather	ambient/soundscape/mutants/snork/distant_3.ogg	BASE-DUP-excluded
DarkSigWeather	ambient/soundscape/mutants/snork/distant_4.ogg	USED-shipped
DarkSigWeather	ambient/soundscape/mutants/wolf/distant_1.ogg	USED-shipped
DarkSigWeather	ambient/soundscape/mutants/wolf/distant_2.ogg	USED-shipped
DarkSigWeather	ambient/soundscape/mutants/wolf/distant_3.ogg	USED-shipped
DarkSigWeather	ambient/soundscape/mutants/wolf/distant_4.ogg	USED-shipped
DarkSigWeather	ambient/soundscape/mutants/wolf/distant_5.ogg	USED-shipped
DarkSigWeather	ambient/soundscape/mutants/wolf/distant_6.ogg	USED-shipped
DarkSigWeather	ambient/soundscape/mutants/wolf/distant_7.ogg	USED-shipped
DarkSigWeather	ambient/soundscape/mutants/wolf/distant_8.ogg	USED-shipped
DarkSigWeather	ambient/soundscape/mutants/zombie/distant_1.ogg	INTRA-DUP-excluded
DarkSigWeather	ambient/soundscape/mutants/zombie/distant_2.ogg	USED-shipped
DarkSigWeather	ambient/soundscape/mutants/zombie/distant_3.ogg	INTRA-DUP-excluded
DarkSigWeather	ambient/soundscape/swamp/sfx_1.ogg	off-scope-or-dup
DarkSigWeather	ambient/soundscape/swamp/sfx_10.ogg	off-scope-or-dup
DarkSigWeather	ambient/soundscape/swamp/sfx_11.ogg	off-scope-or-dup
DarkSigWeather	ambient/soundscape/swamp/sfx_2.ogg	off-scope-or-dup
DarkSigWeather	ambient/soundscape/swamp/sfx_3.ogg	off-scope-or-dup
DarkSigWeather	ambient/soundscape/swamp/sfx_4.ogg	off-scope-or-dup
DarkSigWeather	ambient/soundscape/swamp/sfx_5.ogg	off-scope-or-dup
DarkSigWeather	ambient/soundscape/swamp/sfx_6.ogg	off-scope-or-dup
DarkSigWeather	ambient/soundscape/swamp/sfx_7.ogg	off-scope-or-dup
DarkSigWeather	ambient/soundscape/swamp/sfx_8.ogg	off-scope-or-dup
DarkSigWeather	ambient/soundscape/swamp/sfx_9.ogg	off-scope-or-dup
DarkSigWeather	ambient/soundscape/swamp_night/sfx_1.ogg	off-scope-or-dup
DarkSigWeather	ambient/soundscape/swamp_night/sfx_10.ogg	off-scope-or-dup
DarkSigWeather	ambient/soundscape/swamp_night/sfx_11.ogg	off-scope-or-dup
DarkSigWeather	ambient/soundscape/swamp_night/sfx_12.ogg	off-scope-or-dup
DarkSigWeather	ambient/soundscape/swamp_night/sfx_13.ogg	off-scope-or-dup
DarkSigWeather	ambient/soundscape/swamp_night/sfx_14.ogg	off-scope-or-dup
DarkSigWeather	ambient/soundscape/swamp_night/sfx_2.ogg	off-scope-or-dup
DarkSigWeather	ambient/soundscape/swamp_night/sfx_3.ogg	off-scope-or-dup
DarkSigWeather	ambient/soundscape/swamp_night/sfx_4.ogg	off-scope-or-dup
DarkSigWeather	ambient/soundscape/swamp_night/sfx_5.ogg	off-scope-or-dup
DarkSigWeather	ambient/soundscape/swamp_night/sfx_6.ogg	off-scope-or-dup
DarkSigWeather	ambient/soundscape/swamp_night/sfx_7.ogg	off-scope-or-dup
DarkSigWeather	ambient/soundscape/swamp_night/sfx_8.ogg	off-scope-or-dup
DarkSigWeather	ambient/soundscape/swamp_night/sfx_9.ogg	off-scope-or-dup
DarkSigWeather	ambient/soundscape/thunder/thunder_1.ogg	USED-shipped
DarkSigWeather	ambient/soundscape/thunder/thunder_10.ogg	USED-shipped
DarkSigWeather	ambient/soundscape/thunder/thunder_11.ogg	USED-effect-unshipped
DarkSigWeather	ambient/soundscape/thunder/thunder_12.ogg	HELD-loop-surplus
DarkSigWeather	ambient/soundscape/thunder/thunder_13.ogg	USED-shipped
DarkSigWeather	ambient/soundscape/thunder/thunder_14.ogg	USED-shipped
DarkSigWeather	ambient/soundscape/thunder/thunder_15.ogg	INTRA-DUP-excluded
DarkSigWeather	ambient/soundscape/thunder/thunder_16.ogg	USED-shipped
DarkSigWeather	ambient/soundscape/thunder/thunder_17.ogg	USED-effect-unshipped
DarkSigWeather	ambient/soundscape/thunder/thunder_18.ogg	INTRA-DUP-excluded
DarkSigWeather	ambient/soundscape/thunder/thunder_19.ogg	HELD-loop-surplus
DarkSigWeather	ambient/soundscape/thunder/thunder_2.ogg	USED-shipped
DarkSigWeather	ambient/soundscape/thunder/thunder_20.ogg	USED-effect-unshipped
DarkSigWeather	ambient/soundscape/thunder/thunder_21.ogg	INTRA-DUP-excluded
DarkSigWeather	ambient/soundscape/thunder/thunder_22.ogg	USED-effect-unshipped
DarkSigWeather	ambient/soundscape/thunder/thunder_23.ogg	HELD-loop-surplus
DarkSigWeather	ambient/soundscape/thunder/thunder_24.ogg	USED-shipped
DarkSigWeather	ambient/soundscape/thunder/thunder_25.ogg	INTRA-DUP-excluded
DarkSigWeather	ambient/soundscape/thunder/thunder_26.ogg	USED-effect-unshipped
DarkSigWeather	ambient/soundscape/thunder/thunder_3.ogg	USED-shipped
DarkSigWeather	ambient/soundscape/thunder/thunder_4.ogg	INTRA-DUP-excluded
DarkSigWeather	ambient/soundscape/thunder/thunder_5.ogg	USED-shipped
DarkSigWeather	ambient/soundscape/thunder/thunder_6.ogg	USED-shipped
DarkSigWeather	ambient/soundscape/thunder/thunder_7.ogg	USED-shipped
DarkSigWeather	ambient/soundscape/thunder/thunder_8.ogg	USED-shipped
DarkSigWeather	ambient/soundscape/thunder/thunder_9.ogg	USED-shipped
DarkSigWeather	ambient/soundscape/thunder/thunderfar_1.ogg	USED-shipped
DarkSigWeather	ambient/soundscape/thunder/thunderfar_10.ogg	USED-shipped
DarkSigWeather	ambient/soundscape/thunder/thunderfar_11.ogg	USED-shipped
DarkSigWeather	ambient/soundscape/thunder/thunderfar_12.ogg	USED-shipped
DarkSigWeather	ambient/soundscape/thunder/thunderfar_13.ogg	USED-shipped
DarkSigWeather	ambient/soundscape/thunder/thunderfar_14.ogg	USED-effect-unshipped
DarkSigWeather	ambient/soundscape/thunder/thunderfar_15.ogg	USED-shipped
DarkSigWeather	ambient/soundscape/thunder/thunderfar_16.ogg	USED-shipped
DarkSigWeather	ambient/soundscape/thunder/thunderfar_17.ogg	HELD-loop-surplus
DarkSigWeather	ambient/soundscape/thunder/thunderfar_18.ogg	HELD-loop-surplus
DarkSigWeather	ambient/soundscape/thunder/thunderfar_19.ogg	USED-shipped
DarkSigWeather	ambient/soundscape/thunder/thunderfar_2.ogg	USED-shipped
DarkSigWeather	ambient/soundscape/thunder/thunderfar_20.ogg	USED-shipped
DarkSigWeather	ambient/soundscape/thunder/thunderfar_21.ogg	USED-shipped
DarkSigWeather	ambient/soundscape/thunder/thunderfar_22.ogg	HELD-loop-surplus
DarkSigWeather	ambient/soundscape/thunder/thunderfar_23.ogg	USED-shipped
DarkSigWeather	ambient/soundscape/thunder/thunderfar_24.ogg	USED-shipped
DarkSigWeather	ambient/soundscape/thunder/thunderfar_25.ogg	HELD-loop-surplus
DarkSigWeather	ambient/soundscape/thunder/thunderfar_26.ogg	HELD-loop-surplus
DarkSigWeather	ambient/soundscape/thunder/thunderfar_3.ogg	USED-effect-unshipped
DarkSigWeather	ambient/soundscape/thunder/thunderfar_4.ogg	HELD-loop-surplus
DarkSigWeather	ambient/soundscape/thunder/thunderfar_5.ogg	USED-shipped
DarkSigWeather	ambient/soundscape/thunder/thunderfar_6.ogg	HELD-loop-surplus
DarkSigWeather	ambient/soundscape/thunder/thunderfar_7.ogg	HELD-loop-surplus
DarkSigWeather	ambient/soundscape/thunder/thunderfar_8.ogg	USED-effect-unshipped
DarkSigWeather	ambient/soundscape/thunder/thunderfar_9.ogg	USED-effect-unshipped
DarkSigWeather	ambient/soundscape/underground/spooks_above/amb_dark/sound_01.ogg	INTRA-DUP-excluded
DarkSigWeather	ambient/soundscape/underground/spooks_above/amb_dark/sound_02.ogg	INTRA-DUP-excluded
DarkSigWeather	ambient/soundscape/underground/spooks_above/amb_dark/sound_03.ogg	INTRA-DUP-excluded
DarkSigWeather	ambient/soundscape/underground/spooks_above/amb_dark/sound_04.ogg	USED-shipped
DarkSigWeather	ambient/soundscape/underground/spooks_above/amb_dark/sound_05.ogg	INTRA-DUP-excluded
DarkSigWeather	ambient/soundscape/underground/spooks_above/amb_dark/sound_06.ogg	INTRA-DUP-excluded
DarkSigWeather	ambient/soundscape/underground/spooks_above/amb_dark/sound_07.ogg	INTRA-DUP-excluded
DarkSigWeather	ambient/soundscape/underground/spooks_above/amb_dark/sound_08.ogg	INTRA-DUP-excluded
DarkSigWeather	ambient/soundscape/underground/spooks_above/amb_dark/sound_09.ogg	INTRA-DUP-excluded
DarkSigWeather	ambient/soundscape/underground/spooks_above/amb_dark/sound_10.ogg	INTRA-DUP-excluded
DarkSigWeather	ambient/soundscape/underground/spooks_above/amb_dark/sound_11.ogg	INTRA-DUP-excluded
DarkSigWeather	ambient/soundscape/underground/spooks_above/amb_dark/sound_12.ogg	INTRA-DUP-excluded
DarkSigWeather	ambient/soundscape/underground/spooks_above/amb_dark/sound_13.ogg	INTRA-DUP-excluded
DarkSigWeather	ambient/soundscape/underground/spooks_above/amb_dark/sound_14.ogg	INTRA-DUP-excluded
DarkSigWeather	ambient/soundscape/underground/spooks_above/amb_dark/sound_15.ogg	INTRA-DUP-excluded
DarkSigWeather	ambient/soundscape/underground/spooks_above/amb_dark/sound_16.ogg	INTRA-DUP-excluded
DarkSigWeather	ambient/soundscape/underground/spooks_above/amb_night/sound_01.ogg	USED-shipped
DarkSigWeather	ambient/soundscape/underground/spooks_above/amb_night/sound_02.ogg	INTRA-DUP-excluded
DarkSigWeather	ambient/soundscape/underground/spooks_above/amb_night/sound_03.ogg	INTRA-DUP-excluded
DarkSigWeather	ambient/soundscape/underground/spooks_above/amb_night/sound_04.ogg	INTRA-DUP-excluded
DarkSigWeather	ambient/soundscape/underground/spooks_above/amb_night/sound_05.ogg	USED-shipped
DarkSigWeather	ambient/soundscape/underground/spooks_above/amb_night/sound_06.ogg	INTRA-DUP-excluded
DarkSigWeather	ambient/soundscape/underground/spooks_above/amb_night/sound_07.ogg	INTRA-DUP-excluded
DarkSigWeather	ambient/soundscape/underground/spooks_above/amb_night/sound_08.ogg	USED-shipped
DarkSigWeather	ambient/soundscape/underground/spooks_above/amb_night/sound_09.ogg	INTRA-DUP-excluded
DarkSigWeather	ambient/soundscape/underground/spooks_above/amb_night/sound_10.ogg	INTRA-DUP-excluded
DarkSigWeather	ambient/soundscape/underground/spooks_above/drone/sound_01.ogg	BASE-DUP-excluded
DarkSigWeather	ambient/soundscape/underground/spooks_above/drone/sound_02.ogg	BASE-DUP-excluded
DarkSigWeather	ambient/soundscape/underground/spooks_above/drone/sound_03.ogg	BASE-DUP-excluded
DarkSigWeather	ambient/soundscape/underground/spooks_above/drone/sound_04.ogg	BASE-DUP-excluded
DarkSigWeather	ambient/soundscape/underground/spooks_above/drone/sound_05.ogg	BASE-DUP-excluded
DarkSigWeather	ambient/soundscape/underground/spooks_above/drone/sound_06.ogg	BASE-DUP-excluded
DarkSigWeather	ambient/soundscape/underground/spooks_above/drone/sound_07.ogg	USED-shipped
DarkSigWeather	ambient/soundscape/underground/spooks_above/drone/sound_08.ogg	BASE-DUP-excluded
DarkSigWeather	ambient/soundscape/underground/spooks_above/drone/sound_09.ogg	BASE-DUP-excluded
DarkSigWeather	ambient/soundscape/underground/spooks_above/drone/sound_10.ogg	BASE-DUP-excluded
DarkSigWeather	ambient/soundscape/underground/spooks_above/drone/sound_11.ogg	BASE-DUP-excluded
DarkSigWeather	ambient/soundscape/underground/spooks_above/mutants/sound_01.ogg	BASE-DUP-excluded
DarkSigWeather	ambient/soundscape/underground/spooks_above/mutants/sound_02.ogg	BASE-DUP-excluded
DarkSigWeather	ambient/soundscape/underground/spooks_above/mutants/sound_03.ogg	BASE-DUP-excluded
DarkSigWeather	ambient/soundscape/underground/spooks_above/mutants/sound_04.ogg	BASE-DUP-excluded
DarkSigWeather	ambient/soundscape/underground/spooks_above/mutants/sound_05.ogg	BASE-DUP-excluded
DarkSigWeather	ambient/soundscape/underground/spooks_above/mutants/sound_06.ogg	BASE-DUP-excluded
DarkSigWeather	ambient/soundscape/underground/spooks_above/mutants/sound_07.ogg	BASE-DUP-excluded
DarkSigWeather	ambient/soundscape/underground/spooks_above/mutants/sound_08.ogg	BASE-DUP-excluded
DarkSigWeather	ambient/soundscape/underground/spooks_above/mutants/sound_09.ogg	BASE-DUP-excluded
DarkSigWeather	ambient/soundscape/underground/spooks_above/mutants/sound_10.ogg	BASE-DUP-excluded
DarkSigWeather	ambient/soundscape/underground/spooks_above/mutants/sound_11.ogg	BASE-DUP-excluded
DarkSigWeather	ambient/soundscape/underground/spooks_above/mutants/sound_12.ogg	BASE-DUP-excluded
DarkSigWeather	ambient/soundscape/underground/spooks_above/mutants/sound_13.ogg	BASE-DUP-excluded
DarkSigWeather	ambient/soundscape/underground/spooks_above/mutants/sound_14.ogg	BASE-DUP-excluded
DarkSigWeather	ambient/soundscape/underground/spooks_above/mutants/sound_15.ogg	BASE-DUP-excluded
DarkSigWeather	ambient/soundscape/underground/spooks_above/mutants/sound_16.ogg	BASE-DUP-excluded
DarkSigWeather	ambient/soundscape/underground/spooks_above/mutants/sound_17.ogg	BASE-DUP-excluded
DarkSigWeather	ambient/soundscape/underground/spooks_above/mutants/sound_18.ogg	BASE-DUP-excluded
DarkSigWeather	ambient/soundscape/underground/spooks_above/mutants/sound_19.ogg	BASE-DUP-excluded
DarkSigWeather	ambient/soundscape/underground/spooks_above/mutants/sound_20.ogg	BASE-DUP-excluded
DarkSigWeather	ambient/soundscape/underground/spooks_above/mutants/sound_21.ogg	BASE-DUP-excluded
DarkSigWeather	ambient/soundscape/underground/spooks_above/mutants/sound_22.ogg	BASE-DUP-excluded
DarkSigWeather	ambient/soundscape/underground/spooks_above/mutants/sound_23.ogg	BASE-DUP-excluded
DarkSigWeather	ambient/soundscape/underground/spooks_above/mutants/sound_24.ogg	BASE-DUP-excluded
DarkSigWeather	ambient/soundscape/underground/spooks_above/mutants/sound_25.ogg	BASE-DUP-excluded
DarkSigWeather	ambient/soundscape/underground/spooks_above/mutants/sound_26.ogg	BASE-DUP-excluded
DarkSigWeather	ambient/soundscape/underground/spooks_above/mutants/sound_27.ogg	BASE-DUP-excluded
DarkSigWeather	ambient/soundscape/underground/spooks_above/mutants/sound_28.ogg	BASE-DUP-excluded
DarkSigWeather	ambient/soundscape/underground/spooks_above/mutants/sound_29.ogg	BASE-DUP-excluded
DarkSigWeather	ambient/soundscape/underground/spooks_above/mutants/sound_30.ogg	BASE-DUP-excluded
DarkSigWeather	ambient/soundscape/underground/spooks_above/mutants/sound_31.ogg	BASE-DUP-excluded
DarkSigWeather	ambient/soundscape/underground/spooks_above/mutants/sound_32.ogg	BASE-DUP-excluded
DarkSigWeather	ambient/soundscape/underground/spooks_above/mutants/sound_33.ogg	BASE-DUP-excluded
DarkSigWeather	ambient/soundscape/underground/spooks_above/mutants/sound_34.ogg	BASE-DUP-excluded
DarkSigWeather	ambient/soundscape/underground/spooks_above/mutants/sound_35.ogg	BASE-DUP-excluded
DarkSigWeather	ambient/soundscape/underground/spooks_above/mutants/sound_36.ogg	BASE-DUP-excluded
DarkSigWeather	ambient/soundscape/underground/spooks_above/mutants/sound_37.ogg	BASE-DUP-excluded
DarkSigWeather	ambient/soundscape/underground/spooks_above/mutants/sound_38.ogg	BASE-DUP-excluded
DarkSigWeather	ambient/soundscape/underground/spooks_above/mutants/sound_39.ogg	BASE-DUP-excluded
DarkSigWeather	ambient/soundscape/underground/spooks_above/mutants/sound_40.ogg	BASE-DUP-excluded
DarkSigWeather	ambient/soundscape/underground/spooks_above/screams/sound_01.ogg	INTRA-DUP-excluded
DarkSigWeather	ambient/soundscape/underground/spooks_above/screams/sound_02.ogg	USED-shipped
DarkSigWeather	ambient/soundscape/underground/spooks_above/screams/sound_03.ogg	INTRA-DUP-excluded
DarkSigWeather	ambient/soundscape/underground/spooks_above/screams/sound_04.ogg	INTRA-DUP-excluded
DarkSigWeather	ambient/soundscape/underground/spooks_above/screams/sound_05.ogg	INTRA-DUP-excluded
DarkSigWeather	ambient/soundscape/underground/spooks_above/screams/sound_06.ogg	INTRA-DUP-excluded
DarkSigWeather	ambient/soundscape/underground/spooks_above/screams/sound_07.ogg	INTRA-DUP-excluded
DarkSigWeather	ambient/soundscape/underground/spooks_above/screams/sound_08.ogg	INTRA-DUP-excluded
DarkSigWeather	ambient/soundscape/underground/spooks_above/screams/sound_09.ogg	INTRA-DUP-excluded
DarkSigWeather	ambient/soundscape/underground/spooks_above/screams/sound_10.ogg	INTRA-DUP-excluded
DarkSigWeather	ambient/soundscape/underground/spooks_above/screams/sound_11.ogg	INTRA-DUP-excluded
DarkSigWeather	ambient/soundscape/underground/spooks_above/screams/sound_12.ogg	INTRA-DUP-excluded
DarkSigWeather	ambient/soundscape/underground/spooks_above/screams/sound_13.ogg	INTRA-DUP-excluded
DarkSigWeather	ambient/soundscape/underground/spooks_above/screams/sound_14.ogg	INTRA-DUP-excluded
DarkSigWeather	ambient/soundscape/underground/spooks_above/screams/sound_15.ogg	INTRA-DUP-excluded
DarkSigWeather	ambient/soundscape/underground/spooks_above/screams/sound_16.ogg	INTRA-DUP-excluded
DarkSigWeather	ambient/soundscape/underground/spooks_above/screams/sound_17.ogg	INTRA-DUP-excluded
DarkSigWeather	ambient/soundscape/underground/spooks_above/screams/sound_18.ogg	INTRA-DUP-excluded
DarkSigWeather	ambient/soundscape/underground/spooks_above/screams/sound_19.ogg	INTRA-DUP-excluded
DarkSigWeather	ambient/soundscape/underground/spooks_above/screams/sound_20.ogg	INTRA-DUP-excluded
DarkSigWeather	ambient/soundscape/underground/spooks_above/screams/sound_21.ogg	INTRA-DUP-excluded
DarkSigWeather	ambient/soundscape/underground/spooks_above/screams/sound_22.ogg	INTRA-DUP-excluded
DarkSigWeather	ambient/soundscape/underground/spooks_above/screams/sound_23.ogg	INTRA-DUP-excluded
DarkSigWeather	ambient/soundscape/underground/spooks_above/screams/sound_24.ogg	INTRA-DUP-excluded
DarkSigWeather	ambient/soundscape/underground/spooks_above/screams/sound_25.ogg	INTRA-DUP-excluded
DarkSigWeather	ambient/soundscape/underground/spooks_above/shooting/sound_01.ogg	BASE-DUP-excluded
DarkSigWeather	ambient/soundscape/underground/spooks_above/shooting/sound_02.ogg	BASE-DUP-excluded
DarkSigWeather	ambient/soundscape/underground/spooks_above/shooting/sound_03.ogg	BASE-DUP-excluded
DarkSigWeather	ambient/soundscape/underground/spooks_above/shooting/sound_04.ogg	INTRA-DUP-excluded
DarkSigWeather	ambient/soundscape/underground/spooks_above/shooting/sound_05.ogg	BASE-DUP-excluded
DarkSigWeather	ambient/soundscape/underground/spooks_above/shooting/sound_06.ogg	BASE-DUP-excluded
DarkSigWeather	ambient/soundscape/underground/spooks_above/shooting/sound_07.ogg	BASE-DUP-excluded
DarkSigWeather	ambient/soundscape/underground/spooks_above/shooting/sound_08.ogg	INTRA-DUP-excluded
DarkSigWeather	ambient/soundscape/underground/spooks_above/shooting/sound_09.ogg	INTRA-DUP-excluded
DarkSigWeather	ambient/soundscape/underground/spooks_above/shooting/sound_10.ogg	BASE-DUP-excluded
DarkSigWeather	ambient/soundscape/underground/spooks_above/shooting/sound_11.ogg	BASE-DUP-excluded
DarkSigWeather	ambient/soundscape/underground/spooks_above/shooting/sound_12.ogg	INTRA-DUP-excluded
DarkSigWeather	ambient/soundscape/underground/spooks_above/shooting/sound_13.ogg	BASE-DUP-excluded
DarkSigWeather	ambient/soundscape/underground/spooks_above/shooting/sound_14.ogg	BASE-DUP-excluded
DarkSigWeather	ambient/soundscape/underground/spooks_above/shooting/sound_15.ogg	BASE-DUP-excluded
DarkSigWeather	ambient/soundscape/underground/spooks_above/shooting/sound_16.ogg	BASE-DUP-excluded
DarkSigWeather	ambient/soundscape/underground/spooks_above/shooting/sound_17.ogg	BASE-DUP-excluded
DarkSigWeather	ambient/soundscape/underground/spooks_above/shooting/sound_18.ogg	BASE-DUP-excluded
DarkSigWeather	ambient/soundscape/underground/spooks_above/shooting/sound_19.ogg	BASE-DUP-excluded
DarkSigWeather	ambient/soundscape/underground/spooks_above/shooting/sound_20.ogg	USED-shipped
DarkSigWeather	ambient/soundscape/underground/spooks_above/shooting/sound_21.ogg	BASE-DUP-excluded
DarkSigWeather	ambient/soundscape/underground/spooks_above/shooting/sound_22.ogg	INTRA-DUP-excluded
DarkSigWeather	ambient/soundscape/underground/spooks_above/shooting/sound_23.ogg	USED-shipped
DarkSigWeather	ambient/soundscape/underground/spooks_above/shooting/sound_24.ogg	BASE-DUP-excluded
DarkSigWeather	ambient/soundscape/underground/spooks_above/shooting/sound_25.ogg	BASE-DUP-excluded
DarkSigWeather	ambient/soundscape/underground/spooks_above/shooting/sound_26.ogg	USED-shipped
DarkSigWeather	ambient/soundscape/underground/spooks_above/shooting/sound_27.ogg	BASE-DUP-excluded
DarkSigWeather	ambient/soundscape/underground/spooks_above/shooting/sound_28.ogg	BASE-DUP-excluded
DarkSigWeather	ambient/soundscape/underground/spooks_above/shooting/sound_29.ogg	USED-shipped
DarkSigWeather	ambient/soundscape/underground/spooks_above/shooting/sound_30.ogg	BASE-DUP-excluded
DarkSigWeather	ambient/soundscape/underground/spooks_above/shooting/sound_31.ogg	USED-shipped
DarkSigWeather	ambient/soundscape/underground/spooks_above/shooting/sound_32.ogg	BASE-DUP-excluded
DarkSigWeather	ambient/soundscape/underground/spooks_above/shooting/sound_33.ogg	USED-shipped
DarkSigWeather	ambient/soundscape/underground/spooks_above/shooting/sound_34.ogg	BASE-DUP-excluded
DarkSigWeather	ambient/soundscape/underground/spooks_above/shooting/sound_35.ogg	BASE-DUP-excluded
DarkSigWeather	ambient/soundscape/underground/spooks_above/shooting/sound_36.ogg	BASE-DUP-excluded
DarkSigWeather	ambient/soundscape/underground/spooks_above/shooting/sound_37.ogg	BASE-DUP-excluded
DarkSigWeather	ambient/soundscape/underground/spooks_above/spooks/sound_01.ogg	USED-shipped
DarkSigWeather	ambient/soundscape/underground/spooks_above/spooks/sound_02.ogg	USED-shipped
DarkSigWeather	ambient/soundscape/underground/spooks_above/spooks/sound_03.ogg	USED-shipped
DarkSigWeather	ambient/soundscape/underground/spooks_above/spooks/sound_04.ogg	USED-shipped
DarkSigWeather	ambient/soundscape/underground/spooks_above/spooks/sound_05.ogg	USED-shipped
DarkSigWeather	ambient/soundscape/underground/spooks_above/spooks/sound_06.ogg	USED-shipped
DarkSigWeather	ambient/soundscape/underground/spooks_above/spooks/sound_07.ogg	USED-shipped
DarkSigWeather	ambient/soundscape/underground/spooks_above/spooks/sound_08.ogg	USED-shipped
DarkSigWeather	ambient/soundscape/underground/spooks_above/spooks/sound_09.ogg	USED-shipped
DarkSigWeather	ambient/soundscape/underground/spooks_above/spooks/sound_10.ogg	USED-shipped
DarkSigWeather	ambient/soundscape/underground/spooks_above/spooks/sound_11.ogg	USED-shipped
DarkSigWeather	ambient/soundscape/underground/spooks_above/spooks/sound_12.ogg	USED-shipped
DarkSigWeather	ambient/soundscape/underground/spooks_above/spooks/sound_13.ogg	USED-shipped
DarkSigWeather	ambient/soundscape/underground/spooks_above/spooks/sound_14.ogg	USED-shipped
DarkSigWeather	ambient/soundscape/underground/spooks_above/spooks/sound_15.ogg	USED-shipped
DarkSigWeather	ambient/soundscape/underground/spooks_above/spooks/sound_16.ogg	USED-shipped
DarkSigWeather	ambient/soundscape/underground/spooks_above/spooks/sound_17.ogg	USED-shipped
DarkSigWeather	ambient/soundscape/underground/spooks_above/spooks/sound_18.ogg	USED-shipped
DarkSigWeather	ambient/soundscape/underground/spooks_above/spooks/sound_19.ogg	USED-shipped
DarkSigWeather	ambient/soundscape/underground/spooks_above/spooks/sound_20.ogg	USED-shipped
DarkSigWeather	ambient/soundscape/underground/spooks_above/spooks/sound_21.ogg	USED-shipped
DarkSigWeather	ambient/soundscape/underground/spooks_above/spooks/sound_22.ogg	USED-shipped
DarkSigWeather	ambient/soundscape/underground/spooks_above/spooks/sound_23.ogg	BASE-DUP-excluded
DarkSigWeather	ambient/soundscape/underground/spooks_above/spooks/sound_24.ogg	BASE-DUP-excluded
DarkSigWeather	ambient/soundscape/underground/spooks_above/spooks/sound_25.ogg	USED-shipped
DarkSigWeather	ambient/soundscape/underground/spooks_above/spooks/sound_26.ogg	USED-shipped
DarkSigWeather	ambient/soundscape/underground/spooks_above/spooks/sound_27.ogg	USED-shipped
DarkSigWeather	ambient/soundscape/underground/spooks_above/spooks/sound_28.ogg	BASE-DUP-excluded
DarkSigWeather	ambient/soundscape/underground/spooks_above/spooks/sound_29.ogg	BASE-DUP-excluded
DarkSigWeather	ambient/soundscape/underground/spooks_above/spooks/sound_30.ogg	BASE-DUP-excluded
DarkSigWeather	ambient/soundscape/underground/spooks_above/spooks/sound_31.ogg	BASE-DUP-excluded
DarkSigWeather	ambient/soundscape/underground/spooks_above/spooks/sound_32.ogg	USED-shipped
DarkSigWeather	ambient/soundscape/underground/spooks_above/spooks/sound_33.ogg	BASE-DUP-excluded
DarkSigWeather	ambient/soundscape/underground/spooks_above/spooks/sound_34.ogg	BASE-DUP-excluded
DarkSigWeather	ambient/soundscape/underground/spooks_above/spooks/sound_35.ogg	USED-shipped
DarkSigWeather	ambient/soundscape/underground/spooks_above/spooks/sound_36.ogg	USED-shipped
DarkSigWeather	ambient/soundscape/underground/spooks_above/spooks/sound_37.ogg	BASE-DUP-excluded
DarkSigWeather	ambient/soundscape/underground/spooks_above/spooks/~sound_21.ogg	USED-shipped
DarkSigWeather	ambient/soundscape/underground/spooks_below/ambient/sound_01.ogg	BASE-DUP-excluded
DarkSigWeather	ambient/soundscape/underground/spooks_below/ambient/sound_02.ogg	BASE-DUP-excluded
DarkSigWeather	ambient/soundscape/underground/spooks_below/ambient/sound_03.ogg	BASE-DUP-excluded
DarkSigWeather	ambient/soundscape/underground/spooks_below/ambient/sound_04.ogg	BASE-DUP-excluded
DarkSigWeather	ambient/soundscape/underground/spooks_below/ambient/sound_05.ogg	BASE-DUP-excluded
DarkSigWeather	ambient/soundscape/underground/spooks_below/ambient/sound_06.ogg	BASE-DUP-excluded
DarkSigWeather	ambient/soundscape/underground/spooks_below/ambient/sound_07.ogg	BASE-DUP-excluded
DarkSigWeather	ambient/soundscape/underground/spooks_below/ambient/sound_08.ogg	BASE-DUP-excluded
DarkSigWeather	ambient/soundscape/underground/spooks_below/ambient/sound_09.ogg	BASE-DUP-excluded
DarkSigWeather	ambient/soundscape/underground/spooks_below/ambient/sound_10.ogg	BASE-DUP-excluded
DarkSigWeather	ambient/soundscape/underground/spooks_below/ambient/sound_11.ogg	BASE-DUP-excluded
DarkSigWeather	ambient/soundscape/underground/spooks_below/ambient/sound_12.ogg	BASE-DUP-excluded
DarkSigWeather	ambient/soundscape/underground/spooks_below/banging/sound_01.ogg	BASE-DUP-excluded
DarkSigWeather	ambient/soundscape/underground/spooks_below/banging/sound_02.ogg	BASE-DUP-excluded
DarkSigWeather	ambient/soundscape/underground/spooks_below/banging/sound_03.ogg	BASE-DUP-excluded
DarkSigWeather	ambient/soundscape/underground/spooks_below/banging/sound_04.ogg	BASE-DUP-excluded
DarkSigWeather	ambient/soundscape/underground/spooks_below/banging/sound_05.ogg	BASE-DUP-excluded
DarkSigWeather	ambient/soundscape/underground/spooks_below/banging/sound_06.ogg	BASE-DUP-excluded
DarkSigWeather	ambient/soundscape/underground/spooks_below/banging/sound_07.ogg	BASE-DUP-excluded
DarkSigWeather	ambient/soundscape/underground/spooks_below/drone/sound_01.ogg	BASE-DUP-excluded
DarkSigWeather	ambient/soundscape/underground/spooks_below/drone/sound_02.ogg	BASE-DUP-excluded
DarkSigWeather	ambient/soundscape/underground/spooks_below/drone/sound_03.ogg	BASE-DUP-excluded
DarkSigWeather	ambient/soundscape/underground/spooks_below/drone/sound_04.ogg	BASE-DUP-excluded
DarkSigWeather	ambient/soundscape/underground/spooks_below/drone/sound_05.ogg	BASE-DUP-excluded
DarkSigWeather	ambient/soundscape/underground/spooks_below/drone/sound_06.ogg	BASE-DUP-excluded
DarkSigWeather	ambient/soundscape/underground/spooks_below/drone/sound_07.ogg	USED-shipped
DarkSigWeather	ambient/soundscape/underground/spooks_below/drone/sound_08.ogg	BASE-DUP-excluded
DarkSigWeather	ambient/soundscape/underground/spooks_below/drone/sound_09.ogg	BASE-DUP-excluded
DarkSigWeather	ambient/soundscape/underground/spooks_below/drone/sound_10.ogg	BASE-DUP-excluded
DarkSigWeather	ambient/soundscape/underground/spooks_below/drone/sound_11.ogg	BASE-DUP-excluded
DarkSigWeather	ambient/soundscape/underground/spooks_below/lab/sound_01.ogg	BASE-DUP-excluded
DarkSigWeather	ambient/soundscape/underground/spooks_below/lab/sound_02.ogg	BASE-DUP-excluded
DarkSigWeather	ambient/soundscape/underground/spooks_below/lab/sound_03.ogg	BASE-DUP-excluded
DarkSigWeather	ambient/soundscape/underground/spooks_below/lab/sound_04.ogg	BASE-DUP-excluded
DarkSigWeather	ambient/soundscape/underground/spooks_below/lab/sound_05.ogg	BASE-DUP-excluded
DarkSigWeather	ambient/soundscape/underground/spooks_below/lab/sound_06.ogg	BASE-DUP-excluded
DarkSigWeather	ambient/soundscape/underground/spooks_below/machine/sound_01.ogg	BASE-DUP-excluded
DarkSigWeather	ambient/soundscape/underground/spooks_below/machine/sound_02.ogg	BASE-DUP-excluded
DarkSigWeather	ambient/soundscape/underground/spooks_below/machine/sound_03.ogg	BASE-DUP-excluded
DarkSigWeather	ambient/soundscape/underground/spooks_below/machine/sound_04.ogg	BASE-DUP-excluded
DarkSigWeather	ambient/soundscape/underground/spooks_below/machine/sound_05.ogg	BASE-DUP-excluded
DarkSigWeather	ambient/soundscape/underground/spooks_below/machine/sound_06.ogg	BASE-DUP-excluded
DarkSigWeather	ambient/soundscape/underground/spooks_below/machine/sound_07.ogg	BASE-DUP-excluded
DarkSigWeather	ambient/soundscape/underground/spooks_below/machine/sound_08.ogg	BASE-DUP-excluded
DarkSigWeather	ambient/soundscape/underground/spooks_below/machine/sound_09.ogg	BASE-DUP-excluded
DarkSigWeather	ambient/soundscape/underground/spooks_below/machine/sound_10.ogg	BASE-DUP-excluded
DarkSigWeather	ambient/soundscape/underground/spooks_below/machine/sound_11.ogg	BASE-DUP-excluded
DarkSigWeather	ambient/soundscape/underground/spooks_below/machine/sound_12.ogg	BASE-DUP-excluded
DarkSigWeather	ambient/soundscape/underground/spooks_below/metal/sound_01.ogg	BASE-DUP-excluded
DarkSigWeather	ambient/soundscape/underground/spooks_below/metal/sound_02.ogg	BASE-DUP-excluded
DarkSigWeather	ambient/soundscape/underground/spooks_below/metal/sound_03.ogg	BASE-DUP-excluded
DarkSigWeather	ambient/soundscape/underground/spooks_below/metal/sound_04.ogg	BASE-DUP-excluded
DarkSigWeather	ambient/soundscape/underground/spooks_below/metal/sound_05.ogg	BASE-DUP-excluded
DarkSigWeather	ambient/soundscape/underground/spooks_below/metal/sound_06.ogg	BASE-DUP-excluded
DarkSigWeather	ambient/soundscape/underground/spooks_below/metal/sound_07.ogg	BASE-DUP-excluded
DarkSigWeather	ambient/soundscape/underground/spooks_below/metal/sound_08.ogg	BASE-DUP-excluded
DarkSigWeather	ambient/soundscape/underground/spooks_below/metal/sound_09.ogg	BASE-DUP-excluded
DarkSigWeather	ambient/soundscape/underground/spooks_below/metal/sound_10.ogg	BASE-DUP-excluded
DarkSigWeather	ambient/soundscape/underground/spooks_below/metal/sound_11.ogg	BASE-DUP-excluded
DarkSigWeather	ambient/soundscape/underground/spooks_below/metal/sound_12.ogg	BASE-DUP-excluded
DarkSigWeather	ambient/soundscape/underground/spooks_below/metal/sound_13.ogg	BASE-DUP-excluded
DarkSigWeather	ambient/soundscape/underground/spooks_below/metal/sound_14.ogg	BASE-DUP-excluded
DarkSigWeather	ambient/soundscape/underground/spooks_below/noise/sound_01.ogg	USED-shipped
DarkSigWeather	ambient/soundscape/underground/spooks_below/noise/sound_02.ogg	USED-shipped
DarkSigWeather	ambient/soundscape/underground/spooks_below/noise/sound_03.ogg	USED-shipped
DarkSigWeather	ambient/soundscape/underground/spooks_below/noise/sound_04.ogg	USED-shipped
DarkSigWeather	ambient/soundscape/underground/spooks_below/noise/sound_05.ogg	USED-shipped
DarkSigWeather	ambient/soundscape/underground/spooks_below/noise/sound_06.ogg	USED-shipped
DarkSigWeather	ambient/soundscape/underground/spooks_below/noise/sound_07.ogg	USED-shipped
DarkSigWeather	ambient/soundscape/underground/spooks_below/noise/sound_08.ogg	BASE-DUP-excluded
DarkSigWeather	ambient/soundscape/underground/spooks_below/noise/sound_09.ogg	USED-shipped
DarkSigWeather	ambient/soundscape/underground/spooks_below/noise/sound_10.ogg	BASE-DUP-excluded
DarkSigWeather	ambient/soundscape/underground/spooks_below/noise/sound_11.ogg	HELD-loop-surplus
DarkSigWeather	ambient/soundscape/underground/spooks_below/noise/sound_12.ogg	USED-shipped
DarkSigWeather	ambient/soundscape/underground/spooks_below/noise/sound_13.ogg	USED-shipped
DarkSigWeather	ambient/soundscape/underground/spooks_below/noise/sound_14.ogg	USED-shipped
DarkSigWeather	ambient/soundscape/underground/spooks_below/noise/sound_15.ogg	USED-shipped
DarkSigWeather	ambient/soundscape/underground/spooks_below/noise/sound_16.ogg	USED-shipped
DarkSigWeather	ambient/soundscape/underground/spooks_below/noise/sound_17.ogg	BASE-DUP-excluded
DarkSigWeather	ambient/soundscape/underground/spooks_below/noise/sound_18.ogg	BASE-DUP-excluded
DarkSigWeather	ambient/soundscape/underground/spooks_below/noise/sound_19.ogg	BASE-DUP-excluded
DarkSigWeather	ambient/soundscape/underground/spooks_below/noise/sound_20.ogg	BASE-DUP-excluded
DarkSigWeather	ambient/soundscape/underground/spooks_below/noise/sound_21.ogg	BASE-DUP-excluded
DarkSigWeather	ambient/soundscape/underground/spooks_below/noise/sound_22.ogg	BASE-DUP-excluded
DarkSigWeather	ambient/soundscape/underground/spooks_below/noise/sound_23.ogg	BASE-DUP-excluded
DarkSigWeather	ambient/soundscape/underground/spooks_below/noise/sound_24.ogg	BASE-DUP-excluded
DarkSigWeather	ambient/soundscape/underground/spooks_below/noise/sound_25.ogg	BASE-DUP-excluded
DarkSigWeather	ambient/soundscape/underground/spooks_below/noise/sound_26.ogg	BASE-DUP-excluded
DarkSigWeather	ambient/soundscape/underground/spooks_below/noise/sound_27.ogg	BASE-DUP-excluded
DarkSigWeather	ambient/soundscape/underground/spooks_below/noise/sound_28.ogg	BASE-DUP-excluded
DarkSigWeather	ambient/soundscape/underground/spooks_below/rats/sound_01.ogg	BASE-DUP-excluded
DarkSigWeather	ambient/soundscape/underground/spooks_below/rats/sound_02.ogg	BASE-DUP-excluded
DarkSigWeather	ambient/soundscape/underground/spooks_below/rats/sound_03.ogg	BASE-DUP-excluded
DarkSigWeather	ambient/soundscape/underground/spooks_below/rats/sound_04.ogg	BASE-DUP-excluded
DarkSigWeather	ambient/soundscape/underground/spooks_below/rats/sound_05.ogg	BASE-DUP-excluded
DarkSigWeather	ambient/soundscape/underground/spooks_below/rats/sound_06.ogg	BASE-DUP-excluded
DarkSigWeather	ambient/soundscape/underground/spooks_below/rats/sound_07.ogg	USED-shipped
DarkSigWeather	ambient/soundscape/underground/spooks_below/water_drip/sound_01.ogg	BASE-DUP-excluded
DarkSigWeather	ambient/soundscape/underground/spooks_below/water_drip/sound_02.ogg	BASE-DUP-excluded
DarkSigWeather	ambient/soundscape/underground/spooks_below/water_drip/sound_03.ogg	BASE-DUP-excluded
DarkSigWeather	ambient/soundscape/underground/spooks_below/water_drip/sound_04.ogg	BASE-DUP-excluded
DarkSigWeather	ambient/soundscape/underground/spooks_below/water_drip/sound_05.ogg	BASE-DUP-excluded
DarkSigWeather	ambient/soundscape/underground/spooks_below/water_drip/sound_06.ogg	BASE-DUP-excluded
DarkSigWeather	ambient/soundscape/underground/spooks_below/water_drip/sound_07.ogg	BASE-DUP-excluded
DarkSigWeather	ambient/soundscape/underground/spooks_below/water_drip/sound_08.ogg	BASE-DUP-excluded
DarkSigWeather	ambient/soundscape/underground/spooks_below/water_drip/sound_09.ogg	BASE-DUP-excluded
DarkSigWeather	ambient/soundscape/underground/spooks_below/water_drip/sound_10.ogg	BASE-DUP-excluded
DarkSigWeather	ambient/soundscape/underground/spooks_below/water_drip/sound_11.ogg	BASE-DUP-excluded
DarkSigWeather	ambient/soundscape/underground/under_1.ogg	BASE-DUP-excluded
DarkSigWeather	ambient/soundscape/underground/under_10.ogg	BASE-DUP-excluded
DarkSigWeather	ambient/soundscape/underground/under_11.ogg	BASE-DUP-excluded
DarkSigWeather	ambient/soundscape/underground/under_12.ogg	BASE-DUP-excluded
DarkSigWeather	ambient/soundscape/underground/under_13.ogg	BASE-DUP-excluded
DarkSigWeather	ambient/soundscape/underground/under_14.ogg	BASE-DUP-excluded
DarkSigWeather	ambient/soundscape/underground/under_15.ogg	BASE-DUP-excluded
DarkSigWeather	ambient/soundscape/underground/under_16.ogg	BASE-DUP-excluded
DarkSigWeather	ambient/soundscape/underground/under_17.ogg	BASE-DUP-excluded
DarkSigWeather	ambient/soundscape/underground/under_18.ogg	BASE-DUP-excluded
DarkSigWeather	ambient/soundscape/underground/under_19.ogg	BASE-DUP-excluded
DarkSigWeather	ambient/soundscape/underground/under_2.ogg	BASE-DUP-excluded
DarkSigWeather	ambient/soundscape/underground/under_20.ogg	BASE-DUP-excluded
DarkSigWeather	ambient/soundscape/underground/under_21.ogg	USED-effect-unshipped
DarkSigWeather	ambient/soundscape/underground/under_22.ogg	BASE-DUP-excluded
DarkSigWeather	ambient/soundscape/underground/under_23.ogg	BASE-DUP-excluded
DarkSigWeather	ambient/soundscape/underground/under_24.ogg	BASE-DUP-excluded
DarkSigWeather	ambient/soundscape/underground/under_25.ogg	BASE-DUP-excluded
DarkSigWeather	ambient/soundscape/underground/under_26.ogg	BASE-DUP-excluded
DarkSigWeather	ambient/soundscape/underground/under_27.ogg	BASE-DUP-excluded
DarkSigWeather	ambient/soundscape/underground/under_28.ogg	BASE-DUP-excluded
DarkSigWeather	ambient/soundscape/underground/under_29.ogg	BASE-DUP-excluded
DarkSigWeather	ambient/soundscape/underground/under_3.ogg	BASE-DUP-excluded
DarkSigWeather	ambient/soundscape/underground/under_30.ogg	BASE-DUP-excluded
DarkSigWeather	ambient/soundscape/underground/under_31.ogg	BASE-DUP-excluded
DarkSigWeather	ambient/soundscape/underground/under_32.ogg	BASE-DUP-excluded
DarkSigWeather	ambient/soundscape/underground/under_4.ogg	BASE-DUP-excluded
DarkSigWeather	ambient/soundscape/underground/under_5.ogg	BASE-DUP-excluded
DarkSigWeather	ambient/soundscape/underground/under_6.ogg	BASE-DUP-excluded
DarkSigWeather	ambient/soundscape/underground/under_7.ogg	BASE-DUP-excluded
DarkSigWeather	ambient/soundscape/underground/under_8.ogg	BASE-DUP-excluded
DarkSigWeather	ambient/soundscape/underground/under_9.ogg	BASE-DUP-excluded
DarkSigWeather	ambient/soundscape/urban/ambienturban_1.ogg	BASE-DUP-excluded
DarkSigWeather	ambient/soundscape/urban/ambienturban_10.ogg	BASE-DUP-excluded
DarkSigWeather	ambient/soundscape/urban/ambienturban_11.ogg	BASE-DUP-excluded
DarkSigWeather	ambient/soundscape/urban/ambienturban_12.ogg	BASE-DUP-excluded
DarkSigWeather	ambient/soundscape/urban/ambienturban_13.ogg	BASE-DUP-excluded
DarkSigWeather	ambient/soundscape/urban/ambienturban_14.ogg	BASE-DUP-excluded
DarkSigWeather	ambient/soundscape/urban/ambienturban_15.ogg	BASE-DUP-excluded
DarkSigWeather	ambient/soundscape/urban/ambienturban_16.ogg	BASE-DUP-excluded
DarkSigWeather	ambient/soundscape/urban/ambienturban_17.ogg	BASE-DUP-excluded
DarkSigWeather	ambient/soundscape/urban/ambienturban_18.ogg	BASE-DUP-excluded
DarkSigWeather	ambient/soundscape/urban/ambienturban_19.ogg	BASE-DUP-excluded
DarkSigWeather	ambient/soundscape/urban/ambienturban_2.ogg	BASE-DUP-excluded
DarkSigWeather	ambient/soundscape/urban/ambienturban_20.ogg	BASE-DUP-excluded
DarkSigWeather	ambient/soundscape/urban/ambienturban_21.ogg	BASE-DUP-excluded
DarkSigWeather	ambient/soundscape/urban/ambienturban_22.ogg	BASE-DUP-excluded
DarkSigWeather	ambient/soundscape/urban/ambienturban_23.ogg	BASE-DUP-excluded
DarkSigWeather	ambient/soundscape/urban/ambienturban_24.ogg	BASE-DUP-excluded
DarkSigWeather	ambient/soundscape/urban/ambienturban_25.ogg	BASE-DUP-excluded
DarkSigWeather	ambient/soundscape/urban/ambienturban_26.ogg	BASE-DUP-excluded
DarkSigWeather	ambient/soundscape/urban/ambienturban_27.ogg	BASE-DUP-excluded
DarkSigWeather	ambient/soundscape/urban/ambienturban_3.ogg	BASE-DUP-excluded
DarkSigWeather	ambient/soundscape/urban/ambienturban_4.ogg	BASE-DUP-excluded
DarkSigWeather	ambient/soundscape/urban/ambienturban_5.ogg	BASE-DUP-excluded
DarkSigWeather	ambient/soundscape/urban/ambienturban_6.ogg	BASE-DUP-excluded
DarkSigWeather	ambient/soundscape/urban/ambienturban_7.ogg	BASE-DUP-excluded
DarkSigWeather	ambient/soundscape/urban/ambienturban_8.ogg	BASE-DUP-excluded
DarkSigWeather	ambient/soundscape/urban/ambienturban_9.ogg	BASE-DUP-excluded
DarkSigWeather	ambient/soundscape/wind/housewind01.ogg	BASE-DUP-excluded
DarkSigWeather	ambient/soundscape/wind/housewind02.ogg	BASE-DUP-excluded
DarkSigWeather	ambient/soundscape/wind/housewind03.ogg	BASE-DUP-excluded
DarkSigWeather	ambient/soundscape/wind/housewind04.ogg	BASE-DUP-excluded
DarkSigWeather	ambient/soundscape/wind/housewind05.ogg	BASE-DUP-excluded
DarkSigWeather	ambient/soundscape/wind/housewind06.ogg	BASE-DUP-excluded
DarkSigWeather	ambient/soundscape/wind/housewind07.ogg	BASE-DUP-excluded
DarkSigWeather	ambient/soundscape/wind/housewind08.ogg	BASE-DUP-excluded
DarkSigWeather	ambient/soundscape/wind/housewind09.ogg	BASE-DUP-excluded
DarkSigWeather	ambient/soundscape/wind/housewind10.ogg	BASE-DUP-excluded
DarkSigWeather	ambient/soundscape/wind/housewind11.ogg	BASE-DUP-excluded
DarkSigWeather	ambient/soundscape/wind/housewind12.ogg	BASE-DUP-excluded
DarkSigWeather	ambient/soundscape/wind/housewind13.ogg	BASE-DUP-excluded
DarkSigWeather	ambient/soundscape/wind/housewind14.ogg	BASE-DUP-excluded
DarkSigWeather	ambient/soundscape/wind/housewind15.ogg	BASE-DUP-excluded
DarkSigWeather	ambient/soundscape/wind/housewind16.ogg	off-scope-or-dup
DarkSigWeather	ambient/soundscape/wind/windbush_1.ogg	off-scope-or-dup
DarkSigWeather	ambient/soundscape/wind/windbush_2.ogg	off-scope-or-dup
DarkSigWeather	ambient/soundscape/wind/windbush_3.ogg	off-scope-or-dup
DarkSigWeather	ambient/soundscape/wind/windbush_4.ogg	off-scope-or-dup
DarkSigWeather	ambient/soundscape/wind/windbush_5.ogg	off-scope-or-dup
DarkSigWeather	ambient/soundscape/wind/windtree_1.ogg	off-scope-or-dup
DarkSigWeather	ambient/soundscape/wind/windtree_10.ogg	off-scope-or-dup
DarkSigWeather	ambient/soundscape/wind/windtree_11.ogg	off-scope-or-dup
DarkSigWeather	ambient/soundscape/wind/windtree_12.ogg	off-scope-or-dup
DarkSigWeather	ambient/soundscape/wind/windtree_2.ogg	off-scope-or-dup
DarkSigWeather	ambient/soundscape/wind/windtree_3.ogg	off-scope-or-dup
DarkSigWeather	ambient/soundscape/wind/windtree_4.ogg	off-scope-or-dup
DarkSigWeather	ambient/soundscape/wind/windtree_5.ogg	off-scope-or-dup
DarkSigWeather	ambient/soundscape/wind/windtree_6.ogg	off-scope-or-dup
DarkSigWeather	ambient/soundscape/wind/windtree_7.ogg	off-scope-or-dup
DarkSigWeather	ambient/soundscape/wind/windtree_8.ogg	off-scope-or-dup
DarkSigWeather	ambient/soundscape/wind/windtree_9.ogg	off-scope-or-dup
DarkSigWeather	ambient/soundscape/wind/windtreestorm_1.ogg	BASE-DUP-excluded
DarkSigWeather	ambient/soundscape/wind/windtreestorm_10.ogg	BASE-DUP-excluded
DarkSigWeather	ambient/soundscape/wind/windtreestorm_11.ogg	BASE-DUP-excluded
DarkSigWeather	ambient/soundscape/wind/windtreestorm_12.ogg	BASE-DUP-excluded
DarkSigWeather	ambient/soundscape/wind/windtreestorm_2.ogg	BASE-DUP-excluded
DarkSigWeather	ambient/soundscape/wind/windtreestorm_3.ogg	BASE-DUP-excluded
DarkSigWeather	ambient/soundscape/wind/windtreestorm_4.ogg	BASE-DUP-excluded
DarkSigWeather	ambient/soundscape/wind/windtreestorm_5.ogg	BASE-DUP-excluded
DarkSigWeather	ambient/soundscape/wind/windtreestorm_6.ogg	BASE-DUP-excluded
DarkSigWeather	ambient/soundscape/wind/windtreestorm_7.ogg	BASE-DUP-excluded
DarkSigWeather	ambient/soundscape/wind/windtreestorm_8.ogg	BASE-DUP-excluded
DarkSigWeather	ambient/soundscape/wind/windtreestorm_9.ogg	BASE-DUP-excluded
DarkSigWeather	ambient/soundscape/wind/windwhistle1.ogg	off-scope-or-dup
DarkSigWeather	ambient/soundscape/wind/windwhistle2.ogg	off-scope-or-dup
DarkSigWeather	ambient/soundscape/wind/windwhistle3.ogg	off-scope-or-dup
DarkSigWeather	ambient/soundscape/wind/windwhistle4.ogg	off-scope-or-dup
DarkSigWeather	ambient/soundscape/wind/windwhistle5.ogg	off-scope-or-dup
DarkSigWeather	ambient/soundscape/wind/windwhistle6.ogg	off-scope-or-dup
DarkSigWeather	ambient/soundscape/wind/windwhistle7.ogg	off-scope-or-dup
DarkSigWeather	ambient/special/esc_generator.ogg	off-scope-or-dup
DarkSigWeather	ambient/special/light_humming.ogg	off-scope-or-dup
DarkSigWeather	ambient/special/marsh_generator.ogg	BASE-DUP-excluded
DarkSigWeather	ambient/suck1.ogg	BASE-DUP-excluded
DarkSigWeather	ambient/trx/background/forest_day.ogg	BASE-DUP-excluded
DarkSigWeather	ambient/trx/background/forest_evening.ogg	BASE-DUP-excluded
DarkSigWeather	ambient/trx/background/forest_morning.ogg	BASE-DUP-excluded
DarkSigWeather	ambient/trx/background/forest_night.ogg	BASE-DUP-excluded
DarkSigWeather	ambient/trx/background/forest_tuman.ogg	BASE-DUP-excluded
DarkSigWeather	ambient/trx/background/underground.ogg	BASE-DUP-excluded
DarkSigWeather	ambient/trx/background/underground_2.ogg	BASE-DUP-excluded
DarkSigWeather	ambient/trx/background/whisper_day.ogg	HELD-loop-surplus
DarkSigWeather	ambient/trx/background/whisper_evening.ogg	HELD-loop-surplus
DarkSigWeather	ambient/trx/background/whisper_morning.ogg	HELD-loop-surplus
DarkSigWeather	ambient/trx/background/whisper_night.ogg	HELD-loop-surplus
DarkSigWeather	ambient/trx/background/whisper_tuman.ogg	HELD-loop-surplus
DarkSigWeather	ambient/trx/background/winds.ogg	BASE-DUP-excluded
DarkSigWeather	ambient/trx/nature/wind_dark/sound_01.ogg	BASE-DUP-excluded
DarkSigWeather	ambient/trx/nature/wind_dark/sound_02.ogg	BASE-DUP-excluded
DarkSigWeather	ambient/trx/nature/wind_dark/sound_03.ogg	BASE-DUP-excluded
DarkSigWeather	ambient/trx/nature/wind_dark/sound_04.ogg	BASE-DUP-excluded
DarkSigWeather	ambient/trx/nature/wind_dark/sound_05.ogg	BASE-DUP-excluded
DarkSigWeather	ambient/trx/nature/wind_dark/sound_06.ogg	BASE-DUP-excluded
DarkSigWeather	ambient/trx/nature/wind_forest/sound_01.ogg	BASE-DUP-excluded
DarkSigWeather	ambient/trx/nature/wind_forest/sound_02.ogg	BASE-DUP-excluded
DarkSigWeather	ambient/trx/nature/wind_forest/sound_03.ogg	BASE-DUP-excluded
DarkSigWeather	ambient/trx/nature/wind_forest/sound_04.ogg	BASE-DUP-excluded
DarkSigWeather	ambient/trx/nature/wind_forest/sound_05.ogg	BASE-DUP-excluded
DarkSigWeather	ambient/trx/nature/wind_gust/rnd_wind_1.ogg	BASE-DUP-excluded
DarkSigWeather	ambient/trx/nature/wind_gust/rnd_wind_2.ogg	BASE-DUP-excluded
DarkSigWeather	ambient/trx/nature/wind_gust/rnd_wind_2_restored.ogg	BASE-DUP-excluded
DarkSigWeather	ambient/trx/nature/wind_gust/rnd_wind_3.ogg	BASE-DUP-excluded
DarkSigWeather	ambient/trx/nature/wind_gust/rnd_wind_3_restored.ogg	BASE-DUP-excluded
DarkSigWeather	ambient/trx/nature/wind_gust/wind_gust_01.ogg	BASE-DUP-excluded
DarkSigWeather	ambient/trx/nature/wind_gust/wind_gust_02.ogg	BASE-DUP-excluded
DarkSigWeather	ambient/trx/nature/wind_gust/wind_gust_03.ogg	BASE-DUP-excluded
DarkSigWeather	ambient/trx/nature/wind_gust/wind_gust_04.ogg	BASE-DUP-excluded
DarkSigWeather	ambient/trx/nature/wind_gust/wind_gust_05.ogg	BASE-DUP-excluded
DarkSigWeather	ambient/trx/nature/wind_gust/wind_gust_06.ogg	BASE-DUP-excluded
DarkSigWeather	ambient/trx/nature/wind_heavy/sound_01.ogg	BASE-DUP-excluded
DarkSigWeather	ambient/trx/nature/wind_heavy/sound_02.ogg	BASE-DUP-excluded
DarkSigWeather	ambient/trx/nature/wind_heavy/sound_03.ogg	BASE-DUP-excluded
DarkSigWeather	ambient/trx/nature/wind_heavy/sound_04.ogg	BASE-DUP-excluded
DarkSigWeather	ambient/trx/nature/wind_normal/sound_01.ogg	BASE-DUP-excluded
DarkSigWeather	ambient/trx/nature/wind_normal/sound_02.ogg	BASE-DUP-excluded
DarkSigWeather	ambient/trx/nature/wind_normal/sound_03.ogg	BASE-DUP-excluded
DarkSigWeather	ambient/trx/nature/wind_normal/sound_04.ogg	BASE-DUP-excluded
DarkSigWeather	ambient/trx/nature/wind_normal/sound_05.ogg	BASE-DUP-excluded
DarkSigWeather	ambient/trx/nature/wind_normal/sound_06.ogg	BASE-DUP-excluded
DarkSigWeather	ambient/trx/nature/wind_normal/sound_07.ogg	BASE-DUP-excluded
DarkSigWeather	ambient/trx/nature/wind_normal/sound_08.ogg	BASE-DUP-excluded
DarkSigWeather	ambient/trx/nature/wind_normal/sound_09.ogg	BASE-DUP-excluded
DarkSigWeather	ambient/trx/nature/wind_normal/sound_10.ogg	BASE-DUP-excluded
DarkSigWeather	ambient/trx/nature/wind_normal/sound_11.ogg	BASE-DUP-excluded
DarkSigWeather	ambient/trx/nature/wind_normal/sound_12.ogg	BASE-DUP-excluded
DarkSigWeather	ambient/trx/nature/wind_normal/sound_13.ogg	BASE-DUP-excluded
DarkSigWeather	ambient/trx/nature/wind_normal/sound_14.ogg	BASE-DUP-excluded
DarkSigWeather	ambient/trx/nature/wind_normal/sound_15.ogg	BASE-DUP-excluded
DarkSigWeather	ambient/trx/nature/wind_normal/sound_16.ogg	BASE-DUP-excluded
DarkSigWeather	ambient/trx/nature/wind_tuman/sound_01.ogg	BASE-DUP-excluded
DarkSigWeather	ambient/trx/nature/wind_tuman/sound_02.ogg	BASE-DUP-excluded
DarkSigWeather	ambient/trx/nature/wind_tuman/sound_03.ogg	BASE-DUP-excluded
DarkSigWeather	ambient/trx/nature/wind_tuman/sound_04.ogg	BASE-DUP-excluded
DarkSigWeather	ambient/trx/nature/wind_tuman/sound_05.ogg	BASE-DUP-excluded
DarkSigWeather	ambient/trx/nature/wind_tuman/sound_06.ogg	BASE-DUP-excluded
DarkSigWeather	ambient/trx/nature/wind_tuman/sound_07.ogg	BASE-DUP-excluded
DarkSigWeather	ambient/trx/nature/wind_tuman/sound_08.ogg	BASE-DUP-excluded
DarkSigWeather	ambient/trx/nature/wind_tuman/sound_09.ogg	BASE-DUP-excluded
DarkSigWeather	ambient/trx/nature/wind_tuman/sound_10.ogg	BASE-DUP-excluded
DarkSigWeather	ambient/trx/nature/wind_tuman/sound_11.ogg	BASE-DUP-excluded
DarkSigWeather	ambient/trx/nature/wind_tuman/sound_12.ogg	BASE-DUP-excluded
DarkSigWeather	ambient/trx/nature/wind_tuman/sound_13.ogg	BASE-DUP-excluded
DarkSigWeather	ambient/trx/nature/wind_tuman/sound_14.ogg	BASE-DUP-excluded
DarkSigWeather	ambient/trx/spooks_above/amb_dark/sound_01.ogg	BASE-DUP-excluded
DarkSigWeather	ambient/trx/spooks_above/amb_dark/sound_02.ogg	BASE-DUP-excluded
DarkSigWeather	ambient/trx/spooks_above/amb_dark/sound_03.ogg	BASE-DUP-excluded
DarkSigWeather	ambient/trx/spooks_above/amb_dark/sound_04.ogg	BASE-DUP-excluded
DarkSigWeather	ambient/trx/spooks_above/amb_dark/sound_05.ogg	BASE-DUP-excluded
DarkSigWeather	ambient/trx/spooks_above/amb_dark/sound_06.ogg	BASE-DUP-excluded
DarkSigWeather	ambient/trx/spooks_above/amb_dark/sound_07.ogg	BASE-DUP-excluded
DarkSigWeather	ambient/trx/spooks_above/amb_dark/sound_08.ogg	BASE-DUP-excluded
DarkSigWeather	ambient/trx/spooks_above/amb_dark/sound_09.ogg	BASE-DUP-excluded
DarkSigWeather	ambient/trx/spooks_above/amb_dark/sound_10.ogg	BASE-DUP-excluded
DarkSigWeather	ambient/trx/spooks_above/amb_dark/sound_11.ogg	BASE-DUP-excluded
DarkSigWeather	ambient/trx/spooks_above/amb_dark/sound_12.ogg	BASE-DUP-excluded
DarkSigWeather	ambient/trx/spooks_above/amb_dark/sound_13.ogg	BASE-DUP-excluded
DarkSigWeather	ambient/trx/spooks_above/amb_dark/sound_14.ogg	BASE-DUP-excluded
DarkSigWeather	ambient/trx/spooks_above/amb_dark/sound_15.ogg	BASE-DUP-excluded
DarkSigWeather	ambient/trx/spooks_above/amb_dark/sound_16.ogg	BASE-DUP-excluded
DarkSigWeather	ambient/trx/spooks_above/amb_night/sound_01.ogg	USED-shipped
DarkSigWeather	ambient/trx/spooks_above/amb_night/sound_02.ogg	BASE-DUP-excluded
DarkSigWeather	ambient/trx/spooks_above/amb_night/sound_03.ogg	BASE-DUP-excluded
DarkSigWeather	ambient/trx/spooks_above/amb_night/sound_04.ogg	BASE-DUP-excluded
DarkSigWeather	ambient/trx/spooks_above/amb_night/sound_05.ogg	USED-shipped
DarkSigWeather	ambient/trx/spooks_above/amb_night/sound_06.ogg	BASE-DUP-excluded
DarkSigWeather	ambient/trx/spooks_above/amb_night/sound_07.ogg	BASE-DUP-excluded
DarkSigWeather	ambient/trx/spooks_above/amb_night/sound_08.ogg	USED-shipped
DarkSigWeather	ambient/trx/spooks_above/amb_night/sound_09.ogg	BASE-DUP-excluded
DarkSigWeather	ambient/trx/spooks_above/amb_night/sound_10.ogg	BASE-DUP-excluded
DarkSigWeather	ambient/trx/spooks_above/drone/sound_01.ogg	BASE-DUP-excluded
DarkSigWeather	ambient/trx/spooks_above/drone/sound_02.ogg	BASE-DUP-excluded
DarkSigWeather	ambient/trx/spooks_above/drone/sound_03.ogg	BASE-DUP-excluded
DarkSigWeather	ambient/trx/spooks_above/drone/sound_04.ogg	BASE-DUP-excluded
DarkSigWeather	ambient/trx/spooks_above/drone/sound_05.ogg	BASE-DUP-excluded
DarkSigWeather	ambient/trx/spooks_above/drone/sound_06.ogg	BASE-DUP-excluded
DarkSigWeather	ambient/trx/spooks_above/drone/sound_07.ogg	USED-shipped
DarkSigWeather	ambient/trx/spooks_above/drone/sound_08.ogg	BASE-DUP-excluded
DarkSigWeather	ambient/trx/spooks_above/drone/sound_09.ogg	BASE-DUP-excluded
DarkSigWeather	ambient/trx/spooks_above/drone/sound_10.ogg	BASE-DUP-excluded
DarkSigWeather	ambient/trx/spooks_above/drone/sound_11.ogg	BASE-DUP-excluded
DarkSigWeather	ambient/trx/spooks_above/mutants/sound_01.ogg	BASE-DUP-excluded
DarkSigWeather	ambient/trx/spooks_above/mutants/sound_02.ogg	BASE-DUP-excluded
DarkSigWeather	ambient/trx/spooks_above/mutants/sound_03.ogg	BASE-DUP-excluded
DarkSigWeather	ambient/trx/spooks_above/mutants/sound_04.ogg	BASE-DUP-excluded
DarkSigWeather	ambient/trx/spooks_above/mutants/sound_05.ogg	BASE-DUP-excluded
DarkSigWeather	ambient/trx/spooks_above/mutants/sound_06.ogg	BASE-DUP-excluded
DarkSigWeather	ambient/trx/spooks_above/mutants/sound_07.ogg	BASE-DUP-excluded
DarkSigWeather	ambient/trx/spooks_above/mutants/sound_08.ogg	BASE-DUP-excluded
DarkSigWeather	ambient/trx/spooks_above/mutants/sound_09.ogg	BASE-DUP-excluded
DarkSigWeather	ambient/trx/spooks_above/mutants/sound_10.ogg	BASE-DUP-excluded
DarkSigWeather	ambient/trx/spooks_above/mutants/sound_11.ogg	BASE-DUP-excluded
DarkSigWeather	ambient/trx/spooks_above/mutants/sound_12.ogg	BASE-DUP-excluded
DarkSigWeather	ambient/trx/spooks_above/mutants/sound_13.ogg	BASE-DUP-excluded
DarkSigWeather	ambient/trx/spooks_above/mutants/sound_14.ogg	BASE-DUP-excluded
DarkSigWeather	ambient/trx/spooks_above/mutants/sound_15.ogg	BASE-DUP-excluded
DarkSigWeather	ambient/trx/spooks_above/mutants/sound_16.ogg	BASE-DUP-excluded
DarkSigWeather	ambient/trx/spooks_above/mutants/sound_17.ogg	BASE-DUP-excluded
DarkSigWeather	ambient/trx/spooks_above/mutants/sound_18.ogg	BASE-DUP-excluded
DarkSigWeather	ambient/trx/spooks_above/mutants/sound_19.ogg	BASE-DUP-excluded
DarkSigWeather	ambient/trx/spooks_above/mutants/sound_20.ogg	BASE-DUP-excluded
DarkSigWeather	ambient/trx/spooks_above/mutants/sound_21.ogg	BASE-DUP-excluded
DarkSigWeather	ambient/trx/spooks_above/mutants/sound_22.ogg	BASE-DUP-excluded
DarkSigWeather	ambient/trx/spooks_above/mutants/sound_23.ogg	BASE-DUP-excluded
DarkSigWeather	ambient/trx/spooks_above/mutants/sound_24.ogg	BASE-DUP-excluded
DarkSigWeather	ambient/trx/spooks_above/mutants/sound_25.ogg	BASE-DUP-excluded
DarkSigWeather	ambient/trx/spooks_above/mutants/sound_26.ogg	BASE-DUP-excluded
DarkSigWeather	ambient/trx/spooks_above/mutants/sound_27.ogg	BASE-DUP-excluded
DarkSigWeather	ambient/trx/spooks_above/mutants/sound_28.ogg	BASE-DUP-excluded
DarkSigWeather	ambient/trx/spooks_above/mutants/sound_29.ogg	BASE-DUP-excluded
DarkSigWeather	ambient/trx/spooks_above/mutants/sound_30.ogg	BASE-DUP-excluded
DarkSigWeather	ambient/trx/spooks_above/mutants/sound_31.ogg	BASE-DUP-excluded
DarkSigWeather	ambient/trx/spooks_above/mutants/sound_32.ogg	BASE-DUP-excluded
DarkSigWeather	ambient/trx/spooks_above/mutants/sound_33.ogg	BASE-DUP-excluded
DarkSigWeather	ambient/trx/spooks_above/mutants/sound_34.ogg	BASE-DUP-excluded
DarkSigWeather	ambient/trx/spooks_above/mutants/sound_35.ogg	BASE-DUP-excluded
DarkSigWeather	ambient/trx/spooks_above/mutants/sound_36.ogg	BASE-DUP-excluded
DarkSigWeather	ambient/trx/spooks_above/mutants/sound_37.ogg	BASE-DUP-excluded
DarkSigWeather	ambient/trx/spooks_above/mutants/sound_38.ogg	BASE-DUP-excluded
DarkSigWeather	ambient/trx/spooks_above/mutants/sound_39.ogg	BASE-DUP-excluded
DarkSigWeather	ambient/trx/spooks_above/mutants/sound_40.ogg	BASE-DUP-excluded
DarkSigWeather	ambient/trx/spooks_above/screams/sound_01.ogg	BASE-DUP-excluded
DarkSigWeather	ambient/trx/spooks_above/screams/sound_02.ogg	USED-shipped
DarkSigWeather	ambient/trx/spooks_above/screams/sound_03.ogg	BASE-DUP-excluded
DarkSigWeather	ambient/trx/spooks_above/screams/sound_04.ogg	BASE-DUP-excluded
DarkSigWeather	ambient/trx/spooks_above/screams/sound_05.ogg	BASE-DUP-excluded
DarkSigWeather	ambient/trx/spooks_above/screams/sound_06.ogg	BASE-DUP-excluded
DarkSigWeather	ambient/trx/spooks_above/screams/sound_07.ogg	BASE-DUP-excluded
DarkSigWeather	ambient/trx/spooks_above/screams/sound_08.ogg	BASE-DUP-excluded
DarkSigWeather	ambient/trx/spooks_above/screams/sound_09.ogg	BASE-DUP-excluded
DarkSigWeather	ambient/trx/spooks_above/screams/sound_10.ogg	BASE-DUP-excluded
DarkSigWeather	ambient/trx/spooks_above/screams/sound_11.ogg	BASE-DUP-excluded
DarkSigWeather	ambient/trx/spooks_above/screams/sound_12.ogg	BASE-DUP-excluded
DarkSigWeather	ambient/trx/spooks_above/screams/sound_13.ogg	BASE-DUP-excluded
DarkSigWeather	ambient/trx/spooks_above/screams/sound_14.ogg	BASE-DUP-excluded
DarkSigWeather	ambient/trx/spooks_above/screams/sound_15.ogg	BASE-DUP-excluded
DarkSigWeather	ambient/trx/spooks_above/screams/sound_16.ogg	BASE-DUP-excluded
DarkSigWeather	ambient/trx/spooks_above/screams/sound_17.ogg	BASE-DUP-excluded
DarkSigWeather	ambient/trx/spooks_above/screams/sound_18.ogg	BASE-DUP-excluded
DarkSigWeather	ambient/trx/spooks_above/screams/sound_19.ogg	BASE-DUP-excluded
DarkSigWeather	ambient/trx/spooks_above/screams/sound_20.ogg	BASE-DUP-excluded
DarkSigWeather	ambient/trx/spooks_above/screams/sound_21.ogg	BASE-DUP-excluded
DarkSigWeather	ambient/trx/spooks_above/screams/sound_22.ogg	BASE-DUP-excluded
DarkSigWeather	ambient/trx/spooks_above/screams/sound_23.ogg	BASE-DUP-excluded
DarkSigWeather	ambient/trx/spooks_above/screams/sound_24.ogg	BASE-DUP-excluded
DarkSigWeather	ambient/trx/spooks_above/screams/sound_25.ogg	BASE-DUP-excluded
DarkSigWeather	ambient/trx/spooks_above/shooting/sound_01.ogg	BASE-DUP-excluded
DarkSigWeather	ambient/trx/spooks_above/shooting/sound_02.ogg	BASE-DUP-excluded
DarkSigWeather	ambient/trx/spooks_above/shooting/sound_03.ogg	BASE-DUP-excluded
DarkSigWeather	ambient/trx/spooks_above/shooting/sound_04.ogg	INTRA-DUP-excluded
DarkSigWeather	ambient/trx/spooks_above/shooting/sound_05.ogg	BASE-DUP-excluded
DarkSigWeather	ambient/trx/spooks_above/shooting/sound_06.ogg	BASE-DUP-excluded
DarkSigWeather	ambient/trx/spooks_above/shooting/sound_07.ogg	BASE-DUP-excluded
DarkSigWeather	ambient/trx/spooks_above/shooting/sound_08.ogg	INTRA-DUP-excluded
DarkSigWeather	ambient/trx/spooks_above/shooting/sound_09.ogg	INTRA-DUP-excluded
DarkSigWeather	ambient/trx/spooks_above/shooting/sound_10.ogg	BASE-DUP-excluded
DarkSigWeather	ambient/trx/spooks_above/shooting/sound_11.ogg	BASE-DUP-excluded
DarkSigWeather	ambient/trx/spooks_above/shooting/sound_12.ogg	INTRA-DUP-excluded
DarkSigWeather	ambient/trx/spooks_above/shooting/sound_13.ogg	BASE-DUP-excluded
DarkSigWeather	ambient/trx/spooks_above/shooting/sound_14.ogg	BASE-DUP-excluded
DarkSigWeather	ambient/trx/spooks_above/shooting/sound_15.ogg	BASE-DUP-excluded
DarkSigWeather	ambient/trx/spooks_above/shooting/sound_16.ogg	BASE-DUP-excluded
DarkSigWeather	ambient/trx/spooks_above/shooting/sound_17.ogg	BASE-DUP-excluded
DarkSigWeather	ambient/trx/spooks_above/shooting/sound_18.ogg	BASE-DUP-excluded
DarkSigWeather	ambient/trx/spooks_above/shooting/sound_19.ogg	BASE-DUP-excluded
DarkSigWeather	ambient/trx/spooks_above/shooting/sound_20.ogg	USED-shipped
DarkSigWeather	ambient/trx/spooks_above/shooting/sound_21.ogg	BASE-DUP-excluded
DarkSigWeather	ambient/trx/spooks_above/shooting/sound_22.ogg	INTRA-DUP-excluded
DarkSigWeather	ambient/trx/spooks_above/shooting/sound_23.ogg	USED-shipped
DarkSigWeather	ambient/trx/spooks_above/shooting/sound_24.ogg	BASE-DUP-excluded
DarkSigWeather	ambient/trx/spooks_above/shooting/sound_25.ogg	BASE-DUP-excluded
DarkSigWeather	ambient/trx/spooks_above/shooting/sound_26.ogg	USED-shipped
DarkSigWeather	ambient/trx/spooks_above/shooting/sound_27.ogg	BASE-DUP-excluded
DarkSigWeather	ambient/trx/spooks_above/shooting/sound_28.ogg	BASE-DUP-excluded
DarkSigWeather	ambient/trx/spooks_above/shooting/sound_29.ogg	USED-shipped
DarkSigWeather	ambient/trx/spooks_above/shooting/sound_30.ogg	BASE-DUP-excluded
DarkSigWeather	ambient/trx/spooks_above/shooting/sound_31.ogg	USED-shipped
DarkSigWeather	ambient/trx/spooks_above/shooting/sound_32.ogg	BASE-DUP-excluded
DarkSigWeather	ambient/trx/spooks_above/shooting/sound_33.ogg	USED-shipped
DarkSigWeather	ambient/trx/spooks_above/shooting/sound_34.ogg	BASE-DUP-excluded
DarkSigWeather	ambient/trx/spooks_above/shooting/sound_35.ogg	BASE-DUP-excluded
DarkSigWeather	ambient/trx/spooks_above/shooting/sound_36.ogg	BASE-DUP-excluded
DarkSigWeather	ambient/trx/spooks_above/shooting/sound_37.ogg	BASE-DUP-excluded
DarkSigWeather	ambient/trx/spooks_above/spooks/sound_01.ogg	BASE-DUP-excluded
DarkSigWeather	ambient/trx/spooks_above/spooks/sound_02.ogg	USED-shipped
DarkSigWeather	ambient/trx/spooks_above/spooks/sound_03.ogg	USED-shipped
DarkSigWeather	ambient/trx/spooks_above/spooks/sound_04.ogg	USED-shipped
DarkSigWeather	ambient/trx/spooks_above/spooks/sound_05.ogg	BASE-DUP-excluded
DarkSigWeather	ambient/trx/spooks_above/spooks/sound_06.ogg	BASE-DUP-excluded
DarkSigWeather	ambient/trx/spooks_above/spooks/sound_07.ogg	BASE-DUP-excluded
DarkSigWeather	ambient/trx/spooks_above/spooks/sound_08.ogg	BASE-DUP-excluded
DarkSigWeather	ambient/trx/spooks_above/spooks/sound_09.ogg	USED-shipped
DarkSigWeather	ambient/trx/spooks_above/spooks/sound_10.ogg	BASE-DUP-excluded
DarkSigWeather	ambient/trx/spooks_above/spooks/sound_11.ogg	BASE-DUP-excluded
DarkSigWeather	ambient/trx/spooks_above/spooks/sound_12.ogg	BASE-DUP-excluded
DarkSigWeather	ambient/trx/spooks_above/spooks/sound_13.ogg	BASE-DUP-excluded
DarkSigWeather	ambient/trx/spooks_above/spooks/sound_14.ogg	BASE-DUP-excluded
DarkSigWeather	ambient/trx/spooks_above/spooks/sound_15.ogg	BASE-DUP-excluded
DarkSigWeather	ambient/trx/spooks_above/spooks/sound_16.ogg	BASE-DUP-excluded
DarkSigWeather	ambient/trx/spooks_above/spooks/sound_17.ogg	BASE-DUP-excluded
DarkSigWeather	ambient/trx/spooks_above/spooks/sound_18.ogg	BASE-DUP-excluded
DarkSigWeather	ambient/trx/spooks_above/spooks/sound_19.ogg	BASE-DUP-excluded
DarkSigWeather	ambient/trx/spooks_above/spooks/sound_20.ogg	BASE-DUP-excluded
DarkSigWeather	ambient/trx/spooks_above/spooks/sound_21.ogg	USED-shipped
DarkSigWeather	ambient/trx/spooks_above/spooks/sound_22.ogg	BASE-DUP-excluded
DarkSigWeather	ambient/trx/spooks_above/spooks/sound_23.ogg	BASE-DUP-excluded
DarkSigWeather	ambient/trx/spooks_above/spooks/sound_24.ogg	BASE-DUP-excluded
DarkSigWeather	ambient/trx/spooks_above/spooks/sound_25.ogg	USED-shipped
DarkSigWeather	ambient/trx/spooks_above/spooks/sound_26.ogg	USED-shipped
DarkSigWeather	ambient/trx/spooks_above/spooks/sound_27.ogg	USED-shipped
DarkSigWeather	ambient/trx/spooks_above/spooks/sound_28.ogg	BASE-DUP-excluded
DarkSigWeather	ambient/trx/spooks_above/spooks/sound_29.ogg	BASE-DUP-excluded
DarkSigWeather	ambient/trx/spooks_above/spooks/sound_30.ogg	BASE-DUP-excluded
DarkSigWeather	ambient/trx/spooks_above/spooks/sound_31.ogg	BASE-DUP-excluded
DarkSigWeather	ambient/trx/spooks_above/spooks/sound_32.ogg	USED-shipped
DarkSigWeather	ambient/trx/spooks_above/spooks/sound_33.ogg	BASE-DUP-excluded
DarkSigWeather	ambient/trx/spooks_above/spooks/sound_34.ogg	BASE-DUP-excluded
DarkSigWeather	ambient/trx/spooks_above/spooks/sound_35.ogg	USED-shipped
DarkSigWeather	ambient/trx/spooks_above/spooks/sound_36.ogg	USED-shipped
DarkSigWeather	ambient/trx/spooks_above/spooks/sound_37.ogg	BASE-DUP-excluded
DarkSigWeather	ambient/trx/spooks_below/ambient/sound_01.ogg	BASE-DUP-excluded
DarkSigWeather	ambient/trx/spooks_below/ambient/sound_02.ogg	BASE-DUP-excluded
DarkSigWeather	ambient/trx/spooks_below/ambient/sound_03.ogg	BASE-DUP-excluded
DarkSigWeather	ambient/trx/spooks_below/ambient/sound_04.ogg	BASE-DUP-excluded
DarkSigWeather	ambient/trx/spooks_below/ambient/sound_05.ogg	BASE-DUP-excluded
DarkSigWeather	ambient/trx/spooks_below/ambient/sound_06.ogg	BASE-DUP-excluded
DarkSigWeather	ambient/trx/spooks_below/ambient/sound_07.ogg	BASE-DUP-excluded
DarkSigWeather	ambient/trx/spooks_below/ambient/sound_08.ogg	BASE-DUP-excluded
DarkSigWeather	ambient/trx/spooks_below/ambient/sound_09.ogg	BASE-DUP-excluded
DarkSigWeather	ambient/trx/spooks_below/ambient/sound_10.ogg	BASE-DUP-excluded
DarkSigWeather	ambient/trx/spooks_below/ambient/sound_11.ogg	BASE-DUP-excluded
DarkSigWeather	ambient/trx/spooks_below/ambient/sound_12.ogg	BASE-DUP-excluded
DarkSigWeather	ambient/trx/spooks_below/background/underground.ogg	BASE-DUP-excluded
DarkSigWeather	ambient/trx/spooks_below/background/underground_2.ogg	BASE-DUP-excluded
DarkSigWeather	ambient/trx/spooks_below/drone/sound_01.ogg	BASE-DUP-excluded
DarkSigWeather	ambient/trx/spooks_below/drone/sound_02.ogg	BASE-DUP-excluded
DarkSigWeather	ambient/trx/spooks_below/drone/sound_03.ogg	BASE-DUP-excluded
DarkSigWeather	ambient/trx/spooks_below/drone/sound_04.ogg	BASE-DUP-excluded
DarkSigWeather	ambient/trx/spooks_below/drone/sound_05.ogg	BASE-DUP-excluded
DarkSigWeather	ambient/trx/spooks_below/drone/sound_06.ogg	BASE-DUP-excluded
DarkSigWeather	ambient/trx/spooks_below/drone/sound_07.ogg	BASE-DUP-excluded
DarkSigWeather	ambient/trx/spooks_below/drone/sound_08.ogg	BASE-DUP-excluded
DarkSigWeather	ambient/trx/spooks_below/drone/sound_09.ogg	BASE-DUP-excluded
DarkSigWeather	ambient/trx/spooks_below/drone/sound_10.ogg	BASE-DUP-excluded
DarkSigWeather	ambient/trx/spooks_below/lab/sound_01.ogg	BASE-DUP-excluded
DarkSigWeather	ambient/trx/spooks_below/lab/sound_02.ogg	BASE-DUP-excluded
DarkSigWeather	ambient/trx/spooks_below/lab/sound_03.ogg	BASE-DUP-excluded
DarkSigWeather	ambient/trx/spooks_below/lab/sound_04.ogg	BASE-DUP-excluded
DarkSigWeather	ambient/trx/spooks_below/lab/sound_05.ogg	BASE-DUP-excluded
DarkSigWeather	ambient/trx/spooks_below/lab/sound_06.ogg	BASE-DUP-excluded
DarkSigWeather	ambient/trx/spooks_below/lab/sound_07.ogg	BASE-DUP-excluded
DarkSigWeather	ambient/trx/spooks_below/lab/sound_08.ogg	BASE-DUP-excluded
DarkSigWeather	ambient/trx/spooks_below/lab/sound_09.ogg	BASE-DUP-excluded
DarkSigWeather	ambient/ugrnd/ugrnd_ambient_1.ogg	BASE-DUP-excluded
DarkSigWeather	ambient/ugrnd/ugrnd_ambient_2.ogg	BASE-DUP-excluded
DarkSigWeather	ambient/ugrnd/ugrnd_ambient_3.ogg	BASE-DUP-excluded
DarkSigWeather	ambient/ugrnd/ugrnd_ambient_4.ogg	BASE-DUP-excluded
DarkSigWeather	ambient/ugrnd/ugrnd_ambient_5.ogg	BASE-DUP-excluded
DarkSigWeather	ambient/ugrnd/ugrnd_ambient_6.ogg	BASE-DUP-excluded
DarkSigWeather	ambient/ugrnd/ugrnd_ambient_7.ogg	BASE-DUP-excluded
DarkSigWeather	ambient/ugrnd/ugrnd_drone_1.ogg	BASE-DUP-excluded
DarkSigWeather	ambient/ugrnd/ugrnd_drone_2.ogg	BASE-DUP-excluded
DarkSigWeather	ambient/ugrnd/ugrnd_drone_3.ogg	BASE-DUP-excluded
DarkSigWeather	ambient/ugrnd/ugrnd_lab_1.ogg	BASE-DUP-excluded
DarkSigWeather	ambient/ugrnd/ugrnd_lab_2.ogg	BASE-DUP-excluded
DarkSigWeather	ambient/ugrnd/ugrnd_lab_3.ogg	BASE-DUP-excluded
DarkSigWeather	ambient/ugrnd/ugrnd_lab_4.ogg	BASE-DUP-excluded
DarkSigWeather	ambient/ugrnd/ugrnd_lab_5.ogg	BASE-DUP-excluded
DarkSigWeather	ambient/ugrnd/ugrnd_lab_6.ogg	BASE-DUP-excluded
DarkSigWeather	ambient/ugrnd/ugrnd_whispers_1.ogg	BASE-DUP-excluded
DarkSigWeather	ambient/ugrnd/ugrnd_whispers_2.ogg	BASE-DUP-excluded
DarkSigWeather	ambient/ugrnd/ugrnd_whispers_3.ogg	BASE-DUP-excluded
DarkSigWeather	ambient/ugrnd/ugrnd_whispers_4.ogg	BASE-DUP-excluded
DarkSigWeather	ambient/underground/breath_1.ogg	BASE-DUP-excluded
DarkSigWeather	ambient/underground/breath_2.ogg	BASE-DUP-excluded
DarkSigWeather	ambient/underground/breath_3.ogg	BASE-DUP-excluded
DarkSigWeather	ambient/underground/breath_4.ogg	BASE-DUP-excluded
DarkSigWeather	ambient/underground/dark_1.ogg	BASE-DUP-excluded
DarkSigWeather	ambient/underground/steam_1.ogg	USED-effect-unshipped
DarkSigWeather	ambient/underground_4.ogg	BASE-DUP-excluded
DarkSigWeather	ambient/whistling_wind1.ogg	BASE-DUP-excluded
DarkSigWeather	ambient/whistling_wind_21.ogg	BASE-DUP-excluded
DarkSigWeather	ambient/whistling_wind_22.ogg	BASE-DUP-excluded
DarkSigWeather	ambient/wind1.ogg	BASE-DUP-excluded
DarkSigWeather	ambient/wind2.ogg	BASE-DUP-excluded
DarkSigWeather	ambient/wind3.ogg	BASE-DUP-excluded
DarkSigWeather	ambient/wind_gusty_1.ogg	BASE-DUP-excluded
DarkSigWeather	ambient/wind_gusty_2.ogg	BASE-DUP-excluded
DarkSigWeather	ambient/wind_gusty_3.ogg	BASE-DUP-excluded
DarkSigWeather	ambient/wind_mine_1.ogg	BASE-DUP-excluded
DarkSigWeather	ambient/wind_mine_2.ogg	BASE-DUP-excluded
DarkSigWeather	ambient/wind_mine_3.ogg	BASE-DUP-excluded
DarkSigWeather	ambient/wind_trees_1.ogg	BASE-DUP-excluded
DarkSigWeather	ambient/wind_trees_2.ogg	BASE-DUP-excluded
DarkSigWeather	ambient/wind_trees_3.ogg	BASE-DUP-excluded
DarkSigWeather	ambient/x16/klaxon_1.ogg	off-scope-or-dup
DarkSigWeather	ambient/x16/klaxon_2.ogg	off-scope-or-dup
DarkSigWeather	ambient/x16/klaxon_3.ogg	off-scope-or-dup
DarkSigWeather	ambient/x16/rumble_1.ogg	off-scope-or-dup
DarkSigWeather	ambient/x16/rumble_2.ogg	off-scope-or-dup
DarkSigWeather	ambient/x16/rumble_3.ogg	off-scope-or-dup
DarkSigWeather	ambient/x16/x16_begin.ogg	off-scope-or-dup
DarkSigWeather	ambient/x16/x16_brain_death.ogg	off-scope-or-dup
DarkSigWeather	ambient/x16/x16_brain_run.ogg	off-scope-or-dup
DarkSigWeather	ambient/x16/x16_brain_run_2.ogg	off-scope-or-dup
DarkSigWeather	ambient/x16/x16_brain_stop.ogg	off-scope-or-dup
DarkSigWeather	ambient/x16/x16_engine1_run.ogg	off-scope-or-dup
DarkSigWeather	ambient/x16/x16_engine2_run.ogg	off-scope-or-dup
DarkSigWeather	ambient/x18/x18_wind_1.ogg	BASE-DUP-excluded
DarkSigWeather	ambient/x18/x18_wind_2.ogg	BASE-DUP-excluded
DarkSigWeather	ambient/x18/x18_wind_3.ogg	BASE-DUP-excluded
DarkSigWeather	ambient/zhar.ogg	BASE-DUP-excluded
Soundscape	ambient/fan_squeaks_1.ogg	off-scope-or-dup
Soundscape	ambient/lamp_squeaks_1.ogg	off-scope-or-dup
Soundscape	ambient/lamp_squeaks_2.ogg	off-scope-or-dup
Soundscape	ambient/rain.ogg	HELD-loop-surplus
Soundscape	ambient/rain_helm.ogg	HELD-loop-surplus
Soundscape	ambient/rain_indoors.ogg	HELD-loop-surplus
Soundscape	ambient/rain_indoors2.ogg	HELD-loop-surplus
Soundscape	ambient/rain_l.ogg	HELD-loop-surplus
Soundscape	ambient/rain_r.ogg	HELD-loop-surplus
Soundscape	ambient/rainonroof.ogg	HELD-loop-surplus
Soundscape	ambient/soundscape/animals/birds_forest_single_1.ogg	BASE-DUP-excluded
Soundscape	ambient/soundscape/animals/birds_forest_single_10.ogg	BASE-DUP-excluded
Soundscape	ambient/soundscape/animals/birds_forest_single_11.ogg	BASE-DUP-excluded
Soundscape	ambient/soundscape/animals/birds_forest_single_12.ogg	BASE-DUP-excluded
Soundscape	ambient/soundscape/animals/birds_forest_single_13.ogg	BASE-DUP-excluded
Soundscape	ambient/soundscape/animals/birds_forest_single_14.ogg	BASE-DUP-excluded
Soundscape	ambient/soundscape/animals/birds_forest_single_15.ogg	BASE-DUP-excluded
Soundscape	ambient/soundscape/animals/birds_forest_single_16.ogg	BASE-DUP-excluded
Soundscape	ambient/soundscape/animals/birds_forest_single_17.ogg	BASE-DUP-excluded
Soundscape	ambient/soundscape/animals/birds_forest_single_18.ogg	BASE-DUP-excluded
Soundscape	ambient/soundscape/animals/birds_forest_single_19.ogg	BASE-DUP-excluded
Soundscape	ambient/soundscape/animals/birds_forest_single_2.ogg	BASE-DUP-excluded
Soundscape	ambient/soundscape/animals/birds_forest_single_20.ogg	BASE-DUP-excluded
Soundscape	ambient/soundscape/animals/birds_forest_single_21.ogg	off-scope-or-dup
Soundscape	ambient/soundscape/animals/birds_forest_single_22.ogg	BASE-DUP-excluded
Soundscape	ambient/soundscape/animals/birds_forest_single_23.ogg	BASE-DUP-excluded
Soundscape	ambient/soundscape/animals/birds_forest_single_24.ogg	BASE-DUP-excluded
Soundscape	ambient/soundscape/animals/birds_forest_single_25.ogg	BASE-DUP-excluded
Soundscape	ambient/soundscape/animals/birds_forest_single_26.ogg	BASE-DUP-excluded
Soundscape	ambient/soundscape/animals/birds_forest_single_27.ogg	BASE-DUP-excluded
Soundscape	ambient/soundscape/animals/birds_forest_single_28.ogg	BASE-DUP-excluded
Soundscape	ambient/soundscape/animals/birds_forest_single_29.ogg	BASE-DUP-excluded
Soundscape	ambient/soundscape/animals/birds_forest_single_3.ogg	BASE-DUP-excluded
Soundscape	ambient/soundscape/animals/birds_forest_single_30.ogg	BASE-DUP-excluded
Soundscape	ambient/soundscape/animals/birds_forest_single_31.ogg	BASE-DUP-excluded
Soundscape	ambient/soundscape/animals/birds_forest_single_32.ogg	BASE-DUP-excluded
Soundscape	ambient/soundscape/animals/birds_forest_single_33.ogg	BASE-DUP-excluded
Soundscape	ambient/soundscape/animals/birds_forest_single_34.ogg	BASE-DUP-excluded
Soundscape	ambient/soundscape/animals/birds_forest_single_35.ogg	BASE-DUP-excluded
Soundscape	ambient/soundscape/animals/birds_forest_single_36.ogg	BASE-DUP-excluded
Soundscape	ambient/soundscape/animals/birds_forest_single_37.ogg	BASE-DUP-excluded
Soundscape	ambient/soundscape/animals/birds_forest_single_38.ogg	BASE-DUP-excluded
Soundscape	ambient/soundscape/animals/birds_forest_single_39.ogg	BASE-DUP-excluded
Soundscape	ambient/soundscape/animals/birds_forest_single_4.ogg	BASE-DUP-excluded
Soundscape	ambient/soundscape/animals/birds_forest_single_40.ogg	BASE-DUP-excluded
Soundscape	ambient/soundscape/animals/birds_forest_single_41.ogg	BASE-DUP-excluded
Soundscape	ambient/soundscape/animals/birds_forest_single_42.ogg	BASE-DUP-excluded
Soundscape	ambient/soundscape/animals/birds_forest_single_43.ogg	BASE-DUP-excluded
Soundscape	ambient/soundscape/animals/birds_forest_single_44.ogg	BASE-DUP-excluded
Soundscape	ambient/soundscape/animals/birds_forest_single_45.ogg	BASE-DUP-excluded
Soundscape	ambient/soundscape/animals/birds_forest_single_46.ogg	BASE-DUP-excluded
Soundscape	ambient/soundscape/animals/birds_forest_single_47.ogg	BASE-DUP-excluded
Soundscape	ambient/soundscape/animals/birds_forest_single_48.ogg	BASE-DUP-excluded
Soundscape	ambient/soundscape/animals/birds_forest_single_49.ogg	BASE-DUP-excluded
Soundscape	ambient/soundscape/animals/birds_forest_single_5.ogg	BASE-DUP-excluded
Soundscape	ambient/soundscape/animals/birds_forest_single_50.ogg	BASE-DUP-excluded
Soundscape	ambient/soundscape/animals/birds_forest_single_51.ogg	BASE-DUP-excluded
Soundscape	ambient/soundscape/animals/birds_forest_single_52.ogg	BASE-DUP-excluded
Soundscape	ambient/soundscape/animals/birds_forest_single_53.ogg	BASE-DUP-excluded
Soundscape	ambient/soundscape/animals/birds_forest_single_54.ogg	BASE-DUP-excluded
Soundscape	ambient/soundscape/animals/birds_forest_single_55.ogg	BASE-DUP-excluded
Soundscape	ambient/soundscape/animals/birds_forest_single_56.ogg	BASE-DUP-excluded
Soundscape	ambient/soundscape/animals/birds_forest_single_57.ogg	BASE-DUP-excluded
Soundscape	ambient/soundscape/animals/birds_forest_single_58.ogg	BASE-DUP-excluded
Soundscape	ambient/soundscape/animals/birds_forest_single_59.ogg	BASE-DUP-excluded
Soundscape	ambient/soundscape/animals/birds_forest_single_6.ogg	BASE-DUP-excluded
Soundscape	ambient/soundscape/animals/birds_forest_single_60.ogg	BASE-DUP-excluded
Soundscape	ambient/soundscape/animals/birds_forest_single_61.ogg	BASE-DUP-excluded
Soundscape	ambient/soundscape/animals/birds_forest_single_62.ogg	off-scope-or-dup
Soundscape	ambient/soundscape/animals/birds_forest_single_63.ogg	off-scope-or-dup
Soundscape	ambient/soundscape/animals/birds_forest_single_7.ogg	BASE-DUP-excluded
Soundscape	ambient/soundscape/animals/birds_forest_single_8.ogg	BASE-DUP-excluded
Soundscape	ambient/soundscape/animals/birds_forest_single_9.ogg	BASE-DUP-excluded
Soundscape	ambient/soundscape/animals/birds_meadow_single_1.ogg	BASE-DUP-excluded
Soundscape	ambient/soundscape/animals/birds_meadow_single_10.ogg	BASE-DUP-excluded
Soundscape	ambient/soundscape/animals/birds_meadow_single_11.ogg	BASE-DUP-excluded
Soundscape	ambient/soundscape/animals/birds_meadow_single_12.ogg	BASE-DUP-excluded
Soundscape	ambient/soundscape/animals/birds_meadow_single_13.ogg	BASE-DUP-excluded
Soundscape	ambient/soundscape/animals/birds_meadow_single_14.ogg	BASE-DUP-excluded
Soundscape	ambient/soundscape/animals/birds_meadow_single_15.ogg	BASE-DUP-excluded
Soundscape	ambient/soundscape/animals/birds_meadow_single_16.ogg	BASE-DUP-excluded
Soundscape	ambient/soundscape/animals/birds_meadow_single_17.ogg	BASE-DUP-excluded
Soundscape	ambient/soundscape/animals/birds_meadow_single_18.ogg	BASE-DUP-excluded
Soundscape	ambient/soundscape/animals/birds_meadow_single_19.ogg	BASE-DUP-excluded
Soundscape	ambient/soundscape/animals/birds_meadow_single_2.ogg	BASE-DUP-excluded
Soundscape	ambient/soundscape/animals/birds_meadow_single_20.ogg	BASE-DUP-excluded
Soundscape	ambient/soundscape/animals/birds_meadow_single_21.ogg	off-scope-or-dup
Soundscape	ambient/soundscape/animals/birds_meadow_single_22.ogg	BASE-DUP-excluded
Soundscape	ambient/soundscape/animals/birds_meadow_single_23.ogg	BASE-DUP-excluded
Soundscape	ambient/soundscape/animals/birds_meadow_single_24.ogg	BASE-DUP-excluded
Soundscape	ambient/soundscape/animals/birds_meadow_single_25.ogg	BASE-DUP-excluded
Soundscape	ambient/soundscape/animals/birds_meadow_single_26.ogg	BASE-DUP-excluded
Soundscape	ambient/soundscape/animals/birds_meadow_single_27.ogg	BASE-DUP-excluded
Soundscape	ambient/soundscape/animals/birds_meadow_single_28.ogg	BASE-DUP-excluded
Soundscape	ambient/soundscape/animals/birds_meadow_single_29.ogg	BASE-DUP-excluded
Soundscape	ambient/soundscape/animals/birds_meadow_single_3.ogg	BASE-DUP-excluded
Soundscape	ambient/soundscape/animals/birds_meadow_single_30.ogg	BASE-DUP-excluded
Soundscape	ambient/soundscape/animals/birds_meadow_single_31.ogg	BASE-DUP-excluded
Soundscape	ambient/soundscape/animals/birds_meadow_single_32.ogg	BASE-DUP-excluded
Soundscape	ambient/soundscape/animals/birds_meadow_single_33.ogg	BASE-DUP-excluded
Soundscape	ambient/soundscape/animals/birds_meadow_single_34.ogg	BASE-DUP-excluded
Soundscape	ambient/soundscape/animals/birds_meadow_single_35.ogg	BASE-DUP-excluded
Soundscape	ambient/soundscape/animals/birds_meadow_single_36.ogg	BASE-DUP-excluded
Soundscape	ambient/soundscape/animals/birds_meadow_single_37.ogg	BASE-DUP-excluded
Soundscape	ambient/soundscape/animals/birds_meadow_single_38.ogg	BASE-DUP-excluded
Soundscape	ambient/soundscape/animals/birds_meadow_single_39.ogg	BASE-DUP-excluded
Soundscape	ambient/soundscape/animals/birds_meadow_single_4.ogg	BASE-DUP-excluded
Soundscape	ambient/soundscape/animals/birds_meadow_single_40.ogg	BASE-DUP-excluded
Soundscape	ambient/soundscape/animals/birds_meadow_single_41.ogg	BASE-DUP-excluded
Soundscape	ambient/soundscape/animals/birds_meadow_single_42.ogg	BASE-DUP-excluded
Soundscape	ambient/soundscape/animals/birds_meadow_single_43.ogg	BASE-DUP-excluded
Soundscape	ambient/soundscape/animals/birds_meadow_single_44.ogg	BASE-DUP-excluded
Soundscape	ambient/soundscape/animals/birds_meadow_single_45.ogg	BASE-DUP-excluded
Soundscape	ambient/soundscape/animals/birds_meadow_single_46.ogg	BASE-DUP-excluded
Soundscape	ambient/soundscape/animals/birds_meadow_single_47.ogg	BASE-DUP-excluded
Soundscape	ambient/soundscape/animals/birds_meadow_single_48.ogg	BASE-DUP-excluded
Soundscape	ambient/soundscape/animals/birds_meadow_single_49.ogg	BASE-DUP-excluded
Soundscape	ambient/soundscape/animals/birds_meadow_single_5.ogg	BASE-DUP-excluded
Soundscape	ambient/soundscape/animals/birds_meadow_single_50.ogg	BASE-DUP-excluded
Soundscape	ambient/soundscape/animals/birds_meadow_single_51.ogg	BASE-DUP-excluded
Soundscape	ambient/soundscape/animals/birds_meadow_single_52.ogg	BASE-DUP-excluded
Soundscape	ambient/soundscape/animals/birds_meadow_single_53.ogg	BASE-DUP-excluded
Soundscape	ambient/soundscape/animals/birds_meadow_single_54.ogg	BASE-DUP-excluded
Soundscape	ambient/soundscape/animals/birds_meadow_single_55.ogg	BASE-DUP-excluded
Soundscape	ambient/soundscape/animals/birds_meadow_single_56.ogg	BASE-DUP-excluded
Soundscape	ambient/soundscape/animals/birds_meadow_single_57.ogg	BASE-DUP-excluded
Soundscape	ambient/soundscape/animals/birds_meadow_single_58.ogg	BASE-DUP-excluded
Soundscape	ambient/soundscape/animals/birds_meadow_single_59.ogg	BASE-DUP-excluded
Soundscape	ambient/soundscape/animals/birds_meadow_single_6.ogg	BASE-DUP-excluded
Soundscape	ambient/soundscape/animals/birds_meadow_single_60.ogg	BASE-DUP-excluded
Soundscape	ambient/soundscape/animals/birds_meadow_single_61.ogg	BASE-DUP-excluded
Soundscape	ambient/soundscape/animals/birds_meadow_single_62.ogg	off-scope-or-dup
Soundscape	ambient/soundscape/animals/birds_meadow_single_63.ogg	off-scope-or-dup
Soundscape	ambient/soundscape/animals/birds_meadow_single_64.ogg	off-scope-or-dup
Soundscape	ambient/soundscape/animals/birds_meadow_single_65.ogg	off-scope-or-dup
Soundscape	ambient/soundscape/animals/birds_meadow_single_66.ogg	off-scope-or-dup
Soundscape	ambient/soundscape/animals/birds_meadow_single_67.ogg	off-scope-or-dup
Soundscape	ambient/soundscape/animals/birds_meadow_single_68.ogg	off-scope-or-dup
Soundscape	ambient/soundscape/animals/birds_meadow_single_69.ogg	off-scope-or-dup
Soundscape	ambient/soundscape/animals/birds_meadow_single_7.ogg	BASE-DUP-excluded
Soundscape	ambient/soundscape/animals/birds_meadow_single_8.ogg	BASE-DUP-excluded
Soundscape	ambient/soundscape/animals/birds_meadow_single_9.ogg	BASE-DUP-excluded
Soundscape	ambient/soundscape/animals/birds_single_night_1.ogg	BASE-DUP-excluded
Soundscape	ambient/soundscape/animals/birds_single_night_10.ogg	BASE-DUP-excluded
Soundscape	ambient/soundscape/animals/birds_single_night_11.ogg	BASE-DUP-excluded
Soundscape	ambient/soundscape/animals/birds_single_night_12.ogg	BASE-DUP-excluded
Soundscape	ambient/soundscape/animals/birds_single_night_13.ogg	BASE-DUP-excluded
Soundscape	ambient/soundscape/animals/birds_single_night_14.ogg	BASE-DUP-excluded
Soundscape	ambient/soundscape/animals/birds_single_night_15.ogg	BASE-DUP-excluded
Soundscape	ambient/soundscape/animals/birds_single_night_16.ogg	BASE-DUP-excluded
Soundscape	ambient/soundscape/animals/birds_single_night_17.ogg	BASE-DUP-excluded
Soundscape	ambient/soundscape/animals/birds_single_night_18.ogg	BASE-DUP-excluded
Soundscape	ambient/soundscape/animals/birds_single_night_19.ogg	BASE-DUP-excluded
Soundscape	ambient/soundscape/animals/birds_single_night_2.ogg	BASE-DUP-excluded
Soundscape	ambient/soundscape/animals/birds_single_night_20.ogg	BASE-DUP-excluded
Soundscape	ambient/soundscape/animals/birds_single_night_21.ogg	off-scope-or-dup
Soundscape	ambient/soundscape/animals/birds_single_night_22.ogg	BASE-DUP-excluded
Soundscape	ambient/soundscape/animals/birds_single_night_23.ogg	BASE-DUP-excluded
Soundscape	ambient/soundscape/animals/birds_single_night_24.ogg	BASE-DUP-excluded
Soundscape	ambient/soundscape/animals/birds_single_night_25.ogg	BASE-DUP-excluded
Soundscape	ambient/soundscape/animals/birds_single_night_26.ogg	BASE-DUP-excluded
Soundscape	ambient/soundscape/animals/birds_single_night_3.ogg	BASE-DUP-excluded
Soundscape	ambient/soundscape/animals/birds_single_night_4.ogg	BASE-DUP-excluded
Soundscape	ambient/soundscape/animals/birds_single_night_5.ogg	BASE-DUP-excluded
Soundscape	ambient/soundscape/animals/birds_single_night_6.ogg	BASE-DUP-excluded
Soundscape	ambient/soundscape/animals/birds_single_night_7.ogg	BASE-DUP-excluded
Soundscape	ambient/soundscape/animals/birds_single_night_8.ogg	BASE-DUP-excluded
Soundscape	ambient/soundscape/animals/birds_single_night_9.ogg	BASE-DUP-excluded
Soundscape	ambient/soundscape/animals/birdsfear1.ogg	off-scope-or-dup
Soundscape	ambient/soundscape/animals/birdsfear2.ogg	off-scope-or-dup
Soundscape	ambient/soundscape/animals/birdsfear3.ogg	off-scope-or-dup
Soundscape	ambient/soundscape/animals/crickets_1.ogg	BASE-DUP-excluded
Soundscape	ambient/soundscape/animals/crickets_10.ogg	BASE-DUP-excluded
Soundscape	ambient/soundscape/animals/crickets_11.ogg	BASE-DUP-excluded
Soundscape	ambient/soundscape/animals/crickets_2.ogg	BASE-DUP-excluded
Soundscape	ambient/soundscape/animals/crickets_3.ogg	BASE-DUP-excluded
Soundscape	ambient/soundscape/animals/crickets_4.ogg	BASE-DUP-excluded
Soundscape	ambient/soundscape/animals/crickets_5.ogg	BASE-DUP-excluded
Soundscape	ambient/soundscape/animals/crickets_6.ogg	BASE-DUP-excluded
Soundscape	ambient/soundscape/animals/crickets_7.ogg	BASE-DUP-excluded
Soundscape	ambient/soundscape/animals/crickets_8.ogg	BASE-DUP-excluded
Soundscape	ambient/soundscape/animals/crickets_9.ogg	BASE-DUP-excluded
Soundscape	ambient/soundscape/animals/crickets_night_1.ogg	BASE-DUP-excluded
Soundscape	ambient/soundscape/animals/crickets_night_2.ogg	BASE-DUP-excluded
Soundscape	ambient/soundscape/animals/crickets_night_3.ogg	BASE-DUP-excluded
Soundscape	ambient/soundscape/animals/crickets_night_4.ogg	BASE-DUP-excluded
Soundscape	ambient/soundscape/animals/crickets_night_5.ogg	BASE-DUP-excluded
Soundscape	ambient/soundscape/animals/crickets_night_6.ogg	BASE-DUP-excluded
Soundscape	ambient/soundscape/background/Field/field_day.ogg	BASE-DUP-excluded
Soundscape	ambient/soundscape/background/Field/field_evening.ogg	BASE-DUP-excluded
Soundscape	ambient/soundscape/background/Field/field_morning.ogg	BASE-DUP-excluded
Soundscape	ambient/soundscape/background/Field/field_night.ogg	BASE-DUP-excluded
Soundscape	ambient/soundscape/background/Field/field_wind_high.ogg	BASE-DUP-excluded
Soundscape	ambient/soundscape/background/Field/field_wind_low.ogg	BASE-DUP-excluded
Soundscape	ambient/soundscape/background/Field/field_wind_med.ogg	BASE-DUP-excluded
Soundscape	ambient/soundscape/background/field_day.ogg	BASE-DUP-excluded
Soundscape	ambient/soundscape/background/field_evening.ogg	BASE-DUP-excluded
Soundscape	ambient/soundscape/background/field_morning.ogg	BASE-DUP-excluded
Soundscape	ambient/soundscape/background/field_night.ogg	BASE-DUP-excluded
Soundscape	ambient/soundscape/background/Forest/forest_day.ogg	BASE-DUP-excluded
Soundscape	ambient/soundscape/background/Forest/forest_evening.ogg	BASE-DUP-excluded
Soundscape	ambient/soundscape/background/Forest/forest_morning.ogg	BASE-DUP-excluded
Soundscape	ambient/soundscape/background/Forest/forest_night.ogg	BASE-DUP-excluded
Soundscape	ambient/soundscape/background/Forest/forest_wind.ogg	BASE-DUP-excluded
Soundscape	ambient/soundscape/background/forest_1.ogg	BASE-DUP-excluded
Soundscape	ambient/soundscape/background/forest_day.ogg	off-scope-or-dup
Soundscape	ambient/soundscape/background/forest_evening.ogg	BASE-DUP-excluded
Soundscape	ambient/soundscape/background/forest_morning.ogg	BASE-DUP-excluded
Soundscape	ambient/soundscape/background/forest_night.ogg	BASE-DUP-excluded
Soundscape	ambient/soundscape/background/houses_1.ogg	BASE-DUP-excluded
Soundscape	ambient/soundscape/background/houses_day.ogg	off-scope-or-dup
Soundscape	ambient/soundscape/background/houses_evening.ogg	BASE-DUP-excluded
Soundscape	ambient/soundscape/background/houses_morning.ogg	BASE-DUP-excluded
Soundscape	ambient/soundscape/background/houses_night.ogg	BASE-DUP-excluded
Soundscape	ambient/soundscape/background/meadow_day.ogg	off-scope-or-dup
Soundscape	ambient/soundscape/background/meadow_evening.ogg	BASE-DUP-excluded
Soundscape	ambient/soundscape/background/meadow_morning.ogg	BASE-DUP-excluded
Soundscape	ambient/soundscape/background/meadow_night.ogg	BASE-DUP-excluded
Soundscape	ambient/soundscape/background/North/open_day.ogg	BASE-DUP-excluded
Soundscape	ambient/soundscape/background/North/open_night.ogg	BASE-DUP-excluded
Soundscape	ambient/soundscape/background/Swamp/meadow_day.ogg	BASE-DUP-excluded
Soundscape	ambient/soundscape/background/Swamp/meadow_evening.ogg	BASE-DUP-excluded
Soundscape	ambient/soundscape/background/Swamp/meadow_morning.ogg	BASE-DUP-excluded
Soundscape	ambient/soundscape/background/Swamp/meadow_night.ogg	BASE-DUP-excluded
Soundscape	ambient/soundscape/background/Underground/underground_2.ogg	BASE-DUP-excluded
Soundscape	ambient/soundscape/background/Underground/underground_3.ogg	BASE-DUP-excluded
Soundscape	ambient/soundscape/background/Underground/underground_4.ogg	BASE-DUP-excluded
Soundscape	ambient/soundscape/background/underground_2.ogg	BASE-DUP-excluded
Soundscape	ambient/soundscape/background/underground_3.ogg	BASE-DUP-excluded
Soundscape	ambient/soundscape/background/underground_4.ogg	BASE-DUP-excluded
Soundscape	ambient/soundscape/background/Urban/houses_day.ogg	off-scope-or-dup
Soundscape	ambient/soundscape/background/Urban/houses_evening.ogg	BASE-DUP-excluded
Soundscape	ambient/soundscape/background/Urban/houses_low.ogg	BASE-DUP-excluded
Soundscape	ambient/soundscape/background/Urban/houses_morning.ogg	BASE-DUP-excluded
Soundscape	ambient/soundscape/background/Urban/houses_night.ogg	BASE-DUP-excluded
Soundscape	ambient/soundscape/background/Urban/houses_wind_high.ogg	BASE-DUP-excluded
Soundscape	ambient/soundscape/background/Urban/houses_wind_low.ogg	BASE-DUP-excluded
Soundscape	ambient/soundscape/background/Urban/houses_wind_med.ogg	BASE-DUP-excluded
Soundscape	ambient/soundscape/background/Urban/houses_wind_storm.ogg	BASE-DUP-excluded
Soundscape	ambient/soundscape/forest/sfx_1.ogg	off-scope-or-dup
Soundscape	ambient/soundscape/forest/sfx_10.ogg	off-scope-or-dup
Soundscape	ambient/soundscape/forest/sfx_11.ogg	off-scope-or-dup
Soundscape	ambient/soundscape/forest/sfx_2.ogg	off-scope-or-dup
Soundscape	ambient/soundscape/forest/sfx_3.ogg	off-scope-or-dup
Soundscape	ambient/soundscape/forest/sfx_4.ogg	off-scope-or-dup
Soundscape	ambient/soundscape/forest/sfx_5.ogg	off-scope-or-dup
Soundscape	ambient/soundscape/forest/sfx_6.ogg	off-scope-or-dup
Soundscape	ambient/soundscape/forest/sfx_7.ogg	off-scope-or-dup
Soundscape	ambient/soundscape/forest/sfx_8.ogg	off-scope-or-dup
Soundscape	ambient/soundscape/forest/sfx_9.ogg	off-scope-or-dup
Soundscape	ambient/soundscape/forest_night/sfx_1.ogg	off-scope-or-dup
Soundscape	ambient/soundscape/forest_night/sfx_2.ogg	off-scope-or-dup
Soundscape	ambient/soundscape/forest_night/sfx_3.ogg	off-scope-or-dup
Soundscape	ambient/soundscape/forest_night/sfx_4.ogg	off-scope-or-dup
Soundscape	ambient/soundscape/forest_night/sfx_5.ogg	off-scope-or-dup
Soundscape	ambient/soundscape/forest_night/sfx_6.ogg	off-scope-or-dup
Soundscape	ambient/soundscape/insects/insectday_1.ogg	BASE-DUP-excluded
Soundscape	ambient/soundscape/insects/insectday_10.ogg	BASE-DUP-excluded
Soundscape	ambient/soundscape/insects/insectday_11.ogg	BASE-DUP-excluded
Soundscape	ambient/soundscape/insects/insectday_12.ogg	BASE-DUP-excluded
Soundscape	ambient/soundscape/insects/insectday_13.ogg	BASE-DUP-excluded
Soundscape	ambient/soundscape/insects/insectday_14.ogg	BASE-DUP-excluded
Soundscape	ambient/soundscape/insects/insectday_15.ogg	BASE-DUP-excluded
Soundscape	ambient/soundscape/insects/insectday_16.ogg	BASE-DUP-excluded
Soundscape	ambient/soundscape/insects/insectday_17.ogg	BASE-DUP-excluded
Soundscape	ambient/soundscape/insects/insectday_18.ogg	BASE-DUP-excluded
Soundscape	ambient/soundscape/insects/insectday_19.ogg	BASE-DUP-excluded
Soundscape	ambient/soundscape/insects/insectday_2.ogg	BASE-DUP-excluded
Soundscape	ambient/soundscape/insects/insectday_20.ogg	BASE-DUP-excluded
Soundscape	ambient/soundscape/insects/insectday_21.ogg	BASE-DUP-excluded
Soundscape	ambient/soundscape/insects/insectday_22.ogg	BASE-DUP-excluded
Soundscape	ambient/soundscape/insects/insectday_3.ogg	BASE-DUP-excluded
Soundscape	ambient/soundscape/insects/insectday_4.ogg	BASE-DUP-excluded
Soundscape	ambient/soundscape/insects/insectday_5.ogg	BASE-DUP-excluded
Soundscape	ambient/soundscape/insects/insectday_6.ogg	BASE-DUP-excluded
Soundscape	ambient/soundscape/insects/insectday_7.ogg	BASE-DUP-excluded
Soundscape	ambient/soundscape/insects/insectday_8.ogg	BASE-DUP-excluded
Soundscape	ambient/soundscape/insects/insectday_9.ogg	BASE-DUP-excluded
Soundscape	ambient/soundscape/insects/insectnight_1.ogg	BASE-DUP-excluded
Soundscape	ambient/soundscape/insects/insectnight_10.ogg	BASE-DUP-excluded
Soundscape	ambient/soundscape/insects/insectnight_11.ogg	BASE-DUP-excluded
Soundscape	ambient/soundscape/insects/insectnight_12.ogg	BASE-DUP-excluded
Soundscape	ambient/soundscape/insects/insectnight_13.ogg	BASE-DUP-excluded
Soundscape	ambient/soundscape/insects/insectnight_14.ogg	BASE-DUP-excluded
Soundscape	ambient/soundscape/insects/insectnight_15.ogg	BASE-DUP-excluded
Soundscape	ambient/soundscape/insects/insectnight_16.ogg	BASE-DUP-excluded
Soundscape	ambient/soundscape/insects/insectnight_17.ogg	BASE-DUP-excluded
Soundscape	ambient/soundscape/insects/insectnight_2.ogg	BASE-DUP-excluded
Soundscape	ambient/soundscape/insects/insectnight_3.ogg	BASE-DUP-excluded
Soundscape	ambient/soundscape/insects/insectnight_4.ogg	BASE-DUP-excluded
Soundscape	ambient/soundscape/insects/insectnight_5.ogg	BASE-DUP-excluded
Soundscape	ambient/soundscape/insects/insectnight_6.ogg	BASE-DUP-excluded
Soundscape	ambient/soundscape/insects/insectnight_7.ogg	BASE-DUP-excluded
Soundscape	ambient/soundscape/insects/insectnight_8.ogg	BASE-DUP-excluded
Soundscape	ambient/soundscape/insects/insectnight_9.ogg	BASE-DUP-excluded
Soundscape	ambient/soundscape/mutants/bloodsucker/distant_1.ogg	USED-shipped
Soundscape	ambient/soundscape/mutants/bloodsucker/distant_2.ogg	USED-shipped
Soundscape	ambient/soundscape/mutants/bloodsucker/distant_3.ogg	USED-shipped
Soundscape	ambient/soundscape/mutants/boar/distant_1.ogg	USED-shipped
Soundscape	ambient/soundscape/mutants/boar/distant_2.ogg	USED-shipped
Soundscape	ambient/soundscape/mutants/boar/distant_3.ogg	USED-shipped
Soundscape	ambient/soundscape/mutants/boar/distant_4.ogg	USED-shipped
Soundscape	ambient/soundscape/mutants/boar/distant_5.ogg	USED-shipped
Soundscape	ambient/soundscape/mutants/burer/distant_1.ogg	USED-shipped
Soundscape	ambient/soundscape/mutants/burer/distant_2.ogg	USED-shipped
Soundscape	ambient/soundscape/mutants/burer/distant_3.ogg	USED-shipped
Soundscape	ambient/soundscape/mutants/burer/distant_4.ogg	USED-shipped
Soundscape	ambient/soundscape/mutants/burer/distant_5.ogg	USED-shipped
Soundscape	ambient/soundscape/mutants/burer/distant_6.ogg	USED-shipped
Soundscape	ambient/soundscape/mutants/burer/distant_7.ogg	USED-shipped
Soundscape	ambient/soundscape/mutants/cat/distant_1.ogg	USED-shipped
Soundscape	ambient/soundscape/mutants/cat/distant_2.ogg	USED-shipped
Soundscape	ambient/soundscape/mutants/cat/distant_3.ogg	USED-shipped
Soundscape	ambient/soundscape/mutants/chimera/distant_1.ogg	USED-shipped
Soundscape	ambient/soundscape/mutants/controller/distant_1.ogg	INTRA-DUP-excluded
Soundscape	ambient/soundscape/mutants/controller/distant_2.ogg	USED-shipped
Soundscape	ambient/soundscape/mutants/controller/distant_3.ogg	INTRA-DUP-excluded
Soundscape	ambient/soundscape/mutants/controller/distant_4.ogg	INTRA-DUP-excluded
Soundscape	ambient/soundscape/mutants/controller/distant_5.ogg	USED-shipped
Soundscape	ambient/soundscape/mutants/controller/distant_6.ogg	USED-shipped
Soundscape	ambient/soundscape/mutants/controller/distant_7.ogg	USED-shipped
Soundscape	ambient/soundscape/mutants/dog/distant_1.ogg	USED-shipped
Soundscape	ambient/soundscape/mutants/dog/distant_2.ogg	USED-shipped
Soundscape	ambient/soundscape/mutants/dog/distant_3.ogg	USED-shipped
Soundscape	ambient/soundscape/mutants/dog/distant_4.ogg	USED-shipped
Soundscape	ambient/soundscape/mutants/dog/distant_5.ogg	USED-shipped
Soundscape	ambient/soundscape/mutants/dog/distant_6.ogg	USED-shipped
Soundscape	ambient/soundscape/mutants/dog/distant_7.ogg	USED-shipped
Soundscape	ambient/soundscape/mutants/dog/distant_8.ogg	USED-shipped
Soundscape	ambient/soundscape/mutants/flesh/distant_1.ogg	USED-shipped
Soundscape	ambient/soundscape/mutants/flesh/distant_2.ogg	USED-shipped
Soundscape	ambient/soundscape/mutants/flesh/distant_3.ogg	USED-shipped
Soundscape	ambient/soundscape/mutants/flesh/distant_4.ogg	USED-shipped
Soundscape	ambient/soundscape/mutants/flesh/distant_5.ogg	USED-shipped
Soundscape	ambient/soundscape/mutants/giant/distant_1.ogg	USED-shipped
Soundscape	ambient/soundscape/mutants/giant/distant_2.ogg	USED-shipped
Soundscape	ambient/soundscape/mutants/lurker/distant_1.ogg	USED-shipped
Soundscape	ambient/soundscape/mutants/lurker/distant_2.ogg	USED-shipped
Soundscape	ambient/soundscape/mutants/snork/distant_1.ogg	BASE-DUP-excluded
Soundscape	ambient/soundscape/mutants/snork/distant_2.ogg	USED-shipped
Soundscape	ambient/soundscape/mutants/snork/distant_3.ogg	BASE-DUP-excluded
Soundscape	ambient/soundscape/mutants/snork/distant_4.ogg	USED-shipped
Soundscape	ambient/soundscape/mutants/wolf/distant_1.ogg	USED-shipped
Soundscape	ambient/soundscape/mutants/wolf/distant_2.ogg	USED-shipped
Soundscape	ambient/soundscape/mutants/wolf/distant_3.ogg	USED-shipped
Soundscape	ambient/soundscape/mutants/wolf/distant_4.ogg	USED-shipped
Soundscape	ambient/soundscape/mutants/wolf/distant_5.ogg	USED-shipped
Soundscape	ambient/soundscape/mutants/wolf/distant_6.ogg	USED-shipped
Soundscape	ambient/soundscape/mutants/wolf/distant_7.ogg	USED-shipped
Soundscape	ambient/soundscape/mutants/wolf/distant_8.ogg	USED-shipped
Soundscape	ambient/soundscape/mutants/zombie/distant_1.ogg	INTRA-DUP-excluded
Soundscape	ambient/soundscape/mutants/zombie/distant_2.ogg	USED-shipped
Soundscape	ambient/soundscape/mutants/zombie/distant_3.ogg	INTRA-DUP-excluded
Soundscape	ambient/soundscape/swamp/sfx_1.ogg	off-scope-or-dup
Soundscape	ambient/soundscape/swamp/sfx_10.ogg	off-scope-or-dup
Soundscape	ambient/soundscape/swamp/sfx_11.ogg	off-scope-or-dup
Soundscape	ambient/soundscape/swamp/sfx_2.ogg	off-scope-or-dup
Soundscape	ambient/soundscape/swamp/sfx_3.ogg	off-scope-or-dup
Soundscape	ambient/soundscape/swamp/sfx_4.ogg	off-scope-or-dup
Soundscape	ambient/soundscape/swamp/sfx_5.ogg	off-scope-or-dup
Soundscape	ambient/soundscape/swamp/sfx_6.ogg	off-scope-or-dup
Soundscape	ambient/soundscape/swamp/sfx_7.ogg	off-scope-or-dup
Soundscape	ambient/soundscape/swamp/sfx_8.ogg	off-scope-or-dup
Soundscape	ambient/soundscape/swamp/sfx_9.ogg	off-scope-or-dup
Soundscape	ambient/soundscape/swamp_night/sfx_1.ogg	off-scope-or-dup
Soundscape	ambient/soundscape/swamp_night/sfx_10.ogg	off-scope-or-dup
Soundscape	ambient/soundscape/swamp_night/sfx_11.ogg	off-scope-or-dup
Soundscape	ambient/soundscape/swamp_night/sfx_12.ogg	off-scope-or-dup
Soundscape	ambient/soundscape/swamp_night/sfx_13.ogg	off-scope-or-dup
Soundscape	ambient/soundscape/swamp_night/sfx_14.ogg	off-scope-or-dup
Soundscape	ambient/soundscape/swamp_night/sfx_2.ogg	off-scope-or-dup
Soundscape	ambient/soundscape/swamp_night/sfx_3.ogg	off-scope-or-dup
Soundscape	ambient/soundscape/swamp_night/sfx_4.ogg	off-scope-or-dup
Soundscape	ambient/soundscape/swamp_night/sfx_5.ogg	off-scope-or-dup
Soundscape	ambient/soundscape/swamp_night/sfx_6.ogg	off-scope-or-dup
Soundscape	ambient/soundscape/swamp_night/sfx_7.ogg	off-scope-or-dup
Soundscape	ambient/soundscape/swamp_night/sfx_8.ogg	off-scope-or-dup
Soundscape	ambient/soundscape/swamp_night/sfx_9.ogg	off-scope-or-dup
Soundscape	ambient/soundscape/thunder/thunder_1.ogg	HELD-loop-surplus
Soundscape	ambient/soundscape/thunder/thunder_10.ogg	USED-shipped
Soundscape	ambient/soundscape/thunder/thunder_11.ogg	USED-effect-unshipped
Soundscape	ambient/soundscape/thunder/thunder_12.ogg	HELD-loop-surplus
Soundscape	ambient/soundscape/thunder/thunder_13.ogg	HELD-loop-surplus
Soundscape	ambient/soundscape/thunder/thunder_14.ogg	USED-effect-unshipped
Soundscape	ambient/soundscape/thunder/thunder_15.ogg	USED-shipped
Soundscape	ambient/soundscape/thunder/thunder_16.ogg	USED-shipped
Soundscape	ambient/soundscape/thunder/thunder_17.ogg	USED-effect-unshipped
Soundscape	ambient/soundscape/thunder/thunder_18.ogg	INTRA-DUP-excluded
Soundscape	ambient/soundscape/thunder/thunder_19.ogg	HELD-loop-surplus
Soundscape	ambient/soundscape/thunder/thunder_2.ogg	USED-shipped
Soundscape	ambient/soundscape/thunder/thunder_20.ogg	USED-shipped
Soundscape	ambient/soundscape/thunder/thunder_21.ogg	USED-shipped
Soundscape	ambient/soundscape/thunder/thunder_22.ogg	INTRA-DUP-excluded
Soundscape	ambient/soundscape/thunder/thunder_23.ogg	HELD-loop-surplus
Soundscape	ambient/soundscape/thunder/thunder_24.ogg	USED-shipped
Soundscape	ambient/soundscape/thunder/thunder_25.ogg	USED-shipped
Soundscape	ambient/soundscape/thunder/thunder_26.ogg	USED-shipped
Soundscape	ambient/soundscape/thunder/thunder_3.ogg	USED-shipped
Soundscape	ambient/soundscape/thunder/thunder_4.ogg	INTRA-DUP-excluded
Soundscape	ambient/soundscape/thunder/thunder_5.ogg	INTRA-DUP-excluded
Soundscape	ambient/soundscape/thunder/thunder_6.ogg	USED-shipped
Soundscape	ambient/soundscape/thunder/thunder_7.ogg	USED-effect-unshipped
Soundscape	ambient/soundscape/thunder/thunder_8.ogg	USED-shipped
Soundscape	ambient/soundscape/thunder/thunder_9.ogg	HELD-loop-surplus
Soundscape	ambient/soundscape/thunder/thunderfar_1.ogg	USED-shipped
Soundscape	ambient/soundscape/thunder/thunderfar_10.ogg	USED-shipped
Soundscape	ambient/soundscape/thunder/thunderfar_11.ogg	USED-shipped
Soundscape	ambient/soundscape/thunder/thunderfar_12.ogg	USED-shipped
Soundscape	ambient/soundscape/thunder/thunderfar_13.ogg	USED-shipped
Soundscape	ambient/soundscape/thunder/thunderfar_14.ogg	USED-effect-unshipped
Soundscape	ambient/soundscape/thunder/thunderfar_15.ogg	USED-shipped
Soundscape	ambient/soundscape/thunder/thunderfar_16.ogg	USED-shipped
Soundscape	ambient/soundscape/thunder/thunderfar_17.ogg	HELD-loop-surplus
Soundscape	ambient/soundscape/thunder/thunderfar_18.ogg	HELD-loop-surplus
Soundscape	ambient/soundscape/thunder/thunderfar_19.ogg	USED-shipped
Soundscape	ambient/soundscape/thunder/thunderfar_2.ogg	USED-shipped
Soundscape	ambient/soundscape/thunder/thunderfar_20.ogg	USED-shipped
Soundscape	ambient/soundscape/thunder/thunderfar_21.ogg	USED-shipped
Soundscape	ambient/soundscape/thunder/thunderfar_22.ogg	HELD-loop-surplus
Soundscape	ambient/soundscape/thunder/thunderfar_23.ogg	USED-shipped
Soundscape	ambient/soundscape/thunder/thunderfar_24.ogg	USED-shipped
Soundscape	ambient/soundscape/thunder/thunderfar_25.ogg	HELD-loop-surplus
Soundscape	ambient/soundscape/thunder/thunderfar_26.ogg	HELD-loop-surplus
Soundscape	ambient/soundscape/thunder/thunderfar_3.ogg	USED-effect-unshipped
Soundscape	ambient/soundscape/thunder/thunderfar_4.ogg	HELD-loop-surplus
Soundscape	ambient/soundscape/thunder/thunderfar_5.ogg	USED-shipped
Soundscape	ambient/soundscape/thunder/thunderfar_6.ogg	HELD-loop-surplus
Soundscape	ambient/soundscape/thunder/thunderfar_7.ogg	HELD-loop-surplus
Soundscape	ambient/soundscape/thunder/thunderfar_8.ogg	USED-effect-unshipped
Soundscape	ambient/soundscape/thunder/thunderfar_9.ogg	USED-effect-unshipped
Soundscape	ambient/soundscape/underground/spooks_above/amb_dark/sound_01.ogg	INTRA-DUP-excluded
Soundscape	ambient/soundscape/underground/spooks_above/amb_dark/sound_02.ogg	INTRA-DUP-excluded
Soundscape	ambient/soundscape/underground/spooks_above/amb_dark/sound_03.ogg	INTRA-DUP-excluded
Soundscape	ambient/soundscape/underground/spooks_above/amb_dark/sound_04.ogg	USED-shipped
Soundscape	ambient/soundscape/underground/spooks_above/amb_dark/sound_05.ogg	INTRA-DUP-excluded
Soundscape	ambient/soundscape/underground/spooks_above/amb_dark/sound_06.ogg	INTRA-DUP-excluded
Soundscape	ambient/soundscape/underground/spooks_above/amb_dark/sound_07.ogg	INTRA-DUP-excluded
Soundscape	ambient/soundscape/underground/spooks_above/amb_dark/sound_08.ogg	INTRA-DUP-excluded
Soundscape	ambient/soundscape/underground/spooks_above/amb_dark/sound_09.ogg	INTRA-DUP-excluded
Soundscape	ambient/soundscape/underground/spooks_above/amb_dark/sound_10.ogg	INTRA-DUP-excluded
Soundscape	ambient/soundscape/underground/spooks_above/amb_dark/sound_11.ogg	INTRA-DUP-excluded
Soundscape	ambient/soundscape/underground/spooks_above/amb_dark/sound_12.ogg	INTRA-DUP-excluded
Soundscape	ambient/soundscape/underground/spooks_above/amb_dark/sound_13.ogg	INTRA-DUP-excluded
Soundscape	ambient/soundscape/underground/spooks_above/amb_dark/sound_14.ogg	INTRA-DUP-excluded
Soundscape	ambient/soundscape/underground/spooks_above/amb_dark/sound_15.ogg	INTRA-DUP-excluded
Soundscape	ambient/soundscape/underground/spooks_above/amb_dark/sound_16.ogg	INTRA-DUP-excluded
Soundscape	ambient/soundscape/underground/spooks_above/amb_night/sound_01.ogg	USED-shipped
Soundscape	ambient/soundscape/underground/spooks_above/amb_night/sound_02.ogg	INTRA-DUP-excluded
Soundscape	ambient/soundscape/underground/spooks_above/amb_night/sound_03.ogg	INTRA-DUP-excluded
Soundscape	ambient/soundscape/underground/spooks_above/amb_night/sound_04.ogg	INTRA-DUP-excluded
Soundscape	ambient/soundscape/underground/spooks_above/amb_night/sound_05.ogg	USED-shipped
Soundscape	ambient/soundscape/underground/spooks_above/amb_night/sound_06.ogg	INTRA-DUP-excluded
Soundscape	ambient/soundscape/underground/spooks_above/amb_night/sound_07.ogg	INTRA-DUP-excluded
Soundscape	ambient/soundscape/underground/spooks_above/amb_night/sound_08.ogg	USED-shipped
Soundscape	ambient/soundscape/underground/spooks_above/amb_night/sound_09.ogg	INTRA-DUP-excluded
Soundscape	ambient/soundscape/underground/spooks_above/amb_night/sound_10.ogg	INTRA-DUP-excluded
Soundscape	ambient/soundscape/underground/spooks_above/drone/sound_01.ogg	INTRA-DUP-excluded
Soundscape	ambient/soundscape/underground/spooks_above/drone/sound_02.ogg	INTRA-DUP-excluded
Soundscape	ambient/soundscape/underground/spooks_above/drone/sound_03.ogg	INTRA-DUP-excluded
Soundscape	ambient/soundscape/underground/spooks_above/drone/sound_04.ogg	INTRA-DUP-excluded
Soundscape	ambient/soundscape/underground/spooks_above/drone/sound_05.ogg	INTRA-DUP-excluded
Soundscape	ambient/soundscape/underground/spooks_above/drone/sound_06.ogg	INTRA-DUP-excluded
Soundscape	ambient/soundscape/underground/spooks_above/drone/sound_07.ogg	INTRA-DUP-excluded
Soundscape	ambient/soundscape/underground/spooks_above/drone/sound_08.ogg	INTRA-DUP-excluded
Soundscape	ambient/soundscape/underground/spooks_above/drone/sound_09.ogg	INTRA-DUP-excluded
Soundscape	ambient/soundscape/underground/spooks_above/drone/sound_10.ogg	INTRA-DUP-excluded
Soundscape	ambient/soundscape/underground/spooks_above/drone/sound_11.ogg	INTRA-DUP-excluded
Soundscape	ambient/soundscape/underground/spooks_above/mutants/sound_01.ogg	BASE-DUP-excluded
Soundscape	ambient/soundscape/underground/spooks_above/mutants/sound_02.ogg	BASE-DUP-excluded
Soundscape	ambient/soundscape/underground/spooks_above/mutants/sound_03.ogg	BASE-DUP-excluded
Soundscape	ambient/soundscape/underground/spooks_above/mutants/sound_04.ogg	BASE-DUP-excluded
Soundscape	ambient/soundscape/underground/spooks_above/mutants/sound_05.ogg	BASE-DUP-excluded
Soundscape	ambient/soundscape/underground/spooks_above/mutants/sound_06.ogg	BASE-DUP-excluded
Soundscape	ambient/soundscape/underground/spooks_above/mutants/sound_07.ogg	BASE-DUP-excluded
Soundscape	ambient/soundscape/underground/spooks_above/mutants/sound_08.ogg	BASE-DUP-excluded
Soundscape	ambient/soundscape/underground/spooks_above/mutants/sound_09.ogg	BASE-DUP-excluded
Soundscape	ambient/soundscape/underground/spooks_above/mutants/sound_10.ogg	BASE-DUP-excluded
Soundscape	ambient/soundscape/underground/spooks_above/mutants/sound_11.ogg	BASE-DUP-excluded
Soundscape	ambient/soundscape/underground/spooks_above/mutants/sound_12.ogg	BASE-DUP-excluded
Soundscape	ambient/soundscape/underground/spooks_above/mutants/sound_13.ogg	BASE-DUP-excluded
Soundscape	ambient/soundscape/underground/spooks_above/mutants/sound_14.ogg	BASE-DUP-excluded
Soundscape	ambient/soundscape/underground/spooks_above/mutants/sound_15.ogg	BASE-DUP-excluded
Soundscape	ambient/soundscape/underground/spooks_above/mutants/sound_16.ogg	BASE-DUP-excluded
Soundscape	ambient/soundscape/underground/spooks_above/mutants/sound_17.ogg	BASE-DUP-excluded
Soundscape	ambient/soundscape/underground/spooks_above/mutants/sound_18.ogg	BASE-DUP-excluded
Soundscape	ambient/soundscape/underground/spooks_above/mutants/sound_19.ogg	BASE-DUP-excluded
Soundscape	ambient/soundscape/underground/spooks_above/mutants/sound_20.ogg	BASE-DUP-excluded
Soundscape	ambient/soundscape/underground/spooks_above/mutants/sound_21.ogg	BASE-DUP-excluded
Soundscape	ambient/soundscape/underground/spooks_above/mutants/sound_22.ogg	BASE-DUP-excluded
Soundscape	ambient/soundscape/underground/spooks_above/mutants/sound_23.ogg	BASE-DUP-excluded
Soundscape	ambient/soundscape/underground/spooks_above/mutants/sound_24.ogg	BASE-DUP-excluded
Soundscape	ambient/soundscape/underground/spooks_above/mutants/sound_25.ogg	BASE-DUP-excluded
Soundscape	ambient/soundscape/underground/spooks_above/mutants/sound_26.ogg	BASE-DUP-excluded
Soundscape	ambient/soundscape/underground/spooks_above/mutants/sound_27.ogg	BASE-DUP-excluded
Soundscape	ambient/soundscape/underground/spooks_above/mutants/sound_28.ogg	BASE-DUP-excluded
Soundscape	ambient/soundscape/underground/spooks_above/mutants/sound_29.ogg	BASE-DUP-excluded
Soundscape	ambient/soundscape/underground/spooks_above/mutants/sound_30.ogg	BASE-DUP-excluded
Soundscape	ambient/soundscape/underground/spooks_above/mutants/sound_31.ogg	BASE-DUP-excluded
Soundscape	ambient/soundscape/underground/spooks_above/mutants/sound_32.ogg	BASE-DUP-excluded
Soundscape	ambient/soundscape/underground/spooks_above/mutants/sound_33.ogg	BASE-DUP-excluded
Soundscape	ambient/soundscape/underground/spooks_above/mutants/sound_34.ogg	BASE-DUP-excluded
Soundscape	ambient/soundscape/underground/spooks_above/mutants/sound_35.ogg	BASE-DUP-excluded
Soundscape	ambient/soundscape/underground/spooks_above/mutants/sound_36.ogg	BASE-DUP-excluded
Soundscape	ambient/soundscape/underground/spooks_above/mutants/sound_37.ogg	BASE-DUP-excluded
Soundscape	ambient/soundscape/underground/spooks_above/mutants/sound_38.ogg	BASE-DUP-excluded
Soundscape	ambient/soundscape/underground/spooks_above/mutants/sound_39.ogg	BASE-DUP-excluded
Soundscape	ambient/soundscape/underground/spooks_above/mutants/sound_40.ogg	BASE-DUP-excluded
Soundscape	ambient/soundscape/underground/spooks_above/screams/sound_01.ogg	INTRA-DUP-excluded
Soundscape	ambient/soundscape/underground/spooks_above/screams/sound_02.ogg	USED-shipped
Soundscape	ambient/soundscape/underground/spooks_above/screams/sound_03.ogg	INTRA-DUP-excluded
Soundscape	ambient/soundscape/underground/spooks_above/screams/sound_04.ogg	INTRA-DUP-excluded
Soundscape	ambient/soundscape/underground/spooks_above/screams/sound_05.ogg	INTRA-DUP-excluded
Soundscape	ambient/soundscape/underground/spooks_above/screams/sound_06.ogg	INTRA-DUP-excluded
Soundscape	ambient/soundscape/underground/spooks_above/screams/sound_07.ogg	INTRA-DUP-excluded
Soundscape	ambient/soundscape/underground/spooks_above/screams/sound_08.ogg	INTRA-DUP-excluded
Soundscape	ambient/soundscape/underground/spooks_above/screams/sound_09.ogg	INTRA-DUP-excluded
Soundscape	ambient/soundscape/underground/spooks_above/screams/sound_10.ogg	INTRA-DUP-excluded
Soundscape	ambient/soundscape/underground/spooks_above/screams/sound_11.ogg	INTRA-DUP-excluded
Soundscape	ambient/soundscape/underground/spooks_above/screams/sound_12.ogg	INTRA-DUP-excluded
Soundscape	ambient/soundscape/underground/spooks_above/screams/sound_13.ogg	INTRA-DUP-excluded
Soundscape	ambient/soundscape/underground/spooks_above/screams/sound_14.ogg	INTRA-DUP-excluded
Soundscape	ambient/soundscape/underground/spooks_above/screams/sound_15.ogg	INTRA-DUP-excluded
Soundscape	ambient/soundscape/underground/spooks_above/screams/sound_16.ogg	INTRA-DUP-excluded
Soundscape	ambient/soundscape/underground/spooks_above/screams/sound_17.ogg	INTRA-DUP-excluded
Soundscape	ambient/soundscape/underground/spooks_above/screams/sound_18.ogg	INTRA-DUP-excluded
Soundscape	ambient/soundscape/underground/spooks_above/screams/sound_19.ogg	INTRA-DUP-excluded
Soundscape	ambient/soundscape/underground/spooks_above/screams/sound_20.ogg	INTRA-DUP-excluded
Soundscape	ambient/soundscape/underground/spooks_above/screams/sound_21.ogg	INTRA-DUP-excluded
Soundscape	ambient/soundscape/underground/spooks_above/screams/sound_22.ogg	INTRA-DUP-excluded
Soundscape	ambient/soundscape/underground/spooks_above/screams/sound_23.ogg	INTRA-DUP-excluded
Soundscape	ambient/soundscape/underground/spooks_above/screams/sound_24.ogg	INTRA-DUP-excluded
Soundscape	ambient/soundscape/underground/spooks_above/screams/sound_25.ogg	INTRA-DUP-excluded
Soundscape	ambient/soundscape/underground/spooks_above/shooting/sound_01.ogg	BASE-DUP-excluded
Soundscape	ambient/soundscape/underground/spooks_above/shooting/sound_02.ogg	BASE-DUP-excluded
Soundscape	ambient/soundscape/underground/spooks_above/shooting/sound_03.ogg	BASE-DUP-excluded
Soundscape	ambient/soundscape/underground/spooks_above/shooting/sound_04.ogg	INTRA-DUP-excluded
Soundscape	ambient/soundscape/underground/spooks_above/shooting/sound_05.ogg	BASE-DUP-excluded
Soundscape	ambient/soundscape/underground/spooks_above/shooting/sound_06.ogg	BASE-DUP-excluded
Soundscape	ambient/soundscape/underground/spooks_above/shooting/sound_07.ogg	BASE-DUP-excluded
Soundscape	ambient/soundscape/underground/spooks_above/shooting/sound_08.ogg	INTRA-DUP-excluded
Soundscape	ambient/soundscape/underground/spooks_above/shooting/sound_09.ogg	INTRA-DUP-excluded
Soundscape	ambient/soundscape/underground/spooks_above/shooting/sound_10.ogg	BASE-DUP-excluded
Soundscape	ambient/soundscape/underground/spooks_above/shooting/sound_11.ogg	BASE-DUP-excluded
Soundscape	ambient/soundscape/underground/spooks_above/shooting/sound_12.ogg	INTRA-DUP-excluded
Soundscape	ambient/soundscape/underground/spooks_above/shooting/sound_13.ogg	BASE-DUP-excluded
Soundscape	ambient/soundscape/underground/spooks_above/shooting/sound_14.ogg	BASE-DUP-excluded
Soundscape	ambient/soundscape/underground/spooks_above/shooting/sound_15.ogg	BASE-DUP-excluded
Soundscape	ambient/soundscape/underground/spooks_above/shooting/sound_16.ogg	BASE-DUP-excluded
Soundscape	ambient/soundscape/underground/spooks_above/shooting/sound_17.ogg	BASE-DUP-excluded
Soundscape	ambient/soundscape/underground/spooks_above/shooting/sound_18.ogg	BASE-DUP-excluded
Soundscape	ambient/soundscape/underground/spooks_above/shooting/sound_19.ogg	BASE-DUP-excluded
Soundscape	ambient/soundscape/underground/spooks_above/shooting/sound_20.ogg	USED-shipped
Soundscape	ambient/soundscape/underground/spooks_above/shooting/sound_21.ogg	BASE-DUP-excluded
Soundscape	ambient/soundscape/underground/spooks_above/shooting/sound_22.ogg	INTRA-DUP-excluded
Soundscape	ambient/soundscape/underground/spooks_above/shooting/sound_23.ogg	USED-shipped
Soundscape	ambient/soundscape/underground/spooks_above/shooting/sound_24.ogg	BASE-DUP-excluded
Soundscape	ambient/soundscape/underground/spooks_above/shooting/sound_25.ogg	BASE-DUP-excluded
Soundscape	ambient/soundscape/underground/spooks_above/shooting/sound_26.ogg	USED-shipped
Soundscape	ambient/soundscape/underground/spooks_above/shooting/sound_27.ogg	BASE-DUP-excluded
Soundscape	ambient/soundscape/underground/spooks_above/shooting/sound_28.ogg	BASE-DUP-excluded
Soundscape	ambient/soundscape/underground/spooks_above/shooting/sound_29.ogg	USED-shipped
Soundscape	ambient/soundscape/underground/spooks_above/shooting/sound_30.ogg	BASE-DUP-excluded
Soundscape	ambient/soundscape/underground/spooks_above/shooting/sound_31.ogg	USED-shipped
Soundscape	ambient/soundscape/underground/spooks_above/shooting/sound_32.ogg	BASE-DUP-excluded
Soundscape	ambient/soundscape/underground/spooks_above/shooting/sound_33.ogg	USED-shipped
Soundscape	ambient/soundscape/underground/spooks_above/shooting/sound_34.ogg	BASE-DUP-excluded
Soundscape	ambient/soundscape/underground/spooks_above/shooting/sound_35.ogg	BASE-DUP-excluded
Soundscape	ambient/soundscape/underground/spooks_above/shooting/sound_36.ogg	BASE-DUP-excluded
Soundscape	ambient/soundscape/underground/spooks_above/shooting/sound_37.ogg	BASE-DUP-excluded
Soundscape	ambient/soundscape/underground/spooks_above/spooks/sound_01.ogg	INTRA-DUP-excluded
Soundscape	ambient/soundscape/underground/spooks_above/spooks/sound_02.ogg	INTRA-DUP-excluded
Soundscape	ambient/soundscape/underground/spooks_above/spooks/sound_03.ogg	INTRA-DUP-excluded
Soundscape	ambient/soundscape/underground/spooks_above/spooks/sound_04.ogg	INTRA-DUP-excluded
Soundscape	ambient/soundscape/underground/spooks_above/spooks/sound_05.ogg	INTRA-DUP-excluded
Soundscape	ambient/soundscape/underground/spooks_above/spooks/sound_06.ogg	INTRA-DUP-excluded
Soundscape	ambient/soundscape/underground/spooks_above/spooks/sound_07.ogg	INTRA-DUP-excluded
Soundscape	ambient/soundscape/underground/spooks_above/spooks/sound_08.ogg	INTRA-DUP-excluded
Soundscape	ambient/soundscape/underground/spooks_above/spooks/sound_09.ogg	INTRA-DUP-excluded
Soundscape	ambient/soundscape/underground/spooks_above/spooks/sound_10.ogg	INTRA-DUP-excluded
Soundscape	ambient/soundscape/underground/spooks_above/spooks/sound_11.ogg	INTRA-DUP-excluded
Soundscape	ambient/soundscape/underground/spooks_above/spooks/sound_12.ogg	INTRA-DUP-excluded
Soundscape	ambient/soundscape/underground/spooks_above/spooks/sound_13.ogg	INTRA-DUP-excluded
Soundscape	ambient/soundscape/underground/spooks_above/spooks/sound_14.ogg	INTRA-DUP-excluded
Soundscape	ambient/soundscape/underground/spooks_above/spooks/sound_15.ogg	INTRA-DUP-excluded
Soundscape	ambient/soundscape/underground/spooks_above/spooks/sound_16.ogg	INTRA-DUP-excluded
Soundscape	ambient/soundscape/underground/spooks_above/spooks/sound_17.ogg	INTRA-DUP-excluded
Soundscape	ambient/soundscape/underground/spooks_above/spooks/sound_18.ogg	INTRA-DUP-excluded
Soundscape	ambient/soundscape/underground/spooks_above/spooks/sound_19.ogg	INTRA-DUP-excluded
Soundscape	ambient/soundscape/underground/spooks_above/spooks/sound_20.ogg	INTRA-DUP-excluded
Soundscape	ambient/soundscape/underground/spooks_above/spooks/sound_21.ogg	INTRA-DUP-excluded
Soundscape	ambient/soundscape/underground/spooks_above/spooks/sound_22.ogg	INTRA-DUP-excluded
Soundscape	ambient/soundscape/underground/spooks_above/spooks/sound_23.ogg	INTRA-DUP-excluded
Soundscape	ambient/soundscape/underground/spooks_above/spooks/sound_24.ogg	INTRA-DUP-excluded
Soundscape	ambient/soundscape/underground/spooks_above/spooks/sound_25.ogg	INTRA-DUP-excluded
Soundscape	ambient/soundscape/underground/spooks_above/spooks/sound_26.ogg	INTRA-DUP-excluded
Soundscape	ambient/soundscape/underground/spooks_above/spooks/sound_27.ogg	INTRA-DUP-excluded
Soundscape	ambient/soundscape/underground/spooks_above/spooks/sound_28.ogg	INTRA-DUP-excluded
Soundscape	ambient/soundscape/underground/spooks_above/spooks/sound_29.ogg	INTRA-DUP-excluded
Soundscape	ambient/soundscape/underground/spooks_above/spooks/sound_30.ogg	INTRA-DUP-excluded
Soundscape	ambient/soundscape/underground/spooks_above/spooks/sound_31.ogg	INTRA-DUP-excluded
Soundscape	ambient/soundscape/underground/spooks_above/spooks/sound_32.ogg	INTRA-DUP-excluded
Soundscape	ambient/soundscape/underground/spooks_above/spooks/sound_33.ogg	INTRA-DUP-excluded
Soundscape	ambient/soundscape/underground/spooks_above/spooks/sound_34.ogg	INTRA-DUP-excluded
Soundscape	ambient/soundscape/underground/spooks_above/spooks/sound_35.ogg	INTRA-DUP-excluded
Soundscape	ambient/soundscape/underground/spooks_above/spooks/sound_36.ogg	INTRA-DUP-excluded
Soundscape	ambient/soundscape/underground/spooks_above/spooks/sound_37.ogg	INTRA-DUP-excluded
Soundscape	ambient/soundscape/underground/spooks_below/ambient/sound_01.ogg	BASE-DUP-excluded
Soundscape	ambient/soundscape/underground/spooks_below/ambient/sound_02.ogg	BASE-DUP-excluded
Soundscape	ambient/soundscape/underground/spooks_below/ambient/sound_03.ogg	BASE-DUP-excluded
Soundscape	ambient/soundscape/underground/spooks_below/ambient/sound_04.ogg	BASE-DUP-excluded
Soundscape	ambient/soundscape/underground/spooks_below/ambient/sound_05.ogg	BASE-DUP-excluded
Soundscape	ambient/soundscape/underground/spooks_below/ambient/sound_06.ogg	BASE-DUP-excluded
Soundscape	ambient/soundscape/underground/spooks_below/ambient/sound_07.ogg	BASE-DUP-excluded
Soundscape	ambient/soundscape/underground/spooks_below/ambient/sound_08.ogg	BASE-DUP-excluded
Soundscape	ambient/soundscape/underground/spooks_below/ambient/sound_09.ogg	BASE-DUP-excluded
Soundscape	ambient/soundscape/underground/spooks_below/ambient/sound_10.ogg	BASE-DUP-excluded
Soundscape	ambient/soundscape/underground/spooks_below/ambient/sound_11.ogg	BASE-DUP-excluded
Soundscape	ambient/soundscape/underground/spooks_below/ambient/sound_12.ogg	BASE-DUP-excluded
Soundscape	ambient/soundscape/underground/spooks_below/banging/sound_01.ogg	BASE-DUP-excluded
Soundscape	ambient/soundscape/underground/spooks_below/banging/sound_02.ogg	BASE-DUP-excluded
Soundscape	ambient/soundscape/underground/spooks_below/banging/sound_03.ogg	BASE-DUP-excluded
Soundscape	ambient/soundscape/underground/spooks_below/banging/sound_04.ogg	BASE-DUP-excluded
Soundscape	ambient/soundscape/underground/spooks_below/banging/sound_05.ogg	BASE-DUP-excluded
Soundscape	ambient/soundscape/underground/spooks_below/banging/sound_06.ogg	BASE-DUP-excluded
Soundscape	ambient/soundscape/underground/spooks_below/banging/sound_07.ogg	BASE-DUP-excluded
Soundscape	ambient/soundscape/underground/spooks_below/drone/sound_01.ogg	BASE-DUP-excluded
Soundscape	ambient/soundscape/underground/spooks_below/drone/sound_02.ogg	BASE-DUP-excluded
Soundscape	ambient/soundscape/underground/spooks_below/drone/sound_03.ogg	BASE-DUP-excluded
Soundscape	ambient/soundscape/underground/spooks_below/drone/sound_04.ogg	BASE-DUP-excluded
Soundscape	ambient/soundscape/underground/spooks_below/drone/sound_05.ogg	BASE-DUP-excluded
Soundscape	ambient/soundscape/underground/spooks_below/drone/sound_06.ogg	BASE-DUP-excluded
Soundscape	ambient/soundscape/underground/spooks_below/drone/sound_07.ogg	BASE-DUP-excluded
Soundscape	ambient/soundscape/underground/spooks_below/drone/sound_08.ogg	BASE-DUP-excluded
Soundscape	ambient/soundscape/underground/spooks_below/drone/sound_09.ogg	BASE-DUP-excluded
Soundscape	ambient/soundscape/underground/spooks_below/drone/sound_10.ogg	BASE-DUP-excluded
Soundscape	ambient/soundscape/underground/spooks_below/lab/sound_01.ogg	BASE-DUP-excluded
Soundscape	ambient/soundscape/underground/spooks_below/lab/sound_02.ogg	BASE-DUP-excluded
Soundscape	ambient/soundscape/underground/spooks_below/lab/sound_03.ogg	BASE-DUP-excluded
Soundscape	ambient/soundscape/underground/spooks_below/lab/sound_04.ogg	BASE-DUP-excluded
Soundscape	ambient/soundscape/underground/spooks_below/lab/sound_05.ogg	BASE-DUP-excluded
Soundscape	ambient/soundscape/underground/spooks_below/lab/sound_06.ogg	BASE-DUP-excluded
Soundscape	ambient/soundscape/underground/spooks_below/machine/sound_01.ogg	BASE-DUP-excluded
Soundscape	ambient/soundscape/underground/spooks_below/machine/sound_02.ogg	BASE-DUP-excluded
Soundscape	ambient/soundscape/underground/spooks_below/machine/sound_03.ogg	BASE-DUP-excluded
Soundscape	ambient/soundscape/underground/spooks_below/machine/sound_04.ogg	BASE-DUP-excluded
Soundscape	ambient/soundscape/underground/spooks_below/machine/sound_05.ogg	BASE-DUP-excluded
Soundscape	ambient/soundscape/underground/spooks_below/machine/sound_06.ogg	BASE-DUP-excluded
Soundscape	ambient/soundscape/underground/spooks_below/machine/sound_07.ogg	BASE-DUP-excluded
Soundscape	ambient/soundscape/underground/spooks_below/machine/sound_08.ogg	BASE-DUP-excluded
Soundscape	ambient/soundscape/underground/spooks_below/machine/sound_09.ogg	BASE-DUP-excluded
Soundscape	ambient/soundscape/underground/spooks_below/machine/sound_10.ogg	BASE-DUP-excluded
Soundscape	ambient/soundscape/underground/spooks_below/machine/sound_11.ogg	BASE-DUP-excluded
Soundscape	ambient/soundscape/underground/spooks_below/machine/sound_12.ogg	BASE-DUP-excluded
Soundscape	ambient/soundscape/underground/spooks_below/metal/sound_01.ogg	BASE-DUP-excluded
Soundscape	ambient/soundscape/underground/spooks_below/metal/sound_02.ogg	BASE-DUP-excluded
Soundscape	ambient/soundscape/underground/spooks_below/metal/sound_03.ogg	BASE-DUP-excluded
Soundscape	ambient/soundscape/underground/spooks_below/metal/sound_04.ogg	BASE-DUP-excluded
Soundscape	ambient/soundscape/underground/spooks_below/metal/sound_05.ogg	BASE-DUP-excluded
Soundscape	ambient/soundscape/underground/spooks_below/metal/sound_06.ogg	BASE-DUP-excluded
Soundscape	ambient/soundscape/underground/spooks_below/metal/sound_07.ogg	BASE-DUP-excluded
Soundscape	ambient/soundscape/underground/spooks_below/metal/sound_08.ogg	BASE-DUP-excluded
Soundscape	ambient/soundscape/underground/spooks_below/metal/sound_09.ogg	BASE-DUP-excluded
Soundscape	ambient/soundscape/underground/spooks_below/metal/sound_10.ogg	BASE-DUP-excluded
Soundscape	ambient/soundscape/underground/spooks_below/metal/sound_11.ogg	BASE-DUP-excluded
Soundscape	ambient/soundscape/underground/spooks_below/metal/sound_12.ogg	BASE-DUP-excluded
Soundscape	ambient/soundscape/underground/spooks_below/metal/sound_13.ogg	BASE-DUP-excluded
Soundscape	ambient/soundscape/underground/spooks_below/metal/sound_14.ogg	BASE-DUP-excluded
Soundscape	ambient/soundscape/underground/spooks_below/noise/sound_01.ogg	BASE-DUP-excluded
Soundscape	ambient/soundscape/underground/spooks_below/noise/sound_02.ogg	BASE-DUP-excluded
Soundscape	ambient/soundscape/underground/spooks_below/noise/sound_03.ogg	BASE-DUP-excluded
Soundscape	ambient/soundscape/underground/spooks_below/noise/sound_04.ogg	BASE-DUP-excluded
Soundscape	ambient/soundscape/underground/spooks_below/noise/sound_05.ogg	BASE-DUP-excluded
Soundscape	ambient/soundscape/underground/spooks_below/noise/sound_06.ogg	BASE-DUP-excluded
Soundscape	ambient/soundscape/underground/spooks_below/noise/sound_07.ogg	BASE-DUP-excluded
Soundscape	ambient/soundscape/underground/spooks_below/noise/sound_08.ogg	BASE-DUP-excluded
Soundscape	ambient/soundscape/underground/spooks_below/noise/sound_09.ogg	BASE-DUP-excluded
Soundscape	ambient/soundscape/underground/spooks_below/noise/sound_10.ogg	BASE-DUP-excluded
Soundscape	ambient/soundscape/underground/spooks_below/noise/sound_11.ogg	BASE-DUP-excluded
Soundscape	ambient/soundscape/underground/spooks_below/noise/sound_12.ogg	BASE-DUP-excluded
Soundscape	ambient/soundscape/underground/spooks_below/noise/sound_13.ogg	BASE-DUP-excluded
Soundscape	ambient/soundscape/underground/spooks_below/noise/sound_14.ogg	BASE-DUP-excluded
Soundscape	ambient/soundscape/underground/spooks_below/noise/sound_15.ogg	BASE-DUP-excluded
Soundscape	ambient/soundscape/underground/spooks_below/noise/sound_16.ogg	BASE-DUP-excluded
Soundscape	ambient/soundscape/underground/spooks_below/noise/sound_17.ogg	BASE-DUP-excluded
Soundscape	ambient/soundscape/underground/spooks_below/noise/sound_18.ogg	BASE-DUP-excluded
Soundscape	ambient/soundscape/underground/spooks_below/noise/sound_19.ogg	BASE-DUP-excluded
Soundscape	ambient/soundscape/underground/spooks_below/noise/sound_20.ogg	BASE-DUP-excluded
Soundscape	ambient/soundscape/underground/spooks_below/noise/sound_21.ogg	BASE-DUP-excluded
Soundscape	ambient/soundscape/underground/spooks_below/noise/sound_22.ogg	BASE-DUP-excluded
Soundscape	ambient/soundscape/underground/spooks_below/noise/sound_23.ogg	BASE-DUP-excluded
Soundscape	ambient/soundscape/underground/spooks_below/noise/sound_24.ogg	BASE-DUP-excluded
Soundscape	ambient/soundscape/underground/spooks_below/noise/sound_25.ogg	BASE-DUP-excluded
Soundscape	ambient/soundscape/underground/spooks_below/noise/sound_26.ogg	BASE-DUP-excluded
Soundscape	ambient/soundscape/underground/spooks_below/noise/sound_27.ogg	BASE-DUP-excluded
Soundscape	ambient/soundscape/underground/spooks_below/noise/sound_28.ogg	BASE-DUP-excluded
Soundscape	ambient/soundscape/underground/spooks_below/rats/sound_01.ogg	BASE-DUP-excluded
Soundscape	ambient/soundscape/underground/spooks_below/rats/sound_02.ogg	BASE-DUP-excluded
Soundscape	ambient/soundscape/underground/spooks_below/rats/sound_03.ogg	BASE-DUP-excluded
Soundscape	ambient/soundscape/underground/spooks_below/rats/sound_04.ogg	BASE-DUP-excluded
Soundscape	ambient/soundscape/underground/spooks_below/rats/sound_05.ogg	BASE-DUP-excluded
Soundscape	ambient/soundscape/underground/spooks_below/rats/sound_06.ogg	BASE-DUP-excluded
Soundscape	ambient/soundscape/underground/spooks_below/rats/sound_07.ogg	USED-shipped
Soundscape	ambient/soundscape/underground/spooks_below/spooks/sound_01.ogg	BASE-DUP-excluded
Soundscape	ambient/soundscape/underground/spooks_below/spooks/sound_02.ogg	BASE-DUP-excluded
Soundscape	ambient/soundscape/underground/spooks_below/spooks/sound_03.ogg	BASE-DUP-excluded
Soundscape	ambient/soundscape/underground/spooks_below/spooks/sound_04.ogg	BASE-DUP-excluded
Soundscape	ambient/soundscape/underground/spooks_below/spooks/sound_05.ogg	BASE-DUP-excluded
Soundscape	ambient/soundscape/underground/spooks_below/spooks/sound_06.ogg	BASE-DUP-excluded
Soundscape	ambient/soundscape/underground/spooks_below/spooks/sound_07.ogg	BASE-DUP-excluded
Soundscape	ambient/soundscape/underground/spooks_below/spooks/sound_08.ogg	BASE-DUP-excluded
Soundscape	ambient/soundscape/underground/spooks_below/spooks/sound_09.ogg	BASE-DUP-excluded
Soundscape	ambient/soundscape/underground/spooks_below/spooks/sound_10.ogg	BASE-DUP-excluded
Soundscape	ambient/soundscape/underground/spooks_below/spooks/sound_11.ogg	BASE-DUP-excluded
Soundscape	ambient/soundscape/underground/spooks_below/spooks/sound_12.ogg	BASE-DUP-excluded
Soundscape	ambient/soundscape/underground/spooks_below/spooks/sound_13.ogg	BASE-DUP-excluded
Soundscape	ambient/soundscape/underground/spooks_below/spooks/sound_14.ogg	BASE-DUP-excluded
Soundscape	ambient/soundscape/underground/spooks_below/spooks/sound_15.ogg	BASE-DUP-excluded
Soundscape	ambient/soundscape/underground/spooks_below/spooks/sound_16.ogg	BASE-DUP-excluded
Soundscape	ambient/soundscape/underground/spooks_below/spooks/sound_17.ogg	BASE-DUP-excluded
Soundscape	ambient/soundscape/underground/spooks_below/spooks/sound_18.ogg	BASE-DUP-excluded
Soundscape	ambient/soundscape/underground/spooks_below/spooks/sound_19.ogg	BASE-DUP-excluded
Soundscape	ambient/soundscape/underground/spooks_below/spooks/sound_20.ogg	BASE-DUP-excluded
Soundscape	ambient/soundscape/underground/spooks_below/spooks/sound_21.ogg	BASE-DUP-excluded
Soundscape	ambient/soundscape/underground/spooks_below/spooks/sound_22.ogg	BASE-DUP-excluded
Soundscape	ambient/soundscape/underground/spooks_below/spooks/~sound_21.ogg	USED-shipped
Soundscape	ambient/soundscape/underground/spooks_below/water_drip/sound_01.ogg	BASE-DUP-excluded
Soundscape	ambient/soundscape/underground/spooks_below/water_drip/sound_02.ogg	BASE-DUP-excluded
Soundscape	ambient/soundscape/underground/spooks_below/water_drip/sound_03.ogg	BASE-DUP-excluded
Soundscape	ambient/soundscape/underground/spooks_below/water_drip/sound_04.ogg	BASE-DUP-excluded
Soundscape	ambient/soundscape/underground/spooks_below/water_drip/sound_05.ogg	BASE-DUP-excluded
Soundscape	ambient/soundscape/underground/spooks_below/water_drip/sound_06.ogg	BASE-DUP-excluded
Soundscape	ambient/soundscape/underground/spooks_below/water_drip/sound_07.ogg	BASE-DUP-excluded
Soundscape	ambient/soundscape/underground/spooks_below/water_drip/sound_08.ogg	BASE-DUP-excluded
Soundscape	ambient/soundscape/underground/spooks_below/water_drip/sound_09.ogg	BASE-DUP-excluded
Soundscape	ambient/soundscape/underground/spooks_below/water_drip/sound_10.ogg	BASE-DUP-excluded
Soundscape	ambient/soundscape/underground/spooks_below/water_drip/sound_11.ogg	BASE-DUP-excluded
Soundscape	ambient/soundscape/underground/under_1.ogg	BASE-DUP-excluded
Soundscape	ambient/soundscape/underground/under_10.ogg	BASE-DUP-excluded
Soundscape	ambient/soundscape/underground/under_11.ogg	BASE-DUP-excluded
Soundscape	ambient/soundscape/underground/under_12.ogg	BASE-DUP-excluded
Soundscape	ambient/soundscape/underground/under_13.ogg	BASE-DUP-excluded
Soundscape	ambient/soundscape/underground/under_14.ogg	BASE-DUP-excluded
Soundscape	ambient/soundscape/underground/under_15.ogg	BASE-DUP-excluded
Soundscape	ambient/soundscape/underground/under_16.ogg	BASE-DUP-excluded
Soundscape	ambient/soundscape/underground/under_17.ogg	BASE-DUP-excluded
Soundscape	ambient/soundscape/underground/under_18.ogg	BASE-DUP-excluded
Soundscape	ambient/soundscape/underground/under_19.ogg	BASE-DUP-excluded
Soundscape	ambient/soundscape/underground/under_2.ogg	BASE-DUP-excluded
Soundscape	ambient/soundscape/underground/under_20.ogg	BASE-DUP-excluded
Soundscape	ambient/soundscape/underground/under_21.ogg	USED-effect-unshipped
Soundscape	ambient/soundscape/underground/under_22.ogg	BASE-DUP-excluded
Soundscape	ambient/soundscape/underground/under_23.ogg	BASE-DUP-excluded
Soundscape	ambient/soundscape/underground/under_24.ogg	BASE-DUP-excluded
Soundscape	ambient/soundscape/underground/under_25.ogg	BASE-DUP-excluded
Soundscape	ambient/soundscape/underground/under_26.ogg	BASE-DUP-excluded
Soundscape	ambient/soundscape/underground/under_27.ogg	BASE-DUP-excluded
Soundscape	ambient/soundscape/underground/under_28.ogg	BASE-DUP-excluded
Soundscape	ambient/soundscape/underground/under_29.ogg	BASE-DUP-excluded
Soundscape	ambient/soundscape/underground/under_3.ogg	BASE-DUP-excluded
Soundscape	ambient/soundscape/underground/under_30.ogg	BASE-DUP-excluded
Soundscape	ambient/soundscape/underground/under_31.ogg	BASE-DUP-excluded
Soundscape	ambient/soundscape/underground/under_32.ogg	BASE-DUP-excluded
Soundscape	ambient/soundscape/underground/under_4.ogg	BASE-DUP-excluded
Soundscape	ambient/soundscape/underground/under_5.ogg	BASE-DUP-excluded
Soundscape	ambient/soundscape/underground/under_6.ogg	BASE-DUP-excluded
Soundscape	ambient/soundscape/underground/under_7.ogg	BASE-DUP-excluded
Soundscape	ambient/soundscape/underground/under_8.ogg	BASE-DUP-excluded
Soundscape	ambient/soundscape/underground/under_9.ogg	BASE-DUP-excluded
Soundscape	ambient/soundscape/urban/ambienturban_1.ogg	BASE-DUP-excluded
Soundscape	ambient/soundscape/urban/ambienturban_10.ogg	BASE-DUP-excluded
Soundscape	ambient/soundscape/urban/ambienturban_11.ogg	BASE-DUP-excluded
Soundscape	ambient/soundscape/urban/ambienturban_12.ogg	BASE-DUP-excluded
Soundscape	ambient/soundscape/urban/ambienturban_13.ogg	BASE-DUP-excluded
Soundscape	ambient/soundscape/urban/ambienturban_14.ogg	BASE-DUP-excluded
Soundscape	ambient/soundscape/urban/ambienturban_15.ogg	BASE-DUP-excluded
Soundscape	ambient/soundscape/urban/ambienturban_16.ogg	BASE-DUP-excluded
Soundscape	ambient/soundscape/urban/ambienturban_17.ogg	BASE-DUP-excluded
Soundscape	ambient/soundscape/urban/ambienturban_18.ogg	BASE-DUP-excluded
Soundscape	ambient/soundscape/urban/ambienturban_19.ogg	BASE-DUP-excluded
Soundscape	ambient/soundscape/urban/ambienturban_2.ogg	BASE-DUP-excluded
Soundscape	ambient/soundscape/urban/ambienturban_20.ogg	BASE-DUP-excluded
Soundscape	ambient/soundscape/urban/ambienturban_21.ogg	BASE-DUP-excluded
Soundscape	ambient/soundscape/urban/ambienturban_22.ogg	BASE-DUP-excluded
Soundscape	ambient/soundscape/urban/ambienturban_23.ogg	BASE-DUP-excluded
Soundscape	ambient/soundscape/urban/ambienturban_24.ogg	BASE-DUP-excluded
Soundscape	ambient/soundscape/urban/ambienturban_25.ogg	BASE-DUP-excluded
Soundscape	ambient/soundscape/urban/ambienturban_26.ogg	BASE-DUP-excluded
Soundscape	ambient/soundscape/urban/ambienturban_27.ogg	BASE-DUP-excluded
Soundscape	ambient/soundscape/urban/ambienturban_3.ogg	BASE-DUP-excluded
Soundscape	ambient/soundscape/urban/ambienturban_4.ogg	BASE-DUP-excluded
Soundscape	ambient/soundscape/urban/ambienturban_5.ogg	BASE-DUP-excluded
Soundscape	ambient/soundscape/urban/ambienturban_6.ogg	BASE-DUP-excluded
Soundscape	ambient/soundscape/urban/ambienturban_7.ogg	BASE-DUP-excluded
Soundscape	ambient/soundscape/urban/ambienturban_8.ogg	BASE-DUP-excluded
Soundscape	ambient/soundscape/urban/ambienturban_9.ogg	BASE-DUP-excluded
Soundscape	ambient/soundscape/wind/housewind01.ogg	BASE-DUP-excluded
Soundscape	ambient/soundscape/wind/housewind02.ogg	BASE-DUP-excluded
Soundscape	ambient/soundscape/wind/housewind03.ogg	BASE-DUP-excluded
Soundscape	ambient/soundscape/wind/housewind04.ogg	BASE-DUP-excluded
Soundscape	ambient/soundscape/wind/housewind05.ogg	BASE-DUP-excluded
Soundscape	ambient/soundscape/wind/housewind06.ogg	BASE-DUP-excluded
Soundscape	ambient/soundscape/wind/housewind07.ogg	BASE-DUP-excluded
Soundscape	ambient/soundscape/wind/housewind08.ogg	BASE-DUP-excluded
Soundscape	ambient/soundscape/wind/housewind09.ogg	BASE-DUP-excluded
Soundscape	ambient/soundscape/wind/housewind10.ogg	BASE-DUP-excluded
Soundscape	ambient/soundscape/wind/housewind11.ogg	BASE-DUP-excluded
Soundscape	ambient/soundscape/wind/housewind12.ogg	BASE-DUP-excluded
Soundscape	ambient/soundscape/wind/housewind13.ogg	BASE-DUP-excluded
Soundscape	ambient/soundscape/wind/housewind14.ogg	BASE-DUP-excluded
Soundscape	ambient/soundscape/wind/housewind15.ogg	BASE-DUP-excluded
Soundscape	ambient/soundscape/wind/housewind16.ogg	off-scope-or-dup
Soundscape	ambient/soundscape/wind/windbush_1.ogg	off-scope-or-dup
Soundscape	ambient/soundscape/wind/windbush_2.ogg	off-scope-or-dup
Soundscape	ambient/soundscape/wind/windbush_3.ogg	off-scope-or-dup
Soundscape	ambient/soundscape/wind/windbush_4.ogg	off-scope-or-dup
Soundscape	ambient/soundscape/wind/windbush_5.ogg	off-scope-or-dup
Soundscape	ambient/soundscape/wind/windtree_1.ogg	off-scope-or-dup
Soundscape	ambient/soundscape/wind/windtree_10.ogg	off-scope-or-dup
Soundscape	ambient/soundscape/wind/windtree_11.ogg	off-scope-or-dup
Soundscape	ambient/soundscape/wind/windtree_12.ogg	off-scope-or-dup
Soundscape	ambient/soundscape/wind/windtree_2.ogg	off-scope-or-dup
Soundscape	ambient/soundscape/wind/windtree_3.ogg	off-scope-or-dup
Soundscape	ambient/soundscape/wind/windtree_4.ogg	off-scope-or-dup
Soundscape	ambient/soundscape/wind/windtree_5.ogg	off-scope-or-dup
Soundscape	ambient/soundscape/wind/windtree_6.ogg	off-scope-or-dup
Soundscape	ambient/soundscape/wind/windtree_7.ogg	off-scope-or-dup
Soundscape	ambient/soundscape/wind/windtree_8.ogg	off-scope-or-dup
Soundscape	ambient/soundscape/wind/windtree_9.ogg	off-scope-or-dup
Soundscape	ambient/soundscape/wind/windtreestorm_1.ogg	BASE-DUP-excluded
Soundscape	ambient/soundscape/wind/windtreestorm_10.ogg	BASE-DUP-excluded
Soundscape	ambient/soundscape/wind/windtreestorm_11.ogg	BASE-DUP-excluded
Soundscape	ambient/soundscape/wind/windtreestorm_12.ogg	BASE-DUP-excluded
Soundscape	ambient/soundscape/wind/windtreestorm_2.ogg	BASE-DUP-excluded
Soundscape	ambient/soundscape/wind/windtreestorm_3.ogg	BASE-DUP-excluded
Soundscape	ambient/soundscape/wind/windtreestorm_4.ogg	BASE-DUP-excluded
Soundscape	ambient/soundscape/wind/windtreestorm_5.ogg	BASE-DUP-excluded
Soundscape	ambient/soundscape/wind/windtreestorm_6.ogg	BASE-DUP-excluded
Soundscape	ambient/soundscape/wind/windtreestorm_7.ogg	BASE-DUP-excluded
Soundscape	ambient/soundscape/wind/windtreestorm_8.ogg	BASE-DUP-excluded
Soundscape	ambient/soundscape/wind/windtreestorm_9.ogg	BASE-DUP-excluded
Soundscape	ambient/soundscape/wind/windwhistle1.ogg	off-scope-or-dup
Soundscape	ambient/soundscape/wind/windwhistle2.ogg	off-scope-or-dup
Soundscape	ambient/soundscape/wind/windwhistle3.ogg	off-scope-or-dup
Soundscape	ambient/soundscape/wind/windwhistle4.ogg	off-scope-or-dup
Soundscape	ambient/soundscape/wind/windwhistle5.ogg	off-scope-or-dup
Soundscape	ambient/soundscape/wind/windwhistle6.ogg	off-scope-or-dup
Soundscape	ambient/soundscape/wind/windwhistle7.ogg	off-scope-or-dup
Soundscape	ambient/trx/spooks_above/amb_dark/sound_01.ogg	BASE-DUP-excluded
Soundscape	ambient/trx/spooks_above/amb_dark/sound_02.ogg	BASE-DUP-excluded
Soundscape	ambient/trx/spooks_above/amb_dark/sound_03.ogg	BASE-DUP-excluded
Soundscape	ambient/trx/spooks_above/amb_dark/sound_04.ogg	USED-shipped
Soundscape	ambient/trx/spooks_above/amb_dark/sound_05.ogg	BASE-DUP-excluded
Soundscape	ambient/trx/spooks_above/amb_dark/sound_06.ogg	BASE-DUP-excluded
Soundscape	ambient/trx/spooks_above/amb_dark/sound_07.ogg	BASE-DUP-excluded
Soundscape	ambient/trx/spooks_above/amb_dark/sound_08.ogg	BASE-DUP-excluded
Soundscape	ambient/trx/spooks_above/amb_dark/sound_09.ogg	BASE-DUP-excluded
Soundscape	ambient/trx/spooks_above/amb_dark/sound_10.ogg	BASE-DUP-excluded
Soundscape	ambient/trx/spooks_above/amb_dark/sound_11.ogg	BASE-DUP-excluded
Soundscape	ambient/trx/spooks_above/amb_dark/sound_12.ogg	BASE-DUP-excluded
Soundscape	ambient/trx/spooks_above/amb_dark/sound_13.ogg	BASE-DUP-excluded
Soundscape	ambient/trx/spooks_above/amb_dark/sound_14.ogg	BASE-DUP-excluded
Soundscape	ambient/trx/spooks_above/amb_dark/sound_15.ogg	BASE-DUP-excluded
Soundscape	ambient/trx/spooks_above/amb_dark/sound_16.ogg	BASE-DUP-excluded
Soundscape	ambient/trx/spooks_above/amb_night/sound_01.ogg	USED-shipped
Soundscape	ambient/trx/spooks_above/amb_night/sound_02.ogg	BASE-DUP-excluded
Soundscape	ambient/trx/spooks_above/amb_night/sound_03.ogg	BASE-DUP-excluded
Soundscape	ambient/trx/spooks_above/amb_night/sound_04.ogg	BASE-DUP-excluded
Soundscape	ambient/trx/spooks_above/amb_night/sound_05.ogg	USED-shipped
Soundscape	ambient/trx/spooks_above/amb_night/sound_06.ogg	BASE-DUP-excluded
Soundscape	ambient/trx/spooks_above/amb_night/sound_07.ogg	BASE-DUP-excluded
Soundscape	ambient/trx/spooks_above/amb_night/sound_08.ogg	USED-shipped
Soundscape	ambient/trx/spooks_above/amb_night/sound_09.ogg	BASE-DUP-excluded
Soundscape	ambient/trx/spooks_above/amb_night/sound_10.ogg	BASE-DUP-excluded
Soundscape	ambient/trx/spooks_above/drone/sound_01.ogg	BASE-DUP-excluded
Soundscape	ambient/trx/spooks_above/drone/sound_02.ogg	BASE-DUP-excluded
Soundscape	ambient/trx/spooks_above/drone/sound_03.ogg	BASE-DUP-excluded
Soundscape	ambient/trx/spooks_above/drone/sound_04.ogg	BASE-DUP-excluded
Soundscape	ambient/trx/spooks_above/drone/sound_05.ogg	BASE-DUP-excluded
Soundscape	ambient/trx/spooks_above/drone/sound_06.ogg	BASE-DUP-excluded
Soundscape	ambient/trx/spooks_above/drone/sound_07.ogg	BASE-DUP-excluded
Soundscape	ambient/trx/spooks_above/drone/sound_08.ogg	BASE-DUP-excluded
Soundscape	ambient/trx/spooks_above/drone/sound_09.ogg	BASE-DUP-excluded
Soundscape	ambient/trx/spooks_above/drone/sound_10.ogg	BASE-DUP-excluded
Soundscape	ambient/trx/spooks_above/drone/sound_11.ogg	BASE-DUP-excluded
Soundscape	ambient/trx/spooks_above/mutants/sound_01.ogg	BASE-DUP-excluded
Soundscape	ambient/trx/spooks_above/mutants/sound_02.ogg	BASE-DUP-excluded
Soundscape	ambient/trx/spooks_above/mutants/sound_03.ogg	BASE-DUP-excluded
Soundscape	ambient/trx/spooks_above/mutants/sound_04.ogg	BASE-DUP-excluded
Soundscape	ambient/trx/spooks_above/mutants/sound_05.ogg	BASE-DUP-excluded
Soundscape	ambient/trx/spooks_above/mutants/sound_06.ogg	BASE-DUP-excluded
Soundscape	ambient/trx/spooks_above/mutants/sound_07.ogg	BASE-DUP-excluded
Soundscape	ambient/trx/spooks_above/mutants/sound_08.ogg	BASE-DUP-excluded
Soundscape	ambient/trx/spooks_above/mutants/sound_09.ogg	BASE-DUP-excluded
Soundscape	ambient/trx/spooks_above/mutants/sound_10.ogg	BASE-DUP-excluded
Soundscape	ambient/trx/spooks_above/mutants/sound_11.ogg	BASE-DUP-excluded
Soundscape	ambient/trx/spooks_above/mutants/sound_12.ogg	BASE-DUP-excluded
Soundscape	ambient/trx/spooks_above/mutants/sound_13.ogg	BASE-DUP-excluded
Soundscape	ambient/trx/spooks_above/mutants/sound_14.ogg	BASE-DUP-excluded
Soundscape	ambient/trx/spooks_above/mutants/sound_15.ogg	BASE-DUP-excluded
Soundscape	ambient/trx/spooks_above/mutants/sound_16.ogg	BASE-DUP-excluded
Soundscape	ambient/trx/spooks_above/mutants/sound_17.ogg	BASE-DUP-excluded
Soundscape	ambient/trx/spooks_above/mutants/sound_18.ogg	BASE-DUP-excluded
Soundscape	ambient/trx/spooks_above/mutants/sound_19.ogg	BASE-DUP-excluded
Soundscape	ambient/trx/spooks_above/mutants/sound_20.ogg	BASE-DUP-excluded
Soundscape	ambient/trx/spooks_above/mutants/sound_21.ogg	BASE-DUP-excluded
Soundscape	ambient/trx/spooks_above/mutants/sound_22.ogg	BASE-DUP-excluded
Soundscape	ambient/trx/spooks_above/mutants/sound_23.ogg	BASE-DUP-excluded
Soundscape	ambient/trx/spooks_above/mutants/sound_24.ogg	BASE-DUP-excluded
Soundscape	ambient/trx/spooks_above/mutants/sound_25.ogg	BASE-DUP-excluded
Soundscape	ambient/trx/spooks_above/mutants/sound_26.ogg	BASE-DUP-excluded
Soundscape	ambient/trx/spooks_above/mutants/sound_27.ogg	BASE-DUP-excluded
Soundscape	ambient/trx/spooks_above/mutants/sound_28.ogg	BASE-DUP-excluded
Soundscape	ambient/trx/spooks_above/mutants/sound_29.ogg	BASE-DUP-excluded
Soundscape	ambient/trx/spooks_above/mutants/sound_30.ogg	BASE-DUP-excluded
Soundscape	ambient/trx/spooks_above/mutants/sound_31.ogg	BASE-DUP-excluded
Soundscape	ambient/trx/spooks_above/mutants/sound_32.ogg	BASE-DUP-excluded
Soundscape	ambient/trx/spooks_above/mutants/sound_33.ogg	BASE-DUP-excluded
Soundscape	ambient/trx/spooks_above/mutants/sound_34.ogg	BASE-DUP-excluded
Soundscape	ambient/trx/spooks_above/mutants/sound_35.ogg	BASE-DUP-excluded
Soundscape	ambient/trx/spooks_above/mutants/sound_36.ogg	BASE-DUP-excluded
Soundscape	ambient/trx/spooks_above/mutants/sound_37.ogg	BASE-DUP-excluded
Soundscape	ambient/trx/spooks_above/mutants/sound_38.ogg	BASE-DUP-excluded
Soundscape	ambient/trx/spooks_above/mutants/sound_39.ogg	BASE-DUP-excluded
Soundscape	ambient/trx/spooks_above/mutants/sound_40.ogg	BASE-DUP-excluded
Soundscape	ambient/trx/spooks_above/screams/sound_01.ogg	BASE-DUP-excluded
Soundscape	ambient/trx/spooks_above/screams/sound_02.ogg	USED-shipped
Soundscape	ambient/trx/spooks_above/screams/sound_03.ogg	BASE-DUP-excluded
Soundscape	ambient/trx/spooks_above/screams/sound_04.ogg	BASE-DUP-excluded
Soundscape	ambient/trx/spooks_above/screams/sound_05.ogg	BASE-DUP-excluded
Soundscape	ambient/trx/spooks_above/screams/sound_06.ogg	BASE-DUP-excluded
Soundscape	ambient/trx/spooks_above/screams/sound_07.ogg	BASE-DUP-excluded
Soundscape	ambient/trx/spooks_above/screams/sound_08.ogg	BASE-DUP-excluded
Soundscape	ambient/trx/spooks_above/screams/sound_09.ogg	BASE-DUP-excluded
Soundscape	ambient/trx/spooks_above/screams/sound_10.ogg	BASE-DUP-excluded
Soundscape	ambient/trx/spooks_above/screams/sound_11.ogg	BASE-DUP-excluded
Soundscape	ambient/trx/spooks_above/screams/sound_12.ogg	BASE-DUP-excluded
Soundscape	ambient/trx/spooks_above/screams/sound_13.ogg	BASE-DUP-excluded
Soundscape	ambient/trx/spooks_above/screams/sound_14.ogg	BASE-DUP-excluded
Soundscape	ambient/trx/spooks_above/screams/sound_15.ogg	BASE-DUP-excluded
Soundscape	ambient/trx/spooks_above/screams/sound_16.ogg	BASE-DUP-excluded
Soundscape	ambient/trx/spooks_above/screams/sound_17.ogg	BASE-DUP-excluded
Soundscape	ambient/trx/spooks_above/screams/sound_18.ogg	BASE-DUP-excluded
Soundscape	ambient/trx/spooks_above/screams/sound_19.ogg	BASE-DUP-excluded
Soundscape	ambient/trx/spooks_above/screams/sound_20.ogg	BASE-DUP-excluded
Soundscape	ambient/trx/spooks_above/screams/sound_21.ogg	BASE-DUP-excluded
Soundscape	ambient/trx/spooks_above/screams/sound_22.ogg	BASE-DUP-excluded
Soundscape	ambient/trx/spooks_above/screams/sound_23.ogg	BASE-DUP-excluded
Soundscape	ambient/trx/spooks_above/screams/sound_24.ogg	BASE-DUP-excluded
Soundscape	ambient/trx/spooks_above/screams/sound_25.ogg	BASE-DUP-excluded
Soundscape	ambient/trx/spooks_above/shooting/sound_01.ogg	BASE-DUP-excluded
Soundscape	ambient/trx/spooks_above/shooting/sound_02.ogg	BASE-DUP-excluded
Soundscape	ambient/trx/spooks_above/shooting/sound_03.ogg	BASE-DUP-excluded
Soundscape	ambient/trx/spooks_above/shooting/sound_04.ogg	INTRA-DUP-excluded
Soundscape	ambient/trx/spooks_above/shooting/sound_05.ogg	BASE-DUP-excluded
Soundscape	ambient/trx/spooks_above/shooting/sound_06.ogg	BASE-DUP-excluded
Soundscape	ambient/trx/spooks_above/shooting/sound_07.ogg	BASE-DUP-excluded
Soundscape	ambient/trx/spooks_above/shooting/sound_08.ogg	INTRA-DUP-excluded
Soundscape	ambient/trx/spooks_above/shooting/sound_09.ogg	INTRA-DUP-excluded
Soundscape	ambient/trx/spooks_above/shooting/sound_10.ogg	BASE-DUP-excluded
Soundscape	ambient/trx/spooks_above/shooting/sound_11.ogg	BASE-DUP-excluded
Soundscape	ambient/trx/spooks_above/shooting/sound_12.ogg	INTRA-DUP-excluded
Soundscape	ambient/trx/spooks_above/shooting/sound_13.ogg	BASE-DUP-excluded
Soundscape	ambient/trx/spooks_above/shooting/sound_14.ogg	BASE-DUP-excluded
Soundscape	ambient/trx/spooks_above/shooting/sound_15.ogg	BASE-DUP-excluded
Soundscape	ambient/trx/spooks_above/shooting/sound_16.ogg	BASE-DUP-excluded
Soundscape	ambient/trx/spooks_above/shooting/sound_17.ogg	BASE-DUP-excluded
Soundscape	ambient/trx/spooks_above/shooting/sound_18.ogg	BASE-DUP-excluded
Soundscape	ambient/trx/spooks_above/shooting/sound_19.ogg	BASE-DUP-excluded
Soundscape	ambient/trx/spooks_above/shooting/sound_20.ogg	USED-shipped
Soundscape	ambient/trx/spooks_above/shooting/sound_21.ogg	BASE-DUP-excluded
Soundscape	ambient/trx/spooks_above/shooting/sound_22.ogg	INTRA-DUP-excluded
Soundscape	ambient/trx/spooks_above/shooting/sound_23.ogg	USED-shipped
Soundscape	ambient/trx/spooks_above/shooting/sound_24.ogg	BASE-DUP-excluded
Soundscape	ambient/trx/spooks_above/shooting/sound_25.ogg	BASE-DUP-excluded
Soundscape	ambient/trx/spooks_above/shooting/sound_26.ogg	USED-shipped
Soundscape	ambient/trx/spooks_above/shooting/sound_27.ogg	BASE-DUP-excluded
Soundscape	ambient/trx/spooks_above/shooting/sound_28.ogg	BASE-DUP-excluded
Soundscape	ambient/trx/spooks_above/shooting/sound_29.ogg	USED-shipped
Soundscape	ambient/trx/spooks_above/shooting/sound_30.ogg	BASE-DUP-excluded
Soundscape	ambient/trx/spooks_above/shooting/sound_31.ogg	USED-shipped
Soundscape	ambient/trx/spooks_above/shooting/sound_32.ogg	BASE-DUP-excluded
Soundscape	ambient/trx/spooks_above/shooting/sound_33.ogg	USED-shipped
Soundscape	ambient/trx/spooks_above/shooting/sound_34.ogg	BASE-DUP-excluded
Soundscape	ambient/trx/spooks_above/shooting/sound_35.ogg	BASE-DUP-excluded
Soundscape	ambient/trx/spooks_above/shooting/sound_36.ogg	BASE-DUP-excluded
Soundscape	ambient/trx/spooks_above/shooting/sound_37.ogg	BASE-DUP-excluded
Soundscape	ambient/trx/spooks_above/spooks/sound_01.ogg	BASE-DUP-excluded
Soundscape	ambient/trx/spooks_above/spooks/sound_02.ogg	BASE-DUP-excluded
Soundscape	ambient/trx/spooks_above/spooks/sound_03.ogg	BASE-DUP-excluded
Soundscape	ambient/trx/spooks_above/spooks/sound_04.ogg	BASE-DUP-excluded
Soundscape	ambient/trx/spooks_above/spooks/sound_05.ogg	BASE-DUP-excluded
Soundscape	ambient/trx/spooks_above/spooks/sound_06.ogg	BASE-DUP-excluded
Soundscape	ambient/trx/spooks_above/spooks/sound_07.ogg	BASE-DUP-excluded
Soundscape	ambient/trx/spooks_above/spooks/sound_08.ogg	BASE-DUP-excluded
Soundscape	ambient/trx/spooks_above/spooks/sound_09.ogg	BASE-DUP-excluded
Soundscape	ambient/trx/spooks_above/spooks/sound_10.ogg	BASE-DUP-excluded
Soundscape	ambient/trx/spooks_above/spooks/sound_11.ogg	BASE-DUP-excluded
Soundscape	ambient/trx/spooks_above/spooks/sound_12.ogg	BASE-DUP-excluded
Soundscape	ambient/trx/spooks_above/spooks/sound_13.ogg	BASE-DUP-excluded
Soundscape	ambient/trx/spooks_above/spooks/sound_14.ogg	BASE-DUP-excluded
Soundscape	ambient/trx/spooks_above/spooks/sound_15.ogg	BASE-DUP-excluded
Soundscape	ambient/trx/spooks_above/spooks/sound_16.ogg	BASE-DUP-excluded
Soundscape	ambient/trx/spooks_above/spooks/sound_17.ogg	BASE-DUP-excluded
Soundscape	ambient/trx/spooks_above/spooks/sound_18.ogg	BASE-DUP-excluded
Soundscape	ambient/trx/spooks_above/spooks/sound_19.ogg	BASE-DUP-excluded
Soundscape	ambient/trx/spooks_above/spooks/sound_20.ogg	BASE-DUP-excluded
Soundscape	ambient/trx/spooks_above/spooks/sound_21.ogg	BASE-DUP-excluded
Soundscape	ambient/trx/spooks_above/spooks/sound_22.ogg	BASE-DUP-excluded
Soundscape	ambient/trx/spooks_above/spooks/sound_23.ogg	BASE-DUP-excluded
Soundscape	ambient/trx/spooks_above/spooks/sound_24.ogg	BASE-DUP-excluded
Soundscape	ambient/trx/spooks_above/spooks/sound_25.ogg	BASE-DUP-excluded
Soundscape	ambient/trx/spooks_above/spooks/sound_26.ogg	BASE-DUP-excluded
Soundscape	ambient/trx/spooks_above/spooks/sound_27.ogg	BASE-DUP-excluded
Soundscape	ambient/trx/spooks_above/spooks/sound_28.ogg	BASE-DUP-excluded
Soundscape	ambient/trx/spooks_above/spooks/sound_29.ogg	BASE-DUP-excluded
Soundscape	ambient/trx/spooks_above/spooks/sound_30.ogg	BASE-DUP-excluded
Soundscape	ambient/trx/spooks_above/spooks/sound_31.ogg	BASE-DUP-excluded
Soundscape	ambient/trx/spooks_above/spooks/sound_32.ogg	BASE-DUP-excluded
Soundscape	ambient/trx/spooks_above/spooks/sound_33.ogg	BASE-DUP-excluded
Soundscape	ambient/trx/spooks_above/spooks/sound_34.ogg	BASE-DUP-excluded
Soundscape	ambient/trx/spooks_above/spooks/sound_35.ogg	BASE-DUP-excluded
Soundscape	ambient/trx/spooks_above/spooks/sound_36.ogg	BASE-DUP-excluded
Soundscape	ambient/trx/spooks_above/spooks/sound_37.ogg	BASE-DUP-excluded
Soundscape	ambient/underground/steam_1.ogg	USED-effect-unshipped
Soundscape	ambient/whistling_wind1.ogg	off-scope-or-dup
Soundscape	anomaly/acid_rain.ogg	off-scope-or-dup
Soundscape	anomaly/anomaly_body_tear_1.ogg	off-scope-or-dup
Soundscape	anomaly/anomaly_gravy_blast.ogg	off-scope-or-dup
Soundscape	anomaly/anomaly_gravy_blast00.ogg	off-scope-or-dup
Soundscape	anomaly/anomaly_gravy_blast01.ogg	off-scope-or-dup
Soundscape	anomaly/anomaly_gravy_blast1.ogg	off-scope-or-dup
Soundscape	anomaly/anomaly_gravy_hit.ogg	off-scope-or-dup
Soundscape	anomaly/anomaly_gravy_hit1.ogg	off-scope-or-dup
Soundscape	anomaly/anomaly_gravy_idle.ogg	off-scope-or-dup
Soundscape	anomaly/anomaly_mincer_blowout.ogg	EMISSION-excluded
Soundscape	anomaly/bfuzz_blowout.ogg	EMISSION-excluded
Soundscape	anomaly/bfuzz_hit.ogg	off-scope-or-dup
Soundscape	anomaly/blowout.ogg	EMISSION-excluded
Soundscape	anomaly/buzz_hit.ogg	off-scope-or-dup
Soundscape	anomaly/buzz_idle.ogg	off-scope-or-dup
Soundscape	anomaly/electra_blast.ogg	off-scope-or-dup
Soundscape	anomaly/electra_blast1.ogg	off-scope-or-dup
Soundscape	anomaly/electra_hit.ogg	off-scope-or-dup
Soundscape	anomaly/electra_hit1.ogg	off-scope-or-dup
Soundscape	anomaly/electra_idle1.ogg	off-scope-or-dup
Soundscape	anomaly/emi_blowout.ogg	EMISSION-excluded
Soundscape	anomaly/emi_blowout_01.ogg	EMISSION-excluded
Soundscape	anomaly/emi_blowout_02.ogg	EMISSION-excluded
Soundscape	anomaly/emi_entrance.ogg	off-scope-or-dup
Soundscape	anomaly/emi_idle.ogg	off-scope-or-dup
Soundscape	anomaly/fire2.ogg	off-scope-or-dup
Soundscape	anomaly/fire_idle.ogg	off-scope-or-dup
Soundscape	anomaly/fireball_blow.ogg	off-scope-or-dup
Soundscape	anomaly/fireball_idle.ogg	off-scope-or-dup
Soundscape	anomaly/gen_electra_ball_idle.ogg	off-scope-or-dup
Soundscape	anomaly/gravi_blowout.ogg	EMISSION-excluded
Soundscape	anomaly/gravi_blowout1.ogg	EMISSION-excluded
Soundscape	anomaly/gravi_blowout2.ogg	EMISSION-excluded
Soundscape	anomaly/gravi_blowout3.ogg	EMISSION-excluded
Soundscape	anomaly/gravi_blowout4.ogg	EMISSION-excluded
Soundscape	anomaly/gravi_blowout5.ogg	EMISSION-excluded
Soundscape	anomaly/gravi_blowout6.ogg	EMISSION-excluded
Soundscape	anomaly/gravi_idle00.ogg	off-scope-or-dup
Soundscape	anomaly/gravi_idle01.ogg	off-scope-or-dup
Soundscape	anomaly/gravi_rumble1.ogg	off-scope-or-dup
Soundscape	anomaly/gravity_entrance.ogg	off-scope-or-dup
Soundscape	anomaly/monolith_idle.ogg	off-scope-or-dup
Soundscape	anomaly/psi_storm_01.ogg	EMISSION-excluded
Soundscape	anomaly/psy_antenna_voices_1_l.ogg	off-scope-or-dup
Soundscape	anomaly/psy_antenna_voices_1_r.ogg	off-scope-or-dup
Soundscape	anomaly/psy_polter.ogg	off-scope-or-dup
Soundscape	anomaly/psy_voices_1_l.ogg	off-scope-or-dup
Soundscape	anomaly/psy_voices_1_r.ogg	off-scope-or-dup
Soundscape	anomaly/pux_blast.ogg	off-scope-or-dup
Soundscape	anomaly/stancia_thunder.ogg	HELD-loop-surplus
Soundscape	anomaly/steam.ogg	off-scope-or-dup
Soundscape	anomaly/steam_blowout.ogg	EMISSION-excluded
Soundscape	anomaly/steam_hit.ogg	off-scope-or-dup
Soundscape	anomaly/steam_idle.ogg	off-scope-or-dup
Soundscape	anomaly/teleport_idle.ogg	off-scope-or-dup
Soundscape	anomaly/teleport_incoming.ogg	off-scope-or-dup
Soundscape	anomaly/teleport_work_1.ogg	off-scope-or-dup
Soundscape	anomaly/teleport_work_2.ogg	off-scope-or-dup
Soundscape	anomaly/tesla_idle.ogg	off-scope-or-dup
Soundscape	anomaly/zhar_blow.ogg	off-scope-or-dup
Soundscape	anomaly/~gravi_idle01.ogg	off-scope-or-dup
Soundscape	material/hoof/hoof_hard2.ogg	SKIP-nonambient
Soundscape	material/hoof/hoof_hard4.ogg	SKIP-nonambient
Soundscape	material/hoof/hoof_hard5.ogg	SKIP-nonambient
Soundscape	material/hoof/hoof_hard6.ogg	SKIP-nonambient
Soundscape	material/hoof/step/hoof_ground_1.ogg	SKIP-nonambient
Soundscape	material/hoof/step/hoof_ground_2.ogg	SKIP-nonambient
Soundscape	material/hoof/step/hoof_ground_3.ogg	SKIP-nonambient
Soundscape	material/hoof/step/hoof_ground_4.ogg	SKIP-nonambient
Soundscape	material/hoof/step/hoof_hard2.ogg	SKIP-nonambient
Soundscape	material/hoof/step/hoof_hard4.ogg	SKIP-nonambient
Soundscape	material/hoof/step/hoof_hard5.ogg	SKIP-nonambient
Soundscape	material/hoof/step/hoof_hard6.ogg	SKIP-nonambient
Soundscape	material/hoof/step/step_hoof_asphalt2.ogg	SKIP-nonambient
Soundscape	material/hoof/step/step_hoof_asphalt3.ogg	SKIP-nonambient
Soundscape	material/hoof/step/step_hoof_asphalt4.ogg	SKIP-nonambient
Soundscape	material/hoof/step/step_hoof_asphalt5.ogg	SKIP-nonambient
Soundscape	material/hoof/step_hoof_asphalt2.ogg	SKIP-nonambient
Soundscape	material/hoof/step_hoof_asphalt3.ogg	SKIP-nonambient
Soundscape	material/hoof/step_hoof_asphalt4.ogg	SKIP-nonambient
Soundscape	material/hoof/step_hoof_asphalt5.ogg	SKIP-nonambient
Soundscape	material/human/collide/clothes1.ogg	SKIP-nonambient
Soundscape	material/human/collide/clothes2.ogg	SKIP-nonambient
Soundscape	material/human/collide/clothes3.ogg	SKIP-nonambient
Soundscape	material/human/step/bush01gr.ogg	SKIP-nonambient
Soundscape	material/human/step/bush02gr.ogg	SKIP-nonambient
Soundscape	material/human/step/bush03gr.ogg	SKIP-nonambient
Soundscape	material/human/step/bush04gr.ogg	SKIP-nonambient
Soundscape	material/human/step/bush05gr.ogg	SKIP-nonambient
Soundscape	material/human/step/bush06gr.ogg	SKIP-nonambient
Soundscape	material/human/step/bushes1.ogg	SKIP-nonambient
Soundscape	material/human/step/bushes2.ogg	SKIP-nonambient
Soundscape	material/human/step/default1.ogg	SKIP-nonambient
Soundscape	material/human/step/default2.ogg	SKIP-nonambient
Soundscape	material/human/step/default3.ogg	SKIP-nonambient
Soundscape	material/human/step/default4.ogg	SKIP-nonambient
Soundscape	material/human/step/earth1.ogg	SKIP-nonambient
Soundscape	material/human/step/earth2.ogg	SKIP-nonambient
Soundscape	material/human/step/earth3.ogg	SKIP-nonambient
Soundscape	material/human/step/earth4.ogg	SKIP-nonambient
Soundscape	material/human/step/grass1.ogg	SKIP-nonambient
Soundscape	material/human/step/grass1_org.ogg	SKIP-nonambient
Soundscape	material/human/step/grass2.ogg	SKIP-nonambient
Soundscape	material/human/step/grass2_org.ogg	SKIP-nonambient
Soundscape	material/human/step/grass3.ogg	SKIP-nonambient
Soundscape	material/human/step/grass3_org.ogg	SKIP-nonambient
Soundscape	material/human/step/grass4.ogg	SKIP-nonambient
Soundscape	material/human/step/grass4_org.ogg	SKIP-nonambient
Soundscape	material/human/step/gravel1.ogg	SKIP-nonambient
Soundscape	material/human/step/gravel2.ogg	SKIP-nonambient
Soundscape	material/human/step/metal_plate1.ogg	SKIP-nonambient
Soundscape	material/human/step/metal_plate2.ogg	SKIP-nonambient
Soundscape	material/human/step/metal_plate3.ogg	SKIP-nonambient
Soundscape	material/human/step/metal_plate4.ogg	SKIP-nonambient
Soundscape	material/human/step/n_default_1.ogg	SKIP-nonambient
Soundscape	material/human/step/n_default_2.ogg	SKIP-nonambient
Soundscape	material/human/step/n_default_3.ogg	SKIP-nonambient
Soundscape	material/human/step/n_default_4.ogg	SKIP-nonambient
Soundscape	material/human/step/n_earth_1.ogg	SKIP-nonambient
Soundscape	material/human/step/n_earth_2.ogg	SKIP-nonambient
Soundscape	material/human/step/n_earth_3.ogg	SKIP-nonambient
Soundscape	material/human/step/n_earth_4.ogg	SKIP-nonambient
Soundscape	material/human/step/n_grass_1.ogg	SKIP-nonambient
Soundscape	material/human/step/n_grass_2.ogg	SKIP-nonambient
Soundscape	material/human/step/n_grass_3.ogg	SKIP-nonambient
Soundscape	material/human/step/n_grass_4.ogg	SKIP-nonambient
Soundscape	material/human/step/n_gravel_1.ogg	SKIP-nonambient
Soundscape	material/human/step/n_gravel_2.ogg	SKIP-nonambient
Soundscape	material/human/step/n_gravel_3.ogg	SKIP-nonambient
Soundscape	material/human/step/n_gravel_4.ogg	SKIP-nonambient
Soundscape	material/human/step/n_metal_plate_1.ogg	SKIP-nonambient
Soundscape	material/human/step/n_metal_plate_2.ogg	SKIP-nonambient
Soundscape	material/human/step/n_metal_plate_3.ogg	SKIP-nonambient
Soundscape	material/human/step/n_metal_plate_4.ogg	SKIP-nonambient
Soundscape	material/human/step/n_soft_1.ogg	SKIP-nonambient
Soundscape	material/human/step/n_soft_2.ogg	SKIP-nonambient
Soundscape	material/human/step/n_soft_3.ogg	SKIP-nonambient
Soundscape	material/human/step/n_soft_4.ogg	SKIP-nonambient
Soundscape	material/human/step/n_tin_1.ogg	SKIP-nonambient
Soundscape	material/human/step/n_tin_2.ogg	SKIP-nonambient
Soundscape	material/human/step/n_tin_3.ogg	SKIP-nonambient
Soundscape	material/human/step/n_tin_4.ogg	SKIP-nonambient
Soundscape	material/human/step/n_water_1.ogg	SKIP-nonambient
Soundscape	material/human/step/n_water_2.ogg	SKIP-nonambient
Soundscape	material/human/step/n_water_3.ogg	SKIP-nonambient
Soundscape	material/human/step/n_water_4.ogg	SKIP-nonambient
Soundscape	material/human/step/n_wood_1.ogg	SKIP-nonambient
Soundscape	material/human/step/n_wood_2.ogg	SKIP-nonambient
Soundscape	material/human/step/n_wood_3.ogg	SKIP-nonambient
Soundscape	material/human/step/n_wood_4.ogg	SKIP-nonambient
Soundscape	material/human/step/new_wood1.ogg	SKIP-nonambient
Soundscape	material/human/step/new_wood2.ogg	SKIP-nonambient
Soundscape	material/human/step/new_wood3.ogg	SKIP-nonambient
Soundscape	material/human/step/new_wood4.ogg	SKIP-nonambient
Soundscape	material/human/step/t_water1.ogg	SKIP-nonambient
Soundscape	material/human/step/t_water2.ogg	SKIP-nonambient
Soundscape	material/human/step/t_water3.ogg	SKIP-nonambient
Soundscape	material/human/step/t_water4.ogg	SKIP-nonambient
Soundscape	material/human/step/tin1.ogg	SKIP-nonambient
Soundscape	material/human/step/tin2.ogg	SKIP-nonambient
Soundscape	material/human/step/tin3.ogg	SKIP-nonambient
Soundscape	material/human/step/tin4.ogg	SKIP-nonambient
Soundscape	material/human/step/tmp_default1.ogg	SKIP-nonambient
Soundscape	material/human/step/tmp_default2.ogg	SKIP-nonambient
Soundscape	material/human/step/tmp_default3.ogg	SKIP-nonambient
Soundscape	material/human/step/tmp_default4.ogg	SKIP-nonambient
Soundscape	material/human/step/water01gr.ogg	SKIP-nonambient
Soundscape	material/human/step/water02gr.ogg	SKIP-nonambient
Soundscape	material/human/step/wpn_large1.ogg	SKIP-nonambient
Soundscape	material/human/step/wpn_large2.ogg	SKIP-nonambient
Soundscape	material/human/step/wpn_small1.ogg	SKIP-nonambient
Soundscape	material/human/step/wpn_small2.ogg	SKIP-nonambient
Soundscape	material/large/large_step1.ogg	SKIP-nonambient
Soundscape	material/large/large_step2.ogg	SKIP-nonambient
Soundscape	material/medium/paw_earth1.ogg	SKIP-nonambient
Soundscape	material/medium/paw_earth2.ogg	SKIP-nonambient
Soundscape	material/medium/paw_earth3.ogg	SKIP-nonambient
Soundscape	material/medium/paw_earth4.ogg	SKIP-nonambient
Soundscape	material/medium/step_paw_earth1.ogg	SKIP-nonambient
Soundscape	material/medium/step_paw_earth2.ogg	SKIP-nonambient
Soundscape	material/medium/step_paw_earth3.ogg	SKIP-nonambient
Soundscape	material/medium/step_paw_earth4.ogg	SKIP-nonambient
Soundscape	material/medium/step_paw_earth5.ogg	SKIP-nonambient
Soundscape	monsters/bloodsucker/attack_0.ogg	SKIP-nonambient
Soundscape	monsters/bloodsucker/attack_1.ogg	SKIP-nonambient
Soundscape	monsters/bloodsucker/attack_2.ogg	SKIP-nonambient
Soundscape	monsters/bloodsucker/attack_3.ogg	SKIP-nonambient
Soundscape	monsters/bloodsucker/attack_hit_0.ogg	SKIP-nonambient
Soundscape	monsters/bloodsucker/attack_hit_1.ogg	SKIP-nonambient
Soundscape	monsters/bloodsucker/attack_hit_2.ogg	SKIP-nonambient
Soundscape	monsters/bloodsucker/attack_hit_3.ogg	SKIP-nonambient
Soundscape	monsters/bloodsucker/bloodsucker_script_attack_0.ogg	SKIP-nonambient
Soundscape	monsters/bloodsucker/bloodsucker_script_attack_1.ogg	SKIP-nonambient
Soundscape	monsters/bloodsucker/die_0.ogg	SKIP-nonambient
Soundscape	monsters/bloodsucker/die_1.ogg	SKIP-nonambient
Soundscape	monsters/bloodsucker/die_2.ogg	SKIP-nonambient
Soundscape	monsters/bloodsucker/die_3.ogg	SKIP-nonambient
Soundscape	monsters/bloodsucker/die_4.ogg	SKIP-nonambient
Soundscape	monsters/bloodsucker/eat_0.ogg	SKIP-nonambient
Soundscape	monsters/bloodsucker/eat_1.ogg	SKIP-nonambient
Soundscape	monsters/bloodsucker/eat_2.ogg	SKIP-nonambient
Soundscape	monsters/bloodsucker/eat_3.ogg	SKIP-nonambient
Soundscape	monsters/bloodsucker/forest_hidden_1.ogg	SKIP-nonambient
Soundscape	monsters/bloodsucker/forest_hidden_2.ogg	SKIP-nonambient
Soundscape	monsters/bloodsucker/forest_hidden_3.ogg	SKIP-nonambient
Soundscape	monsters/bloodsucker/forest_hidden_4.ogg	SKIP-nonambient
Soundscape	monsters/bloodsucker/heavy_hit_1.ogg	SKIP-nonambient
Soundscape	monsters/bloodsucker/hit_0.ogg	SKIP-nonambient
Soundscape	monsters/bloodsucker/hit_1.ogg	SKIP-nonambient
Soundscape	monsters/bloodsucker/hit_2.ogg	SKIP-nonambient
Soundscape	monsters/bloodsucker/hit_3.ogg	SKIP-nonambient
Soundscape	monsters/bloodsucker/hit_4.ogg	SKIP-nonambient
Soundscape	monsters/bloodsucker/hit_5.ogg	SKIP-nonambient
Soundscape	monsters/bloodsucker/hit_6.ogg	SKIP-nonambient
Soundscape	monsters/bloodsucker/human_panic_1.ogg	SKIP-nonambient
Soundscape	monsters/bloodsucker/idle_0.ogg	SKIP-nonambient
Soundscape	monsters/bloodsucker/idle_1.ogg	SKIP-nonambient
Soundscape	monsters/bloodsucker/idle_2.ogg	SKIP-nonambient
Soundscape	monsters/bloodsucker/idle_3.ogg	SKIP-nonambient
Soundscape	monsters/bloodsucker/idle_4.ogg	SKIP-nonambient
Soundscape	monsters/bloodsucker/idle_5.ogg	SKIP-nonambient
Soundscape	monsters/bloodsucker/invisible.ogg	SKIP-nonambient
Soundscape	monsters/bloodsucker/invisible_2.ogg	SKIP-nonambient
Soundscape	monsters/bloodsucker/sucker_breath_0.ogg	SKIP-nonambient
Soundscape	monsters/bloodsucker/sucker_breath_mix_0.ogg	SKIP-nonambient
Soundscape	monsters/bloodsucker/sucker_growl_0.ogg	SKIP-nonambient
Soundscape	monsters/bloodsucker/sucker_growl_1.ogg	SKIP-nonambient
Soundscape	monsters/bloodsucker/sucker_growl_2.ogg	SKIP-nonambient
Soundscape	monsters/bloodsucker/sucker_growl_3.ogg	SKIP-nonambient
Soundscape	monsters/bloodsucker/sucker_growl_4.ogg	SKIP-nonambient
Soundscape	monsters/bloodsucker/swamp_appear_1.ogg	SKIP-nonambient
Soundscape	monsters/bloodsucker/swamp_growl_1.ogg	SKIP-nonambient
Soundscape	monsters/bloodsucker/swamp_run_1.ogg	SKIP-nonambient
Soundscape	monsters/bloodsucker/swamp_runaway_1.ogg	SKIP-nonambient
Soundscape	monsters/bloodsucker/vampire_grasp.ogg	SKIP-nonambient
Soundscape	monsters/bloodsucker/vampire_hit.ogg	SKIP-nonambient
Soundscape	monsters/bloodsucker/vampire_sucking.ogg	SKIP-nonambient
Soundscape	monsters/boar/boar_aggressive_0.ogg	SKIP-nonambient
Soundscape	monsters/boar/boar_aggressive_1.ogg	SKIP-nonambient
Soundscape	monsters/boar/boar_aggressive_2.ogg	SKIP-nonambient
Soundscape	monsters/boar/boar_aggressive_3.ogg	SKIP-nonambient
Soundscape	monsters/boar/boar_anomaly_0.ogg	SKIP-nonambient
Soundscape	monsters/boar/boar_anomaly_1.ogg	SKIP-nonambient
Soundscape	monsters/boar/boar_anomaly_2.ogg	SKIP-nonambient
Soundscape	monsters/boar/boar_anomaly_death_0.ogg	SKIP-nonambient
Soundscape	monsters/boar/boar_anomaly_death_1.ogg	SKIP-nonambient
Soundscape	monsters/boar/boar_attack_0.ogg	SKIP-nonambient
Soundscape	monsters/boar/boar_attack_1.ogg	SKIP-nonambient
Soundscape	monsters/boar/boar_attack_2.ogg	SKIP-nonambient
Soundscape	monsters/boar/boar_death_0.ogg	SKIP-nonambient
Soundscape	monsters/boar/boar_death_1.ogg	SKIP-nonambient
Soundscape	monsters/boar/boar_death_2.ogg	SKIP-nonambient
Soundscape	monsters/boar/boar_death_3.ogg	SKIP-nonambient
Soundscape	monsters/boar/boar_eat_0.ogg	SKIP-nonambient
Soundscape	monsters/boar/boar_eat_1.ogg	SKIP-nonambient
Soundscape	monsters/boar/boar_eat_2.ogg	SKIP-nonambient
Soundscape	monsters/boar/boar_eat_3.ogg	SKIP-nonambient
Soundscape	monsters/boar/boar_idle_0.ogg	SKIP-nonambient
Soundscape	monsters/boar/boar_idle_1.ogg	SKIP-nonambient
Soundscape	monsters/boar/boar_idle_2.ogg	SKIP-nonambient
Soundscape	monsters/boar/boar_idle_3.ogg	SKIP-nonambient
Soundscape	monsters/boar/boar_pain_0.ogg	SKIP-nonambient
Soundscape	monsters/boar/boar_pain_1.ogg	SKIP-nonambient
Soundscape	monsters/boar/boar_pain_2.ogg	SKIP-nonambient
Soundscape	monsters/boar/boar_pain_3.ogg	SKIP-nonambient
Soundscape	monsters/boar/boar_panic_0.ogg	SKIP-nonambient
Soundscape	monsters/boar/boar_panic_1.ogg	SKIP-nonambient
Soundscape	monsters/boar/boar_panic_2.ogg	SKIP-nonambient
Soundscape	monsters/boar/boar_panic_3.ogg	SKIP-nonambient
Soundscape	monsters/boar/boar_swamp_appear_1.ogg	SKIP-nonambient
Soundscape	monsters/boar/boar_swamp_run_1.ogg	SKIP-nonambient
Soundscape	monsters/boar/boar_swamp_run_2.ogg	SKIP-nonambient
Soundscape	monsters/boar/boar_swamp_runaway_1.ogg	SKIP-nonambient
Soundscape	monsters/boar/boar_threaten_0.ogg	SKIP-nonambient
Soundscape	monsters/boar/boar_threaten_1.ogg	SKIP-nonambient
Soundscape	monsters/boar/boar_threaten_2.ogg	SKIP-nonambient
Soundscape	monsters/boar/landing_0.ogg	SKIP-nonambient
Soundscape	monsters/burer/burer_aggressive_0.ogg	SKIP-nonambient
Soundscape	monsters/burer/burer_aggressive_1.ogg	SKIP-nonambient
Soundscape	monsters/burer/burer_aggressive_2.ogg	SKIP-nonambient
Soundscape	monsters/burer/burer_attack_0.ogg	SKIP-nonambient
Soundscape	monsters/burer/burer_attack_1.ogg	SKIP-nonambient
Soundscape	monsters/burer/burer_attack_2.ogg	SKIP-nonambient
Soundscape	monsters/burer/burer_attack_3.ogg	SKIP-nonambient
Soundscape	monsters/burer/burer_attacking_0.ogg	SKIP-nonambient
Soundscape	monsters/burer/burer_die_0.ogg	SKIP-nonambient
Soundscape	monsters/burer/burer_die_1.ogg	SKIP-nonambient
Soundscape	monsters/burer/burer_die_2.ogg	SKIP-nonambient
Soundscape	monsters/burer/burer_eat_0.ogg	SKIP-nonambient
Soundscape	monsters/burer/burer_eat_1.ogg	SKIP-nonambient
Soundscape	monsters/burer/burer_gravi_attack_0.ogg	SKIP-nonambient
Soundscape	monsters/burer/burer_gravi_attack_1.ogg	SKIP-nonambient
Soundscape	monsters/burer/burer_gravi_attack_2.ogg	SKIP-nonambient
Soundscape	monsters/burer/burer_gravi_wave_0.ogg	SKIP-nonambient
Soundscape	monsters/burer/burer_gravi_wave_1.ogg	SKIP-nonambient
Soundscape	monsters/burer/burer_idle_0.ogg	SKIP-nonambient
Soundscape	monsters/burer/burer_idle_1.ogg	SKIP-nonambient
Soundscape	monsters/burer/burer_idle_2.ogg	SKIP-nonambient
Soundscape	monsters/burer/burer_idle_3.ogg	SKIP-nonambient
Soundscape	monsters/burer/burer_scan_affect_0.ogg	SKIP-nonambient
Soundscape	monsters/burer/burer_scan_affect_1.ogg	SKIP-nonambient
Soundscape	monsters/burer/burer_tele_0.ogg	SKIP-nonambient
Soundscape	monsters/burer/burer_tele_hold.ogg	SKIP-nonambient
Soundscape	monsters/burer/burer_tele_throw.ogg	SKIP-nonambient
Soundscape	monsters/burer/burer_telekinetic_0.ogg	SKIP-nonambient
Soundscape	monsters/burer/burer_telekinetic_1.ogg	SKIP-nonambient
Soundscape	monsters/cat/1.ogg	SKIP-nonambient
Soundscape	monsters/cat/10.ogg	SKIP-nonambient
Soundscape	monsters/cat/11.ogg	SKIP-nonambient
Soundscape	monsters/cat/12.ogg	SKIP-nonambient
Soundscape	monsters/cat/2.ogg	SKIP-nonambient
Soundscape	monsters/cat/3.ogg	SKIP-nonambient
Soundscape	monsters/cat/4.ogg	SKIP-nonambient
Soundscape	monsters/cat/5.ogg	SKIP-nonambient
Soundscape	monsters/cat/6.ogg	SKIP-nonambient
Soundscape	monsters/cat/7.ogg	SKIP-nonambient
Soundscape	monsters/cat/8.ogg	SKIP-nonambient
Soundscape	monsters/cat/9.ogg	SKIP-nonambient
Soundscape	monsters/cat/attack_1.ogg	SKIP-nonambient
Soundscape	monsters/cat/attack_2.ogg	SKIP-nonambient
Soundscape	monsters/cat/c2_attack_1.ogg	SKIP-nonambient
Soundscape	monsters/cat/c2_attack_2.ogg	SKIP-nonambient
Soundscape	monsters/cat/c2_die_1.ogg	SKIP-nonambient
Soundscape	monsters/cat/c2_die_2.ogg	SKIP-nonambient
Soundscape	monsters/cat/c2_die_3.ogg	SKIP-nonambient
Soundscape	monsters/cat/c2_hit_1.ogg	SKIP-nonambient
Soundscape	monsters/cat/c2_hit_2.ogg	SKIP-nonambient
Soundscape	monsters/cat/c2_idle_1.ogg	SKIP-nonambient
Soundscape	monsters/cat/c2_idle_2.ogg	SKIP-nonambient
Soundscape	monsters/cat/c2_idle_3.ogg	SKIP-nonambient
Soundscape	monsters/cat/c2_threat_1.ogg	SKIP-nonambient
Soundscape	monsters/cat/c2_threat_2.ogg	SKIP-nonambient
Soundscape	monsters/cat/c2_threat_3.ogg	SKIP-nonambient
Soundscape	monsters/cat/c_attack_1.ogg	SKIP-nonambient
Soundscape	monsters/cat/c_attack_2.ogg	SKIP-nonambient
Soundscape	monsters/cat/c_die_1.ogg	SKIP-nonambient
Soundscape	monsters/cat/c_die_2.ogg	SKIP-nonambient
Soundscape	monsters/cat/c_eat_0.ogg	SKIP-nonambient
Soundscape	monsters/cat/c_eat_1.ogg	SKIP-nonambient
Soundscape	monsters/cat/c_hit_1.ogg	SKIP-nonambient
Soundscape	monsters/cat/c_hit_2.ogg	SKIP-nonambient
Soundscape	monsters/cat/c_hit_3.ogg	SKIP-nonambient
Soundscape	monsters/cat/die_1.ogg	SKIP-nonambient
Soundscape	monsters/cat/die_2.ogg	SKIP-nonambient
Soundscape	monsters/cat/die_3.ogg	SKIP-nonambient
Soundscape	monsters/cat/eat_0.ogg	SKIP-nonambient
Soundscape	monsters/cat/eat_1.ogg	SKIP-nonambient
Soundscape	monsters/cat/eat_2.ogg	SKIP-nonambient
Soundscape	monsters/cat/eat_3.ogg	SKIP-nonambient
Soundscape	monsters/cat/eat_4.ogg	SKIP-nonambient
Soundscape	monsters/cat/eat_5.ogg	SKIP-nonambient
Soundscape	monsters/cat/eat_6.ogg	SKIP-nonambient
Soundscape	monsters/cat/eat_7.ogg	SKIP-nonambient
Soundscape	monsters/cat/eat_8.ogg	SKIP-nonambient
Soundscape	monsters/cat/hit_1.ogg	SKIP-nonambient
Soundscape	monsters/cat/hit_2.ogg	SKIP-nonambient
Soundscape	monsters/cat/hit_3.ogg	SKIP-nonambient
Soundscape	monsters/cat/hit_4.ogg	SKIP-nonambient
Soundscape	monsters/cat/idle_1.ogg	SKIP-nonambient
Soundscape	monsters/cat/idle_2.ogg	SKIP-nonambient
Soundscape	monsters/cat/none.ogg	SKIP-nonambient
Soundscape	monsters/chimera/attack_1.ogg	SKIP-nonambient
Soundscape	monsters/chimera/attack_2.ogg	SKIP-nonambient
Soundscape	monsters/chimera/chimera_attack_1.ogg	SKIP-nonambient
Soundscape	monsters/chimera/chimera_attack_2.ogg	SKIP-nonambient
Soundscape	monsters/chimera/chimera_attack_hit_1.ogg	SKIP-nonambient
Soundscape	monsters/chimera/chimera_attack_hit_2.ogg	SKIP-nonambient
Soundscape	monsters/chimera/chimera_attack_hit_3.ogg	SKIP-nonambient
Soundscape	monsters/chimera/chimera_attack_hit_4.ogg	SKIP-nonambient
Soundscape	monsters/chimera/chimera_death_1.ogg	SKIP-nonambient
Soundscape	monsters/chimera/chimera_death_2.ogg	SKIP-nonambient
Soundscape	monsters/chimera/chimera_growl_1.ogg	SKIP-nonambient
Soundscape	monsters/chimera/chimera_idle_1.ogg	SKIP-nonambient
Soundscape	monsters/chimera/chimera_idle_2.ogg	SKIP-nonambient
Soundscape	monsters/chimera/chimera_idle_3.ogg	SKIP-nonambient
Soundscape	monsters/chimera/chimera_pain_1.ogg	SKIP-nonambient
Soundscape	monsters/chimera/chimera_pain_2.ogg	SKIP-nonambient
Soundscape	monsters/chimera/chimera_pain_3.ogg	SKIP-nonambient
Soundscape	monsters/chimera/chimera_pain_4.ogg	SKIP-nonambient
Soundscape	monsters/chimera/die_1.ogg	SKIP-nonambient
Soundscape	monsters/chimera/die_2.ogg	SKIP-nonambient
Soundscape	monsters/chimera/die_3.ogg	SKIP-nonambient
Soundscape	monsters/chimera/hit_1.ogg	SKIP-nonambient
Soundscape	monsters/chimera/hit_2.ogg	SKIP-nonambient
Soundscape	monsters/chimera/hit_3.ogg	SKIP-nonambient
Soundscape	monsters/chimera/hit_4.ogg	SKIP-nonambient
Soundscape	monsters/chimera/hit_5.ogg	SKIP-nonambient
Soundscape	monsters/chimera/idle_1.ogg	SKIP-nonambient
Soundscape	monsters/chimera/idle_2.ogg	SKIP-nonambient
Soundscape	monsters/controller/01controller_presence_l.ogg	SKIP-nonambient
Soundscape	monsters/controller/01controller_presence_r.ogg	SKIP-nonambient
Soundscape	monsters/controller/ambient_drone_1.ogg	SKIP-nonambient
Soundscape	monsters/controller/ambient_drone_10.ogg	SKIP-nonambient
Soundscape	monsters/controller/ambient_drone_2.ogg	USED-shipped
Soundscape	monsters/controller/ambient_drone_4.ogg	SKIP-nonambient
Soundscape	monsters/controller/ambient_drone_5.ogg	SKIP-nonambient
Soundscape	monsters/controller/ambient_drone_6.ogg	USED-shipped
Soundscape	monsters/controller/ambient_drone_7.ogg	SKIP-nonambient
Soundscape	monsters/controller/ambient_drone_8.ogg	SKIP-nonambient
Soundscape	monsters/controller/ambient_drone_9.ogg	SKIP-nonambient
Soundscape	monsters/controller/controller_attack_0.ogg	SKIP-nonambient
Soundscape	monsters/controller/controller_attack_1.ogg	SKIP-nonambient
Soundscape	monsters/controller/controller_attack_hit_0.ogg	SKIP-nonambient
Soundscape	monsters/controller/controller_attack_hit_1.ogg	SKIP-nonambient
Soundscape	monsters/controller/controller_attack_hit_2.ogg	SKIP-nonambient
Soundscape	monsters/controller/controller_control1.ogg	SKIP-nonambient
Soundscape	monsters/controller/controller_control2.ogg	SKIP-nonambient
Soundscape	monsters/controller/controller_die_0.ogg	SKIP-nonambient
Soundscape	monsters/controller/controller_die_1.ogg	SKIP-nonambient
Soundscape	monsters/controller/controller_die_2.ogg	SKIP-nonambient
Soundscape	monsters/controller/controller_eat_0.ogg	SKIP-nonambient
Soundscape	monsters/controller/controller_final_hit.ogg	SKIP-nonambient
Soundscape	monsters/controller/controller_final_hit_l.ogg	SKIP-nonambient
Soundscape	monsters/controller/controller_final_hit_r.ogg	SKIP-nonambient
Soundscape	monsters/controller/controller_first_hit.ogg	SKIP-nonambient
Soundscape	monsters/controller/controller_hit_0.ogg	SKIP-nonambient
Soundscape	monsters/controller/controller_hit_1.ogg	SKIP-nonambient
Soundscape	monsters/controller/controller_hit_2.ogg	SKIP-nonambient
Soundscape	monsters/controller/controller_idle_0.ogg	SKIP-nonambient
Soundscape	monsters/controller/controller_idle_1.ogg	SKIP-nonambient
Soundscape	monsters/controller/controller_idle_2.ogg	SKIP-nonambient
Soundscape	monsters/controller/controller_panic_0.ogg	SKIP-nonambient
Soundscape	monsters/controller/controller_presence_1_l.ogg	SKIP-nonambient
Soundscape	monsters/controller/controller_presence_1_r.ogg	SKIP-nonambient
Soundscape	monsters/controller/controller_presence_2_l.ogg	SKIP-nonambient
Soundscape	monsters/controller/controller_presence_2_r.ogg	SKIP-nonambient
Soundscape	monsters/controller/controller_presence_l.ogg	SKIP-nonambient
Soundscape	monsters/controller/controller_presence_r.ogg	SKIP-nonambient
Soundscape	monsters/controller/controller_psy_aura_l.ogg	SKIP-nonambient
Soundscape	monsters/controller/controller_psy_aura_r.ogg	SKIP-nonambient
Soundscape	monsters/controller/controller_psy_hit_l.ogg	SKIP-nonambient
Soundscape	monsters/controller/controller_psy_hit_r.ogg	SKIP-nonambient
Soundscape	monsters/controller/controller_script_attack_0.ogg	SKIP-nonambient
Soundscape	monsters/controller/controller_script_attack_1.ogg	SKIP-nonambient
Soundscape	monsters/controller/controller_tube_prepare.ogg	SKIP-nonambient
Soundscape	monsters/controller/controller_whoosh.ogg	SKIP-nonambient
Soundscape	monsters/controller/def_0.ogg	SKIP-nonambient
Soundscape	monsters/controller/~controller_attack_2.ogg	SKIP-nonambient
Soundscape	monsters/dog/attack_hit_0.ogg	SKIP-nonambient
Soundscape	monsters/dog/attack_hit_1.ogg	SKIP-nonambient
Soundscape	monsters/dog/attack_hit_2.ogg	SKIP-nonambient
Soundscape	monsters/dog/attack_hit_3.ogg	SKIP-nonambient
Soundscape	monsters/dog/bdog_attack_0.ogg	SKIP-nonambient
Soundscape	monsters/dog/bdog_attack_1.ogg	SKIP-nonambient
Soundscape	monsters/dog/bdog_attack_2.ogg	SKIP-nonambient
Soundscape	monsters/dog/bdog_attack_3.ogg	SKIP-nonambient
Soundscape	monsters/dog/bdog_attack_4.ogg	SKIP-nonambient
Soundscape	monsters/dog/bdog_attack_5.ogg	SKIP-nonambient
Soundscape	monsters/dog/bdog_attack_6.ogg	SKIP-nonambient
Soundscape	monsters/dog/bdog_attack_7.ogg	SKIP-nonambient
Soundscape	monsters/dog/bdog_die_0.ogg	SKIP-nonambient
Soundscape	monsters/dog/bdog_die_1.ogg	SKIP-nonambient
Soundscape	monsters/dog/bdog_die_2.ogg	SKIP-nonambient
Soundscape	monsters/dog/bdog_eat_0.ogg	SKIP-nonambient
Soundscape	monsters/dog/bdog_eat_1.ogg	SKIP-nonambient
Soundscape	monsters/dog/bdog_eat_2.ogg	SKIP-nonambient
Soundscape	monsters/dog/bdog_eat_3.ogg	SKIP-nonambient
Soundscape	monsters/dog/bdog_eat_4.ogg	SKIP-nonambient
Soundscape	monsters/dog/bdog_eat_5.ogg	SKIP-nonambient
Soundscape	monsters/dog/bdog_eat_6.ogg	SKIP-nonambient
Soundscape	monsters/dog/bdog_eat_7.ogg	SKIP-nonambient
Soundscape	monsters/dog/bdog_eat_8.ogg	SKIP-nonambient
Soundscape	monsters/dog/bdog_groan_0.ogg	SKIP-nonambient
Soundscape	monsters/dog/bdog_groan_1.ogg	SKIP-nonambient
Soundscape	monsters/dog/bdog_groan_2.ogg	SKIP-nonambient
Soundscape	monsters/dog/bdog_groan_3.ogg	SKIP-nonambient
Soundscape	monsters/dog/bdog_growl_0.ogg	SKIP-nonambient
Soundscape	monsters/dog/bdog_growl_1.ogg	SKIP-nonambient
Soundscape	monsters/dog/bdog_growl_2.ogg	SKIP-nonambient
Soundscape	monsters/dog/bdog_howl_0.ogg	SKIP-nonambient
Soundscape	monsters/dog/bdog_howl_1.ogg	SKIP-nonambient
Soundscape	monsters/dog/bdog_howl_2.ogg	SKIP-nonambient
Soundscape	monsters/dog/bdog_hurt_0.ogg	SKIP-nonambient
Soundscape	monsters/dog/bdog_hurt_1.ogg	SKIP-nonambient
Soundscape	monsters/dog/bdog_hurt_2.ogg	SKIP-nonambient
Soundscape	monsters/dog/bdog_hurt_3.ogg	SKIP-nonambient
Soundscape	monsters/dog/bdog_idle_0.ogg	SKIP-nonambient
Soundscape	monsters/dog/bdog_idle_1.ogg	SKIP-nonambient
Soundscape	monsters/dog/bdog_idle_2.ogg	SKIP-nonambient
Soundscape	monsters/dog/bdog_idle_3.ogg	SKIP-nonambient
Soundscape	monsters/dog/bdog_idle_4.ogg	SKIP-nonambient
Soundscape	monsters/dog/bdog_panic_0.ogg	SKIP-nonambient
Soundscape	monsters/dog/bdog_panic_1.ogg	SKIP-nonambient
Soundscape	monsters/dog/bdog_panic_2.ogg	SKIP-nonambient
Soundscape	monsters/dog/bdog_panic_3.ogg	SKIP-nonambient
Soundscape	monsters/dog/bdog_panic_4.ogg	SKIP-nonambient
Soundscape	monsters/dog/hit_0.ogg	SKIP-nonambient
Soundscape	monsters/flesh/flesh_aggressive_0.ogg	SKIP-nonambient
Soundscape	monsters/flesh/flesh_aggressive_1.ogg	SKIP-nonambient
Soundscape	monsters/flesh/flesh_aggressive_2.ogg	SKIP-nonambient
Soundscape	monsters/flesh/flesh_anomaly_death_0.ogg	SKIP-nonambient
Soundscape	monsters/flesh/flesh_attack_0.ogg	SKIP-nonambient
Soundscape	monsters/flesh/flesh_attack_1.ogg	SKIP-nonambient
Soundscape	monsters/flesh/flesh_attack_2.ogg	SKIP-nonambient
Soundscape	monsters/flesh/flesh_attack_3.ogg	SKIP-nonambient
Soundscape	monsters/flesh/flesh_attack_hit_0.ogg	SKIP-nonambient
Soundscape	monsters/flesh/flesh_attack_hit_1.ogg	SKIP-nonambient
Soundscape	monsters/flesh/flesh_death_0.ogg	SKIP-nonambient
Soundscape	monsters/flesh/flesh_death_1.ogg	SKIP-nonambient
Soundscape	monsters/flesh/flesh_death_2.ogg	SKIP-nonambient
Soundscape	monsters/flesh/flesh_death_3.ogg	SKIP-nonambient
Soundscape	monsters/flesh/flesh_eat_0.ogg	SKIP-nonambient
Soundscape	monsters/flesh/flesh_eat_1.ogg	SKIP-nonambient
Soundscape	monsters/flesh/flesh_eat_2.ogg	SKIP-nonambient
Soundscape	monsters/flesh/flesh_eat_3.ogg	SKIP-nonambient
Soundscape	monsters/flesh/flesh_eat_4.ogg	SKIP-nonambient
Soundscape	monsters/flesh/flesh_eat_5.ogg	SKIP-nonambient
Soundscape	monsters/flesh/flesh_idle_0.ogg	SKIP-nonambient
Soundscape	monsters/flesh/flesh_idle_1.ogg	SKIP-nonambient
Soundscape	monsters/flesh/flesh_idle_2.ogg	SKIP-nonambient
Soundscape	monsters/flesh/flesh_idle_3.ogg	SKIP-nonambient
Soundscape	monsters/flesh/flesh_idle_4.ogg	SKIP-nonambient
Soundscape	monsters/flesh/flesh_pain_0.ogg	SKIP-nonambient
Soundscape	monsters/flesh/flesh_pain_1.ogg	SKIP-nonambient
Soundscape	monsters/flesh/flesh_pain_2.ogg	SKIP-nonambient
Soundscape	monsters/flesh/flesh_pain_3.ogg	SKIP-nonambient
Soundscape	monsters/flesh/flesh_panic_0.ogg	SKIP-nonambient
Soundscape	monsters/flesh/flesh_panic_1.ogg	SKIP-nonambient
Soundscape	monsters/flesh/flesh_panic_2.ogg	SKIP-nonambient
Soundscape	monsters/fracture/die_0.ogg	SKIP-nonambient
Soundscape	monsters/fracture/die_1.ogg	SKIP-nonambient
Soundscape	monsters/fracture/die_2.ogg	SKIP-nonambient
Soundscape	monsters/fracture/die_3.ogg	SKIP-nonambient
Soundscape	monsters/fracture/fracture_attack_0.ogg	SKIP-nonambient
Soundscape	monsters/fracture/fracture_attack_1.ogg	SKIP-nonambient
Soundscape	monsters/fracture/fracture_attack_2.ogg	SKIP-nonambient
Soundscape	monsters/fracture/fracture_attack_3.ogg	SKIP-nonambient
Soundscape	monsters/fracture/fracture_attack_4.ogg	SKIP-nonambient
Soundscape	monsters/fracture/fracture_attack_5.ogg	SKIP-nonambient
Soundscape	monsters/fracture/fracture_attack_6.ogg	SKIP-nonambient
Soundscape	monsters/fracture/fracture_attack_7.ogg	SKIP-nonambient
Soundscape	monsters/fracture/fracture_attack_8.ogg	SKIP-nonambient
Soundscape	monsters/fracture/fracture_attack_hit_0.ogg	SKIP-nonambient
Soundscape	monsters/fracture/fracture_die_0.ogg	SKIP-nonambient
Soundscape	monsters/fracture/fracture_die_1.ogg	SKIP-nonambient
Soundscape	monsters/fracture/fracture_die_2.ogg	SKIP-nonambient
Soundscape	monsters/fracture/fracture_die_3.ogg	SKIP-nonambient
Soundscape	monsters/fracture/fracture_die_4.ogg	SKIP-nonambient
Soundscape	monsters/fracture/fracture_eat_0.ogg	SKIP-nonambient
Soundscape	monsters/fracture/fracture_eat_1.ogg	SKIP-nonambient
Soundscape	monsters/fracture/fracture_eat_2.ogg	SKIP-nonambient
Soundscape	monsters/fracture/fracture_eat_3.ogg	SKIP-nonambient
Soundscape	monsters/fracture/fracture_idle_0.ogg	SKIP-nonambient
Soundscape	monsters/fracture/fracture_idle_1.ogg	SKIP-nonambient
Soundscape	monsters/fracture/fracture_idle_2.ogg	SKIP-nonambient
Soundscape	monsters/fracture/fracture_take_damage_0.ogg	SKIP-nonambient
Soundscape	monsters/fracture/fracture_take_damage_1.ogg	SKIP-nonambient
Soundscape	monsters/fracture/fracture_take_damage_2.ogg	SKIP-nonambient
Soundscape	monsters/fracture/hit_0.ogg	SKIP-nonambient
Soundscape	monsters/fracture/hit_1.ogg	SKIP-nonambient
Soundscape	monsters/fracture/hit_2.ogg	SKIP-nonambient
Soundscape	monsters/fracture/hit_3.ogg	SKIP-nonambient
Soundscape	monsters/fracture/idle_0.ogg	SKIP-nonambient
Soundscape	monsters/fracture/idle_1.ogg	SKIP-nonambient
Soundscape	monsters/fracture/idle_2.ogg	SKIP-nonambient
Soundscape	monsters/fracture/none.ogg	BASE-DUP-excluded
Soundscape	monsters/giant/giant_aggressive_0.ogg	SKIP-nonambient
Soundscape	monsters/giant/giant_aggressive_1.ogg	SKIP-nonambient
Soundscape	monsters/giant/giant_aggressive_2.ogg	SKIP-nonambient
Soundscape	monsters/giant/giant_attack_0.ogg	SKIP-nonambient
Soundscape	monsters/giant/giant_attack_1.ogg	SKIP-nonambient
Soundscape	monsters/giant/giant_attack_2.ogg	SKIP-nonambient
Soundscape	monsters/giant/giant_attack_3.ogg	SKIP-nonambient
Soundscape	monsters/giant/giant_breath_0.ogg	SKIP-nonambient
Soundscape	monsters/giant/giant_breath_1.ogg	SKIP-nonambient
Soundscape	monsters/giant/giant_breath_2.ogg	SKIP-nonambient
Soundscape	monsters/giant/giant_death_0.ogg	SKIP-nonambient
Soundscape	monsters/giant/giant_death_1.ogg	SKIP-nonambient
Soundscape	monsters/giant/giant_hit.ogg	SKIP-nonambient
Soundscape	monsters/giant/giant_hurt_0.ogg	SKIP-nonambient
Soundscape	monsters/giant/giant_hurt_1.ogg	SKIP-nonambient
Soundscape	monsters/giant/giant_hurt_2.ogg	SKIP-nonambient
Soundscape	monsters/giant/giant_hurt_3.ogg	SKIP-nonambient
Soundscape	monsters/giant/giant_idle_0.ogg	SKIP-nonambient
Soundscape	monsters/giant/giant_idle_1.ogg	SKIP-nonambient
Soundscape	monsters/giant/giant_stomp_0.ogg	SKIP-nonambient
Soundscape	monsters/giant/giant_threaten_0.ogg	SKIP-nonambient
Soundscape	monsters/giant/giant_threaten_1.ogg	SKIP-nonambient
Soundscape	monsters/giant/giant_underground_0.ogg	SKIP-nonambient
Soundscape	monsters/giant/giant_windup_0.ogg	SKIP-nonambient
Soundscape	monsters/lurker/attack_0.ogg	SKIP-nonambient
Soundscape	monsters/lurker/attack_1.ogg	SKIP-nonambient
Soundscape	monsters/lurker/attack_2.ogg	SKIP-nonambient
Soundscape	monsters/lurker/attack_3.ogg	SKIP-nonambient
Soundscape	monsters/lurker/attack_hit_0.ogg	SKIP-nonambient
Soundscape	monsters/lurker/attack_hit_1.ogg	SKIP-nonambient
Soundscape	monsters/lurker/attack_hit_2.ogg	SKIP-nonambient
Soundscape	monsters/lurker/attack_hit_3.ogg	SKIP-nonambient
Soundscape	monsters/lurker/attack_hit_4.ogg	SKIP-nonambient
Soundscape	monsters/lurker/attack_hit_5.ogg	SKIP-nonambient
Soundscape	monsters/lurker/breath_0.ogg	SKIP-nonambient
Soundscape	monsters/lurker/breath_1.ogg	SKIP-nonambient
Soundscape	monsters/lurker/die_0.ogg	SKIP-nonambient
Soundscape	monsters/lurker/die_1.ogg	SKIP-nonambient
Soundscape	monsters/lurker/die_2.ogg	SKIP-nonambient
Soundscape	monsters/lurker/die_3.ogg	SKIP-nonambient
Soundscape	monsters/lurker/hit_0.ogg	SKIP-nonambient
Soundscape	monsters/lurker/hit_1.ogg	SKIP-nonambient
Soundscape	monsters/lurker/hit_2.ogg	SKIP-nonambient
Soundscape	monsters/lurker/hit_3.ogg	SKIP-nonambient
Soundscape	monsters/lurker/hit_4.ogg	SKIP-nonambient
Soundscape	monsters/lurker/hit_5.ogg	SKIP-nonambient
Soundscape	monsters/lurker/hit_6.ogg	SKIP-nonambient
Soundscape	monsters/lurker/howl_0.ogg	SKIP-nonambient
Soundscape	monsters/lurker/howl_1.ogg	SKIP-nonambient
Soundscape	monsters/lurker/idle_0.ogg	SKIP-nonambient
Soundscape	monsters/lurker/idle_3.ogg	SKIP-nonambient
Soundscape	monsters/lurker/~hit_0.ogg	SKIP-nonambient
Soundscape	monsters/lurker/~hit_1.ogg	SKIP-nonambient
Soundscape	monsters/lurker/~hit_3.ogg	SKIP-nonambient
Soundscape	monsters/mwolf/wolf_attack_1.ogg	SKIP-nonambient
Soundscape	monsters/mwolf/wolf_attack_2.ogg	SKIP-nonambient
Soundscape	monsters/mwolf/wolf_attack_hit_1.ogg	SKIP-nonambient
Soundscape	monsters/mwolf/wolf_attack_hit_2.ogg	SKIP-nonambient
Soundscape	monsters/mwolf/wolf_death_1.ogg	SKIP-nonambient
Soundscape	monsters/mwolf/wolf_idle_1.ogg	SKIP-nonambient
Soundscape	monsters/mwolf/wolf_idle_2.ogg	SKIP-nonambient
Soundscape	monsters/poltergeist/attack_0.ogg	SKIP-nonambient
Soundscape	monsters/poltergeist/attack_1.ogg	SKIP-nonambient
Soundscape	monsters/poltergeist/attack_2.ogg	SKIP-nonambient
Soundscape	monsters/poltergeist/attack_3.ogg	SKIP-nonambient
Soundscape	monsters/poltergeist/attack_4.ogg	SKIP-nonambient
Soundscape	monsters/poltergeist/attack_5.ogg	SKIP-nonambient
Soundscape	monsters/poltergeist/attack_6.ogg	SKIP-nonambient
Soundscape	monsters/poltergeist/attack_7.ogg	SKIP-nonambient
Soundscape	monsters/poltergeist/attack_8.ogg	SKIP-nonambient
Soundscape	monsters/poltergeist/attack_hit_0.ogg	SKIP-nonambient
Soundscape	monsters/poltergeist/attack_hit_flame.ogg	SKIP-nonambient
Soundscape	monsters/poltergeist/black_idle.ogg	SKIP-nonambient
Soundscape	monsters/poltergeist/death_0.ogg	SKIP-nonambient
Soundscape	monsters/poltergeist/death_1.ogg	SKIP-nonambient
Soundscape	monsters/poltergeist/die_0.ogg	SKIP-nonambient
Soundscape	monsters/poltergeist/die_1.ogg	SKIP-nonambient
Soundscape	monsters/poltergeist/die_2.ogg	SKIP-nonambient
Soundscape	monsters/poltergeist/die_3.ogg	SKIP-nonambient
Soundscape	monsters/poltergeist/fire_idle_0.ogg	SKIP-nonambient
Soundscape	monsters/poltergeist/flame_attack_hit_.ogg	SKIP-nonambient
Soundscape	monsters/poltergeist/hit_0.ogg	SKIP-nonambient
Soundscape	monsters/poltergeist/hit_1.ogg	SKIP-nonambient
Soundscape	monsters/poltergeist/idle_0.ogg	SKIP-nonambient
Soundscape	monsters/poltergeist/idle_1.ogg	SKIP-nonambient
Soundscape	monsters/poltergeist/idle_2.ogg	SKIP-nonambient
Soundscape	monsters/poltergeist/idle_3.ogg	SKIP-nonambient
Soundscape	monsters/poltergeist/tele_damage_0.ogg	SKIP-nonambient
Soundscape	monsters/poltergeist/tele_damage_1.ogg	SKIP-nonambient
Soundscape	monsters/poltergeist/tele_damage_2.ogg	SKIP-nonambient
Soundscape	monsters/poltergeist/tele_death_0.ogg	SKIP-nonambient
Soundscape	monsters/poltergeist/tele_death_1.ogg	SKIP-nonambient
Soundscape	monsters/poltergeist/tele_get_0.ogg	SKIP-nonambient
Soundscape	monsters/poltergeist/tele_hold_0.ogg	SKIP-nonambient
Soundscape	monsters/poltergeist/tele_idle_0.ogg	SKIP-nonambient
Soundscape	monsters/poltergeist/~tele_damage_0.ogg	SKIP-nonambient
Soundscape	monsters/poltergeist/~tele_damage_1.ogg	SKIP-nonambient
Soundscape	monsters/poltergeist/~tele_damage_2.ogg	SKIP-nonambient
Soundscape	monsters/poltergeist/~tele_idle_0.ogg	SKIP-nonambient
Soundscape	monsters/pseudodog/attack_hit_0.ogg	SKIP-nonambient
Soundscape	monsters/pseudodog/attack_hit_1.ogg	SKIP-nonambient
Soundscape	monsters/pseudodog/attack_hit_2.ogg	SKIP-nonambient
Soundscape	monsters/pseudodog/eat_0.ogg	SKIP-nonambient
Soundscape	monsters/pseudodog/eat_1.ogg	SKIP-nonambient
Soundscape	monsters/pseudodog/idle_0.ogg	SKIP-nonambient
Soundscape	monsters/pseudodog/idle_1.ogg	SKIP-nonambient
Soundscape	monsters/pseudodog/idle_2.ogg	SKIP-nonambient
Soundscape	monsters/pseudodog/pdog_aggression_0.ogg	SKIP-nonambient
Soundscape	monsters/pseudodog/pdog_aggression_1.ogg	SKIP-nonambient
Soundscape	monsters/pseudodog/pdog_aggression_2.ogg	SKIP-nonambient
Soundscape	monsters/pseudodog/pdog_attack_0.ogg	SKIP-nonambient
Soundscape	monsters/pseudodog/pdog_attack_1.ogg	SKIP-nonambient
Soundscape	monsters/pseudodog/pdog_attack_2.ogg	SKIP-nonambient
Soundscape	monsters/pseudodog/pdog_attack_3.ogg	SKIP-nonambient
Soundscape	monsters/pseudodog/pdog_chew_0.ogg	SKIP-nonambient
Soundscape	monsters/pseudodog/pdog_chew_1.ogg	SKIP-nonambient
Soundscape	monsters/pseudodog/pdog_chew_2.ogg	SKIP-nonambient
Soundscape	monsters/pseudodog/pdog_death_0.ogg	SKIP-nonambient
Soundscape	monsters/pseudodog/pdog_death_1.ogg	SKIP-nonambient
Soundscape	monsters/pseudodog/pdog_howl_0.ogg	SKIP-nonambient
Soundscape	monsters/pseudodog/pdog_hurt_0.ogg	SKIP-nonambient
Soundscape	monsters/pseudodog/pdog_hurt_1.ogg	SKIP-nonambient
Soundscape	monsters/pseudodog/pdog_idle_0.ogg	SKIP-nonambient
Soundscape	monsters/pseudodog/pdog_idle_1.ogg	SKIP-nonambient
Soundscape	monsters/pseudodog/pdog_idle_2.ogg	SKIP-nonambient
Soundscape	monsters/pseudodog/pdog_idle_3.ogg	SKIP-nonambient
Soundscape	monsters/pseudodog/pdog_idle_4.ogg	SKIP-nonambient
Soundscape	monsters/pseudodog/pdog_threaten_0.ogg	SKIP-nonambient
Soundscape	monsters/pseudodog/pdog_threaten_1.ogg	SKIP-nonambient
Soundscape	monsters/pseudodog/pdog_threaten_2.ogg	SKIP-nonambient
Soundscape	monsters/pseudodog/psy_affect_0.ogg	SKIP-nonambient
Soundscape	monsters/pseudodog/psy_attack_0.ogg	SKIP-nonambient
Soundscape	monsters/pseudodog/psy_attack_1.ogg	SKIP-nonambient
Soundscape	monsters/pseudodog/psy_attack_2.ogg	SKIP-nonambient
Soundscape	monsters/psysucker/attack_0.ogg	SKIP-nonambient
Soundscape	monsters/psysucker/attack_1.ogg	SKIP-nonambient
Soundscape	monsters/psysucker/attack_2.ogg	SKIP-nonambient
Soundscape	monsters/psysucker/attack_3.ogg	SKIP-nonambient
Soundscape	monsters/psysucker/attack_hit_0.ogg	SKIP-nonambient
Soundscape	monsters/psysucker/attack_hit_1.ogg	SKIP-nonambient
Soundscape	monsters/psysucker/attack_hit_2.ogg	SKIP-nonambient
Soundscape	monsters/psysucker/attack_hit_3.ogg	SKIP-nonambient
Soundscape	monsters/psysucker/attack_hit_4.ogg	SKIP-nonambient
Soundscape	monsters/psysucker/breath_0.ogg	SKIP-nonambient
Soundscape	monsters/psysucker/breath_1.ogg	SKIP-nonambient
Soundscape	monsters/psysucker/die_0.ogg	SKIP-nonambient
Soundscape	monsters/psysucker/die_1.ogg	SKIP-nonambient
Soundscape	monsters/psysucker/die_2.ogg	SKIP-nonambient
Soundscape	monsters/psysucker/die_3.ogg	SKIP-nonambient
Soundscape	monsters/psysucker/hit_0.ogg	SKIP-nonambient
Soundscape	monsters/psysucker/hit_1.ogg	SKIP-nonambient
Soundscape	monsters/psysucker/hit_2.ogg	SKIP-nonambient
Soundscape	monsters/psysucker/hit_3.ogg	SKIP-nonambient
Soundscape	monsters/psysucker/hit_4.ogg	SKIP-nonambient
Soundscape	monsters/psysucker/idle_0.ogg	SKIP-nonambient
Soundscape	monsters/psysucker/idle_1.ogg	SKIP-nonambient
Soundscape	monsters/psysucker/idle_2.ogg	SKIP-nonambient
Soundscape	monsters/psysucker/idle_3.ogg	SKIP-nonambient
Soundscape	monsters/psysucker/idle_4.ogg	SKIP-nonambient
Soundscape	monsters/psysucker/idle_5.ogg	SKIP-nonambient
Soundscape	monsters/psysucker/invisible_0.ogg	SKIP-nonambient
Soundscape	monsters/psysucker/invisible_1.ogg	SKIP-nonambient
Soundscape	monsters/psysucker/~attack_hit_2.ogg	SKIP-nonambient
Soundscape	monsters/rat/attack_0.ogg	SKIP-nonambient
Soundscape	monsters/rat/attack_1.ogg	SKIP-nonambient
Soundscape	monsters/rat/attack_2.ogg	SKIP-nonambient
Soundscape	monsters/rat/attack_3.ogg	SKIP-nonambient
Soundscape	monsters/rat/attack_4.ogg	SKIP-nonambient
Soundscape	monsters/rat/attack_5.ogg	SKIP-nonambient
Soundscape	monsters/rat/death_0.ogg	SKIP-nonambient
Soundscape	monsters/rat/death_1.ogg	SKIP-nonambient
Soundscape	monsters/rat/death_2.ogg	SKIP-nonambient
Soundscape	monsters/rat/death_3.ogg	SKIP-nonambient
Soundscape	monsters/rat/eat_0.ogg	SKIP-nonambient
Soundscape	monsters/rat/eat_1.ogg	SKIP-nonambient
Soundscape	monsters/rat/eat_2.ogg	SKIP-nonambient
Soundscape	monsters/rat/hit_0.ogg	SKIP-nonambient
Soundscape	monsters/rat/hit_1.ogg	SKIP-nonambient
Soundscape	monsters/rat/idle_0.ogg	SKIP-nonambient
Soundscape	monsters/rat/idle_1.ogg	SKIP-nonambient
Soundscape	monsters/rat/idle_2.ogg	SKIP-nonambient
Soundscape	monsters/rat/idle_3.ogg	SKIP-nonambient
Soundscape	monsters/rat/voice_1.ogg	SKIP-nonambient
Soundscape	monsters/rat/voice_2.ogg	SKIP-nonambient
Soundscape	monsters/snork/snork_aggressive_0.ogg	SKIP-nonambient
Soundscape	monsters/snork/snork_aggressive_1.ogg	SKIP-nonambient
Soundscape	monsters/snork/snork_aggressive_2.ogg	SKIP-nonambient
Soundscape	monsters/snork/snork_attack_0.ogg	SKIP-nonambient
Soundscape	monsters/snork/snork_attack_1.ogg	SKIP-nonambient
Soundscape	monsters/snork/snork_attack_2.ogg	SKIP-nonambient
Soundscape	monsters/snork/snork_attack_hit_0.ogg	SKIP-nonambient
Soundscape	monsters/snork/snork_attack_hit_1.ogg	SKIP-nonambient
Soundscape	monsters/snork/snork_attack_hit_2.ogg	SKIP-nonambient
Soundscape	monsters/snork/snork_attack_hit_3.ogg	SKIP-nonambient
Soundscape	monsters/snork/snork_attack_hit_4.ogg	SKIP-nonambient
Soundscape	monsters/snork/snork_attack_hit_5.ogg	SKIP-nonambient
Soundscape	monsters/snork/snork_attack_hit_6.ogg	SKIP-nonambient
Soundscape	monsters/snork/snork_death_1.ogg	SKIP-nonambient
Soundscape	monsters/snork/snork_death_2.ogg	SKIP-nonambient
Soundscape	monsters/snork/snork_death_3.ogg	SKIP-nonambient
Soundscape	monsters/snork/snork_eat_0.ogg	SKIP-nonambient
Soundscape	monsters/snork/snork_eat_1.ogg	SKIP-nonambient
Soundscape	monsters/snork/snork_eat_2.ogg	SKIP-nonambient
Soundscape	monsters/snork/snork_idle_0.ogg	SKIP-nonambient
Soundscape	monsters/snork/snork_idle_1.ogg	SKIP-nonambient
Soundscape	monsters/snork/snork_idle_2.ogg	SKIP-nonambient
Soundscape	monsters/snork/snork_pain_0.ogg	SKIP-nonambient
Soundscape	monsters/snork/snork_pain_1.ogg	SKIP-nonambient
Soundscape	monsters/snork/snork_pain_2.ogg	SKIP-nonambient
Soundscape	monsters/snork/snork_pain_3.ogg	SKIP-nonambient
Soundscape	monsters/snork/snork_pain_4.ogg	SKIP-nonambient
Soundscape	monsters/snork/snork_panic_0.ogg	SKIP-nonambient
Soundscape	monsters/snork/snork_panic_1.ogg	SKIP-nonambient
Soundscape	monsters/snork/snork_panic_2.ogg	SKIP-nonambient
Soundscape	monsters/snork/snork_tunnel_1.ogg	USED-shipped
Soundscape	monsters/snork/snork_tunnel_coming_1.ogg	SKIP-nonambient
Soundscape	monsters/zombie/none.ogg	SKIP-nonambient
Soundscape	monsters/zombie/zombie_attack_1.ogg	SKIP-nonambient
Soundscape	monsters/zombie/zombie_attack_10.ogg	SKIP-nonambient
Soundscape	monsters/zombie/zombie_attack_2.ogg	SKIP-nonambient
Soundscape	monsters/zombie/zombie_attack_3.ogg	SKIP-nonambient
Soundscape	monsters/zombie/zombie_attack_4.ogg	SKIP-nonambient
Soundscape	monsters/zombie/zombie_attack_5.ogg	SKIP-nonambient
Soundscape	monsters/zombie/zombie_attack_6.ogg	SKIP-nonambient
Soundscape	monsters/zombie/zombie_attack_7.ogg	SKIP-nonambient
Soundscape	monsters/zombie/zombie_attack_8.ogg	SKIP-nonambient
Soundscape	monsters/zombie/zombie_attack_9.ogg	SKIP-nonambient
Soundscape	monsters/zombie/zombie_attack_hit_0.ogg	SKIP-nonambient
Soundscape	monsters/zombie/zombie_die_0.ogg	SKIP-nonambient
Soundscape	monsters/zombie/zombie_die_1.ogg	SKIP-nonambient
Soundscape	monsters/zombie/zombie_die_2.ogg	SKIP-nonambient
Soundscape	monsters/zombie/zombie_die_3.ogg	SKIP-nonambient
Soundscape	monsters/zombie/zombie_die_4.ogg	SKIP-nonambient
Soundscape	monsters/zombie/zombie_die_5.ogg	SKIP-nonambient
Soundscape	monsters/zombie/zombie_die_6.ogg	SKIP-nonambient
Soundscape	monsters/zombie/zombie_die_7.ogg	SKIP-nonambient
Soundscape	monsters/zombie/zombie_die_8.ogg	SKIP-nonambient
Soundscape	monsters/zombie/zombie_die_9.ogg	SKIP-nonambient
Soundscape	monsters/zombie/zombie_eat_0.ogg	SKIP-nonambient
Soundscape	monsters/zombie/zombie_eat_1.ogg	SKIP-nonambient
Soundscape	monsters/zombie/zombie_eat_2.ogg	SKIP-nonambient
Soundscape	monsters/zombie/zombie_eat_3.ogg	SKIP-nonambient
Soundscape	monsters/zombie/zombie_idle_1.ogg	SKIP-nonambient
Soundscape	monsters/zombie/zombie_idle_10.ogg	SKIP-nonambient
Soundscape	monsters/zombie/zombie_idle_11.ogg	SKIP-nonambient
Soundscape	monsters/zombie/zombie_idle_12.ogg	SKIP-nonambient
Soundscape	monsters/zombie/zombie_idle_13.ogg	SKIP-nonambient
Soundscape	monsters/zombie/zombie_idle_14.ogg	SKIP-nonambient
Soundscape	monsters/zombie/zombie_idle_15.ogg	SKIP-nonambient
Soundscape	monsters/zombie/zombie_idle_16.ogg	SKIP-nonambient
Soundscape	monsters/zombie/zombie_idle_17.ogg	SKIP-nonambient
Soundscape	monsters/zombie/zombie_idle_2.ogg	SKIP-nonambient
Soundscape	monsters/zombie/zombie_idle_3.ogg	SKIP-nonambient
Soundscape	monsters/zombie/zombie_idle_4.ogg	SKIP-nonambient
Soundscape	monsters/zombie/zombie_idle_5.ogg	SKIP-nonambient
Soundscape	monsters/zombie/zombie_idle_6.ogg	SKIP-nonambient
Soundscape	monsters/zombie/zombie_idle_7.ogg	SKIP-nonambient
Soundscape	monsters/zombie/zombie_idle_8.ogg	SKIP-nonambient
Soundscape	monsters/zombie/zombie_idle_9.ogg	SKIP-nonambient
Soundscape	monsters/zombie/zombie_take_damage_1.ogg	SKIP-nonambient
Soundscape	monsters/zombie/zombie_take_damage_2.ogg	SKIP-nonambient
Soundscape	monsters/zombie/zombie_take_damage_3.ogg	SKIP-nonambient
Soundscape	monsters/zombie/zombie_take_damage_4.ogg	SKIP-nonambient
Soundscape	monsters/zombie/zombie_take_damage_5.ogg	SKIP-nonambient
Soundscape	monsters/zombie/zombie_take_damage_6.ogg	SKIP-nonambient
RETUNE	ambient/fan_squeaks_1.ogg	off-scope-or-dup
RETUNE	ambient/lamp_squeaks_1.ogg	off-scope-or-dup
RETUNE	ambient/lamp_squeaks_2.ogg	off-scope-or-dup
RETUNE	ambient/rain.ogg	HELD-loop-surplus
RETUNE	ambient/rain_helm.ogg	HELD-loop-surplus
RETUNE	ambient/rain_indoors.ogg	HELD-loop-surplus
RETUNE	ambient/rain_indoors2.ogg	HELD-loop-surplus
RETUNE	ambient/rain_l.ogg	HELD-loop-surplus
RETUNE	ambient/rain_r.ogg	HELD-loop-surplus
RETUNE	ambient/rainonroof.ogg	HELD-loop-surplus
RETUNE	ambient/soundscape/animals/birds_forest_single_1.ogg	BASE-DUP-excluded
RETUNE	ambient/soundscape/animals/birds_forest_single_10.ogg	BASE-DUP-excluded
RETUNE	ambient/soundscape/animals/birds_forest_single_11.ogg	BASE-DUP-excluded
RETUNE	ambient/soundscape/animals/birds_forest_single_12.ogg	BASE-DUP-excluded
RETUNE	ambient/soundscape/animals/birds_forest_single_13.ogg	BASE-DUP-excluded
RETUNE	ambient/soundscape/animals/birds_forest_single_14.ogg	BASE-DUP-excluded
RETUNE	ambient/soundscape/animals/birds_forest_single_15.ogg	BASE-DUP-excluded
RETUNE	ambient/soundscape/animals/birds_forest_single_16.ogg	BASE-DUP-excluded
RETUNE	ambient/soundscape/animals/birds_forest_single_17.ogg	BASE-DUP-excluded
RETUNE	ambient/soundscape/animals/birds_forest_single_18.ogg	BASE-DUP-excluded
RETUNE	ambient/soundscape/animals/birds_forest_single_19.ogg	BASE-DUP-excluded
RETUNE	ambient/soundscape/animals/birds_forest_single_2.ogg	BASE-DUP-excluded
RETUNE	ambient/soundscape/animals/birds_forest_single_20.ogg	BASE-DUP-excluded
RETUNE	ambient/soundscape/animals/birds_forest_single_21.ogg	off-scope-or-dup
RETUNE	ambient/soundscape/animals/birds_forest_single_22.ogg	BASE-DUP-excluded
RETUNE	ambient/soundscape/animals/birds_forest_single_23.ogg	BASE-DUP-excluded
RETUNE	ambient/soundscape/animals/birds_forest_single_24.ogg	BASE-DUP-excluded
RETUNE	ambient/soundscape/animals/birds_forest_single_25.ogg	BASE-DUP-excluded
RETUNE	ambient/soundscape/animals/birds_forest_single_26.ogg	BASE-DUP-excluded
RETUNE	ambient/soundscape/animals/birds_forest_single_27.ogg	BASE-DUP-excluded
RETUNE	ambient/soundscape/animals/birds_forest_single_28.ogg	BASE-DUP-excluded
RETUNE	ambient/soundscape/animals/birds_forest_single_29.ogg	BASE-DUP-excluded
RETUNE	ambient/soundscape/animals/birds_forest_single_3.ogg	BASE-DUP-excluded
RETUNE	ambient/soundscape/animals/birds_forest_single_30.ogg	BASE-DUP-excluded
RETUNE	ambient/soundscape/animals/birds_forest_single_31.ogg	BASE-DUP-excluded
RETUNE	ambient/soundscape/animals/birds_forest_single_32.ogg	BASE-DUP-excluded
RETUNE	ambient/soundscape/animals/birds_forest_single_33.ogg	BASE-DUP-excluded
RETUNE	ambient/soundscape/animals/birds_forest_single_34.ogg	BASE-DUP-excluded
RETUNE	ambient/soundscape/animals/birds_forest_single_35.ogg	BASE-DUP-excluded
RETUNE	ambient/soundscape/animals/birds_forest_single_36.ogg	BASE-DUP-excluded
RETUNE	ambient/soundscape/animals/birds_forest_single_37.ogg	BASE-DUP-excluded
RETUNE	ambient/soundscape/animals/birds_forest_single_38.ogg	BASE-DUP-excluded
RETUNE	ambient/soundscape/animals/birds_forest_single_39.ogg	BASE-DUP-excluded
RETUNE	ambient/soundscape/animals/birds_forest_single_4.ogg	BASE-DUP-excluded
RETUNE	ambient/soundscape/animals/birds_forest_single_40.ogg	BASE-DUP-excluded
RETUNE	ambient/soundscape/animals/birds_forest_single_41.ogg	BASE-DUP-excluded
RETUNE	ambient/soundscape/animals/birds_forest_single_42.ogg	BASE-DUP-excluded
RETUNE	ambient/soundscape/animals/birds_forest_single_43.ogg	BASE-DUP-excluded
RETUNE	ambient/soundscape/animals/birds_forest_single_44.ogg	BASE-DUP-excluded
RETUNE	ambient/soundscape/animals/birds_forest_single_45.ogg	BASE-DUP-excluded
RETUNE	ambient/soundscape/animals/birds_forest_single_46.ogg	BASE-DUP-excluded
RETUNE	ambient/soundscape/animals/birds_forest_single_47.ogg	BASE-DUP-excluded
RETUNE	ambient/soundscape/animals/birds_forest_single_48.ogg	BASE-DUP-excluded
RETUNE	ambient/soundscape/animals/birds_forest_single_49.ogg	BASE-DUP-excluded
RETUNE	ambient/soundscape/animals/birds_forest_single_5.ogg	BASE-DUP-excluded
RETUNE	ambient/soundscape/animals/birds_forest_single_50.ogg	BASE-DUP-excluded
RETUNE	ambient/soundscape/animals/birds_forest_single_51.ogg	BASE-DUP-excluded
RETUNE	ambient/soundscape/animals/birds_forest_single_52.ogg	BASE-DUP-excluded
RETUNE	ambient/soundscape/animals/birds_forest_single_53.ogg	BASE-DUP-excluded
RETUNE	ambient/soundscape/animals/birds_forest_single_54.ogg	BASE-DUP-excluded
RETUNE	ambient/soundscape/animals/birds_forest_single_55.ogg	BASE-DUP-excluded
RETUNE	ambient/soundscape/animals/birds_forest_single_56.ogg	BASE-DUP-excluded
RETUNE	ambient/soundscape/animals/birds_forest_single_57.ogg	BASE-DUP-excluded
RETUNE	ambient/soundscape/animals/birds_forest_single_58.ogg	BASE-DUP-excluded
RETUNE	ambient/soundscape/animals/birds_forest_single_59.ogg	BASE-DUP-excluded
RETUNE	ambient/soundscape/animals/birds_forest_single_6.ogg	BASE-DUP-excluded
RETUNE	ambient/soundscape/animals/birds_forest_single_60.ogg	BASE-DUP-excluded
RETUNE	ambient/soundscape/animals/birds_forest_single_61.ogg	BASE-DUP-excluded
RETUNE	ambient/soundscape/animals/birds_forest_single_62.ogg	off-scope-or-dup
RETUNE	ambient/soundscape/animals/birds_forest_single_63.ogg	off-scope-or-dup
RETUNE	ambient/soundscape/animals/birds_forest_single_7.ogg	BASE-DUP-excluded
RETUNE	ambient/soundscape/animals/birds_forest_single_8.ogg	BASE-DUP-excluded
RETUNE	ambient/soundscape/animals/birds_forest_single_9.ogg	BASE-DUP-excluded
RETUNE	ambient/soundscape/animals/birds_meadow_single_1.ogg	BASE-DUP-excluded
RETUNE	ambient/soundscape/animals/birds_meadow_single_10.ogg	off-scope-or-dup
RETUNE	ambient/soundscape/animals/birds_meadow_single_11.ogg	off-scope-or-dup
RETUNE	ambient/soundscape/animals/birds_meadow_single_12.ogg	off-scope-or-dup
RETUNE	ambient/soundscape/animals/birds_meadow_single_13.ogg	off-scope-or-dup
RETUNE	ambient/soundscape/animals/birds_meadow_single_14.ogg	off-scope-or-dup
RETUNE	ambient/soundscape/animals/birds_meadow_single_15.ogg	off-scope-or-dup
RETUNE	ambient/soundscape/animals/birds_meadow_single_16.ogg	off-scope-or-dup
RETUNE	ambient/soundscape/animals/birds_meadow_single_17.ogg	off-scope-or-dup
RETUNE	ambient/soundscape/animals/birds_meadow_single_18.ogg	off-scope-or-dup
RETUNE	ambient/soundscape/animals/birds_meadow_single_19.ogg	off-scope-or-dup
RETUNE	ambient/soundscape/animals/birds_meadow_single_2.ogg	BASE-DUP-excluded
RETUNE	ambient/soundscape/animals/birds_meadow_single_20.ogg	off-scope-or-dup
RETUNE	ambient/soundscape/animals/birds_meadow_single_21.ogg	off-scope-or-dup
RETUNE	ambient/soundscape/animals/birds_meadow_single_22.ogg	off-scope-or-dup
RETUNE	ambient/soundscape/animals/birds_meadow_single_23.ogg	off-scope-or-dup
RETUNE	ambient/soundscape/animals/birds_meadow_single_24.ogg	off-scope-or-dup
RETUNE	ambient/soundscape/animals/birds_meadow_single_25.ogg	off-scope-or-dup
RETUNE	ambient/soundscape/animals/birds_meadow_single_26.ogg	off-scope-or-dup
RETUNE	ambient/soundscape/animals/birds_meadow_single_27.ogg	off-scope-or-dup
RETUNE	ambient/soundscape/animals/birds_meadow_single_28.ogg	off-scope-or-dup
RETUNE	ambient/soundscape/animals/birds_meadow_single_29.ogg	off-scope-or-dup
RETUNE	ambient/soundscape/animals/birds_meadow_single_3.ogg	BASE-DUP-excluded
RETUNE	ambient/soundscape/animals/birds_meadow_single_30.ogg	off-scope-or-dup
RETUNE	ambient/soundscape/animals/birds_meadow_single_31.ogg	off-scope-or-dup
RETUNE	ambient/soundscape/animals/birds_meadow_single_32.ogg	BASE-DUP-excluded
RETUNE	ambient/soundscape/animals/birds_meadow_single_33.ogg	BASE-DUP-excluded
RETUNE	ambient/soundscape/animals/birds_meadow_single_34.ogg	BASE-DUP-excluded
RETUNE	ambient/soundscape/animals/birds_meadow_single_35.ogg	BASE-DUP-excluded
RETUNE	ambient/soundscape/animals/birds_meadow_single_36.ogg	BASE-DUP-excluded
RETUNE	ambient/soundscape/animals/birds_meadow_single_37.ogg	BASE-DUP-excluded
RETUNE	ambient/soundscape/animals/birds_meadow_single_38.ogg	BASE-DUP-excluded
RETUNE	ambient/soundscape/animals/birds_meadow_single_39.ogg	BASE-DUP-excluded
RETUNE	ambient/soundscape/animals/birds_meadow_single_4.ogg	BASE-DUP-excluded
RETUNE	ambient/soundscape/animals/birds_meadow_single_40.ogg	off-scope-or-dup
RETUNE	ambient/soundscape/animals/birds_meadow_single_41.ogg	off-scope-or-dup
RETUNE	ambient/soundscape/animals/birds_meadow_single_42.ogg	off-scope-or-dup
RETUNE	ambient/soundscape/animals/birds_meadow_single_43.ogg	off-scope-or-dup
RETUNE	ambient/soundscape/animals/birds_meadow_single_44.ogg	off-scope-or-dup
RETUNE	ambient/soundscape/animals/birds_meadow_single_45.ogg	off-scope-or-dup
RETUNE	ambient/soundscape/animals/birds_meadow_single_46.ogg	off-scope-or-dup
RETUNE	ambient/soundscape/animals/birds_meadow_single_47.ogg	off-scope-or-dup
RETUNE	ambient/soundscape/animals/birds_meadow_single_48.ogg	off-scope-or-dup
RETUNE	ambient/soundscape/animals/birds_meadow_single_49.ogg	off-scope-or-dup
RETUNE	ambient/soundscape/animals/birds_meadow_single_5.ogg	BASE-DUP-excluded
RETUNE	ambient/soundscape/animals/birds_meadow_single_50.ogg	off-scope-or-dup
RETUNE	ambient/soundscape/animals/birds_meadow_single_51.ogg	off-scope-or-dup
RETUNE	ambient/soundscape/animals/birds_meadow_single_52.ogg	off-scope-or-dup
RETUNE	ambient/soundscape/animals/birds_meadow_single_53.ogg	off-scope-or-dup
RETUNE	ambient/soundscape/animals/birds_meadow_single_54.ogg	off-scope-or-dup
RETUNE	ambient/soundscape/animals/birds_meadow_single_55.ogg	off-scope-or-dup
RETUNE	ambient/soundscape/animals/birds_meadow_single_56.ogg	off-scope-or-dup
RETUNE	ambient/soundscape/animals/birds_meadow_single_57.ogg	BASE-DUP-excluded
RETUNE	ambient/soundscape/animals/birds_meadow_single_58.ogg	BASE-DUP-excluded
RETUNE	ambient/soundscape/animals/birds_meadow_single_59.ogg	BASE-DUP-excluded
RETUNE	ambient/soundscape/animals/birds_meadow_single_6.ogg	off-scope-or-dup
RETUNE	ambient/soundscape/animals/birds_meadow_single_60.ogg	BASE-DUP-excluded
RETUNE	ambient/soundscape/animals/birds_meadow_single_61.ogg	off-scope-or-dup
RETUNE	ambient/soundscape/animals/birds_meadow_single_62.ogg	off-scope-or-dup
RETUNE	ambient/soundscape/animals/birds_meadow_single_63.ogg	off-scope-or-dup
RETUNE	ambient/soundscape/animals/birds_meadow_single_64.ogg	off-scope-or-dup
RETUNE	ambient/soundscape/animals/birds_meadow_single_65.ogg	off-scope-or-dup
RETUNE	ambient/soundscape/animals/birds_meadow_single_66.ogg	off-scope-or-dup
RETUNE	ambient/soundscape/animals/birds_meadow_single_67.ogg	off-scope-or-dup
RETUNE	ambient/soundscape/animals/birds_meadow_single_68.ogg	off-scope-or-dup
RETUNE	ambient/soundscape/animals/birds_meadow_single_69.ogg	off-scope-or-dup
RETUNE	ambient/soundscape/animals/birds_meadow_single_7.ogg	off-scope-or-dup
RETUNE	ambient/soundscape/animals/birds_meadow_single_8.ogg	off-scope-or-dup
RETUNE	ambient/soundscape/animals/birds_meadow_single_9.ogg	off-scope-or-dup
RETUNE	ambient/soundscape/animals/birds_single_night_1.ogg	BASE-DUP-excluded
RETUNE	ambient/soundscape/animals/birds_single_night_10.ogg	BASE-DUP-excluded
RETUNE	ambient/soundscape/animals/birds_single_night_11.ogg	BASE-DUP-excluded
RETUNE	ambient/soundscape/animals/birds_single_night_12.ogg	BASE-DUP-excluded
RETUNE	ambient/soundscape/animals/birds_single_night_13.ogg	BASE-DUP-excluded
RETUNE	ambient/soundscape/animals/birds_single_night_14.ogg	BASE-DUP-excluded
RETUNE	ambient/soundscape/animals/birds_single_night_15.ogg	BASE-DUP-excluded
RETUNE	ambient/soundscape/animals/birds_single_night_16.ogg	BASE-DUP-excluded
RETUNE	ambient/soundscape/animals/birds_single_night_17.ogg	BASE-DUP-excluded
RETUNE	ambient/soundscape/animals/birds_single_night_18.ogg	BASE-DUP-excluded
RETUNE	ambient/soundscape/animals/birds_single_night_19.ogg	BASE-DUP-excluded
RETUNE	ambient/soundscape/animals/birds_single_night_2.ogg	BASE-DUP-excluded
RETUNE	ambient/soundscape/animals/birds_single_night_20.ogg	BASE-DUP-excluded
RETUNE	ambient/soundscape/animals/birds_single_night_21.ogg	off-scope-or-dup
RETUNE	ambient/soundscape/animals/birds_single_night_22.ogg	BASE-DUP-excluded
RETUNE	ambient/soundscape/animals/birds_single_night_23.ogg	BASE-DUP-excluded
RETUNE	ambient/soundscape/animals/birds_single_night_24.ogg	BASE-DUP-excluded
RETUNE	ambient/soundscape/animals/birds_single_night_25.ogg	BASE-DUP-excluded
RETUNE	ambient/soundscape/animals/birds_single_night_26.ogg	BASE-DUP-excluded
RETUNE	ambient/soundscape/animals/birds_single_night_3.ogg	BASE-DUP-excluded
RETUNE	ambient/soundscape/animals/birds_single_night_4.ogg	BASE-DUP-excluded
RETUNE	ambient/soundscape/animals/birds_single_night_5.ogg	BASE-DUP-excluded
RETUNE	ambient/soundscape/animals/birds_single_night_6.ogg	BASE-DUP-excluded
RETUNE	ambient/soundscape/animals/birds_single_night_7.ogg	BASE-DUP-excluded
RETUNE	ambient/soundscape/animals/birds_single_night_8.ogg	BASE-DUP-excluded
RETUNE	ambient/soundscape/animals/birds_single_night_9.ogg	BASE-DUP-excluded
RETUNE	ambient/soundscape/animals/birdsfear1.ogg	off-scope-or-dup
RETUNE	ambient/soundscape/animals/birdsfear2.ogg	off-scope-or-dup
RETUNE	ambient/soundscape/animals/birdsfear3.ogg	off-scope-or-dup
RETUNE	ambient/soundscape/animals/crickets_1.ogg	BASE-DUP-excluded
RETUNE	ambient/soundscape/animals/crickets_10.ogg	BASE-DUP-excluded
RETUNE	ambient/soundscape/animals/crickets_11.ogg	BASE-DUP-excluded
RETUNE	ambient/soundscape/animals/crickets_2.ogg	BASE-DUP-excluded
RETUNE	ambient/soundscape/animals/crickets_3.ogg	BASE-DUP-excluded
RETUNE	ambient/soundscape/animals/crickets_4.ogg	BASE-DUP-excluded
RETUNE	ambient/soundscape/animals/crickets_5.ogg	BASE-DUP-excluded
RETUNE	ambient/soundscape/animals/crickets_6.ogg	BASE-DUP-excluded
RETUNE	ambient/soundscape/animals/crickets_7.ogg	BASE-DUP-excluded
RETUNE	ambient/soundscape/animals/crickets_8.ogg	BASE-DUP-excluded
RETUNE	ambient/soundscape/animals/crickets_9.ogg	BASE-DUP-excluded
RETUNE	ambient/soundscape/animals/crickets_night_1.ogg	BASE-DUP-excluded
RETUNE	ambient/soundscape/animals/crickets_night_2.ogg	BASE-DUP-excluded
RETUNE	ambient/soundscape/animals/crickets_night_3.ogg	BASE-DUP-excluded
RETUNE	ambient/soundscape/animals/crickets_night_4.ogg	BASE-DUP-excluded
RETUNE	ambient/soundscape/animals/crickets_night_5.ogg	BASE-DUP-excluded
RETUNE	ambient/soundscape/animals/crickets_night_6.ogg	BASE-DUP-excluded
RETUNE	ambient/soundscape/background/Field/field_day.ogg	BASE-DUP-excluded
RETUNE	ambient/soundscape/background/Field/field_evening.ogg	BASE-DUP-excluded
RETUNE	ambient/soundscape/background/Field/field_morning.ogg	BASE-DUP-excluded
RETUNE	ambient/soundscape/background/Field/field_night.ogg	BASE-DUP-excluded
RETUNE	ambient/soundscape/background/Field/field_wind_high.ogg	BASE-DUP-excluded
RETUNE	ambient/soundscape/background/Field/field_wind_low.ogg	BASE-DUP-excluded
RETUNE	ambient/soundscape/background/Field/field_wind_med.ogg	BASE-DUP-excluded
RETUNE	ambient/soundscape/background/field_day.ogg	BASE-DUP-excluded
RETUNE	ambient/soundscape/background/field_evening.ogg	BASE-DUP-excluded
RETUNE	ambient/soundscape/background/field_morning.ogg	BASE-DUP-excluded
RETUNE	ambient/soundscape/background/field_night.ogg	BASE-DUP-excluded
RETUNE	ambient/soundscape/background/Forest/forest_day.ogg	BASE-DUP-excluded
RETUNE	ambient/soundscape/background/Forest/forest_evening.ogg	BASE-DUP-excluded
RETUNE	ambient/soundscape/background/Forest/forest_morning.ogg	BASE-DUP-excluded
RETUNE	ambient/soundscape/background/Forest/forest_night.ogg	BASE-DUP-excluded
RETUNE	ambient/soundscape/background/Forest/forest_wind.ogg	BASE-DUP-excluded
RETUNE	ambient/soundscape/background/forest_1.ogg	BASE-DUP-excluded
RETUNE	ambient/soundscape/background/forest_day.ogg	BASE-DUP-excluded
RETUNE	ambient/soundscape/background/forest_evening.ogg	BASE-DUP-excluded
RETUNE	ambient/soundscape/background/forest_morning.ogg	BASE-DUP-excluded
RETUNE	ambient/soundscape/background/forest_night.ogg	BASE-DUP-excluded
RETUNE	ambient/soundscape/background/houses_1.ogg	off-scope-or-dup
RETUNE	ambient/soundscape/background/houses_day.ogg	off-scope-or-dup
RETUNE	ambient/soundscape/background/houses_evening.ogg	BASE-DUP-excluded
RETUNE	ambient/soundscape/background/houses_morning.ogg	BASE-DUP-excluded
RETUNE	ambient/soundscape/background/houses_night.ogg	BASE-DUP-excluded
RETUNE	ambient/soundscape/background/meadow_day.ogg	BASE-DUP-excluded
RETUNE	ambient/soundscape/background/meadow_evening.ogg	BASE-DUP-excluded
RETUNE	ambient/soundscape/background/meadow_morning.ogg	BASE-DUP-excluded
RETUNE	ambient/soundscape/background/meadow_night.ogg	BASE-DUP-excluded
RETUNE	ambient/soundscape/background/North/open_day.ogg	BASE-DUP-excluded
RETUNE	ambient/soundscape/background/North/open_night.ogg	BASE-DUP-excluded
RETUNE	ambient/soundscape/background/Swamp/meadow_day.ogg	BASE-DUP-excluded
RETUNE	ambient/soundscape/background/Swamp/meadow_evening.ogg	BASE-DUP-excluded
RETUNE	ambient/soundscape/background/Swamp/meadow_morning.ogg	BASE-DUP-excluded
RETUNE	ambient/soundscape/background/Swamp/meadow_night.ogg	BASE-DUP-excluded
RETUNE	ambient/soundscape/background/Underground/underground_2.ogg	HELD-loop-surplus
RETUNE	ambient/soundscape/background/Underground/underground_3.ogg	HELD-loop-surplus
RETUNE	ambient/soundscape/background/Underground/underground_4.ogg	HELD-loop-surplus
RETUNE	ambient/soundscape/background/underground_2.ogg	BASE-DUP-excluded
RETUNE	ambient/soundscape/background/underground_3.ogg	BASE-DUP-excluded
RETUNE	ambient/soundscape/background/underground_4.ogg	BASE-DUP-excluded
RETUNE	ambient/soundscape/background/Urban/houses_day.ogg	off-scope-or-dup
RETUNE	ambient/soundscape/background/Urban/houses_evening.ogg	BASE-DUP-excluded
RETUNE	ambient/soundscape/background/Urban/houses_low.ogg	BASE-DUP-excluded
RETUNE	ambient/soundscape/background/Urban/houses_morning.ogg	BASE-DUP-excluded
RETUNE	ambient/soundscape/background/Urban/houses_night.ogg	BASE-DUP-excluded
RETUNE	ambient/soundscape/background/Urban/houses_wind_high.ogg	BASE-DUP-excluded
RETUNE	ambient/soundscape/background/Urban/houses_wind_low.ogg	BASE-DUP-excluded
RETUNE	ambient/soundscape/background/Urban/houses_wind_med.ogg	BASE-DUP-excluded
RETUNE	ambient/soundscape/background/Urban/houses_wind_storm.ogg	BASE-DUP-excluded
RETUNE	ambient/soundscape/forest/sfx_1.ogg	off-scope-or-dup
RETUNE	ambient/soundscape/forest/sfx_10.ogg	off-scope-or-dup
RETUNE	ambient/soundscape/forest/sfx_11.ogg	off-scope-or-dup
RETUNE	ambient/soundscape/forest/sfx_2.ogg	off-scope-or-dup
RETUNE	ambient/soundscape/forest/sfx_3.ogg	off-scope-or-dup
RETUNE	ambient/soundscape/forest/sfx_4.ogg	off-scope-or-dup
RETUNE	ambient/soundscape/forest/sfx_5.ogg	off-scope-or-dup
RETUNE	ambient/soundscape/forest/sfx_6.ogg	off-scope-or-dup
RETUNE	ambient/soundscape/forest/sfx_7.ogg	off-scope-or-dup
RETUNE	ambient/soundscape/forest/sfx_8.ogg	off-scope-or-dup
RETUNE	ambient/soundscape/forest/sfx_9.ogg	off-scope-or-dup
RETUNE	ambient/soundscape/forest_night/sfx_1.ogg	off-scope-or-dup
RETUNE	ambient/soundscape/forest_night/sfx_2.ogg	off-scope-or-dup
RETUNE	ambient/soundscape/forest_night/sfx_3.ogg	off-scope-or-dup
RETUNE	ambient/soundscape/forest_night/sfx_4.ogg	off-scope-or-dup
RETUNE	ambient/soundscape/forest_night/sfx_5.ogg	off-scope-or-dup
RETUNE	ambient/soundscape/forest_night/sfx_6.ogg	off-scope-or-dup
RETUNE	ambient/soundscape/insects/insectday_1.ogg	BASE-DUP-excluded
RETUNE	ambient/soundscape/insects/insectday_10.ogg	BASE-DUP-excluded
RETUNE	ambient/soundscape/insects/insectday_11.ogg	BASE-DUP-excluded
RETUNE	ambient/soundscape/insects/insectday_12.ogg	BASE-DUP-excluded
RETUNE	ambient/soundscape/insects/insectday_13.ogg	BASE-DUP-excluded
RETUNE	ambient/soundscape/insects/insectday_14.ogg	BASE-DUP-excluded
RETUNE	ambient/soundscape/insects/insectday_15.ogg	BASE-DUP-excluded
RETUNE	ambient/soundscape/insects/insectday_16.ogg	BASE-DUP-excluded
RETUNE	ambient/soundscape/insects/insectday_17.ogg	BASE-DUP-excluded
RETUNE	ambient/soundscape/insects/insectday_18.ogg	BASE-DUP-excluded
RETUNE	ambient/soundscape/insects/insectday_19.ogg	BASE-DUP-excluded
RETUNE	ambient/soundscape/insects/insectday_2.ogg	BASE-DUP-excluded
RETUNE	ambient/soundscape/insects/insectday_20.ogg	BASE-DUP-excluded
RETUNE	ambient/soundscape/insects/insectday_21.ogg	BASE-DUP-excluded
RETUNE	ambient/soundscape/insects/insectday_22.ogg	BASE-DUP-excluded
RETUNE	ambient/soundscape/insects/insectday_3.ogg	BASE-DUP-excluded
RETUNE	ambient/soundscape/insects/insectday_4.ogg	BASE-DUP-excluded
RETUNE	ambient/soundscape/insects/insectday_5.ogg	BASE-DUP-excluded
RETUNE	ambient/soundscape/insects/insectday_6.ogg	BASE-DUP-excluded
RETUNE	ambient/soundscape/insects/insectday_7.ogg	BASE-DUP-excluded
RETUNE	ambient/soundscape/insects/insectday_8.ogg	BASE-DUP-excluded
RETUNE	ambient/soundscape/insects/insectday_9.ogg	BASE-DUP-excluded
RETUNE	ambient/soundscape/insects/insectnight_1.ogg	BASE-DUP-excluded
RETUNE	ambient/soundscape/insects/insectnight_10.ogg	BASE-DUP-excluded
RETUNE	ambient/soundscape/insects/insectnight_11.ogg	BASE-DUP-excluded
RETUNE	ambient/soundscape/insects/insectnight_12.ogg	BASE-DUP-excluded
RETUNE	ambient/soundscape/insects/insectnight_13.ogg	BASE-DUP-excluded
RETUNE	ambient/soundscape/insects/insectnight_14.ogg	BASE-DUP-excluded
RETUNE	ambient/soundscape/insects/insectnight_15.ogg	BASE-DUP-excluded
RETUNE	ambient/soundscape/insects/insectnight_16.ogg	BASE-DUP-excluded
RETUNE	ambient/soundscape/insects/insectnight_17.ogg	BASE-DUP-excluded
RETUNE	ambient/soundscape/insects/insectnight_2.ogg	BASE-DUP-excluded
RETUNE	ambient/soundscape/insects/insectnight_3.ogg	BASE-DUP-excluded
RETUNE	ambient/soundscape/insects/insectnight_4.ogg	BASE-DUP-excluded
RETUNE	ambient/soundscape/insects/insectnight_5.ogg	BASE-DUP-excluded
RETUNE	ambient/soundscape/insects/insectnight_6.ogg	BASE-DUP-excluded
RETUNE	ambient/soundscape/insects/insectnight_7.ogg	BASE-DUP-excluded
RETUNE	ambient/soundscape/insects/insectnight_8.ogg	BASE-DUP-excluded
RETUNE	ambient/soundscape/insects/insectnight_9.ogg	BASE-DUP-excluded
RETUNE	ambient/soundscape/mutants/bloodsucker/distant_1.ogg	USED-shipped
RETUNE	ambient/soundscape/mutants/bloodsucker/distant_2.ogg	USED-shipped
RETUNE	ambient/soundscape/mutants/bloodsucker/distant_3.ogg	USED-shipped
RETUNE	ambient/soundscape/mutants/boar/distant_1.ogg	USED-shipped
RETUNE	ambient/soundscape/mutants/boar/distant_2.ogg	USED-shipped
RETUNE	ambient/soundscape/mutants/boar/distant_3.ogg	USED-shipped
RETUNE	ambient/soundscape/mutants/boar/distant_4.ogg	USED-shipped
RETUNE	ambient/soundscape/mutants/boar/distant_5.ogg	USED-shipped
RETUNE	ambient/soundscape/mutants/burer/distant_1.ogg	USED-shipped
RETUNE	ambient/soundscape/mutants/burer/distant_2.ogg	USED-shipped
RETUNE	ambient/soundscape/mutants/burer/distant_3.ogg	USED-shipped
RETUNE	ambient/soundscape/mutants/burer/distant_4.ogg	USED-shipped
RETUNE	ambient/soundscape/mutants/burer/distant_5.ogg	USED-shipped
RETUNE	ambient/soundscape/mutants/burer/distant_6.ogg	USED-shipped
RETUNE	ambient/soundscape/mutants/burer/distant_7.ogg	USED-shipped
RETUNE	ambient/soundscape/mutants/cat/distant_1.ogg	USED-shipped
RETUNE	ambient/soundscape/mutants/cat/distant_2.ogg	USED-shipped
RETUNE	ambient/soundscape/mutants/cat/distant_3.ogg	USED-shipped
RETUNE	ambient/soundscape/mutants/chimera/distant_1.ogg	USED-shipped
RETUNE	ambient/soundscape/mutants/controller/distant_1.ogg	INTRA-DUP-excluded
RETUNE	ambient/soundscape/mutants/controller/distant_2.ogg	USED-shipped
RETUNE	ambient/soundscape/mutants/controller/distant_3.ogg	INTRA-DUP-excluded
RETUNE	ambient/soundscape/mutants/controller/distant_4.ogg	INTRA-DUP-excluded
RETUNE	ambient/soundscape/mutants/controller/distant_5.ogg	USED-shipped
RETUNE	ambient/soundscape/mutants/controller/distant_6.ogg	USED-shipped
RETUNE	ambient/soundscape/mutants/controller/distant_7.ogg	USED-shipped
RETUNE	ambient/soundscape/mutants/dog/distant_1.ogg	USED-shipped
RETUNE	ambient/soundscape/mutants/dog/distant_2.ogg	USED-shipped
RETUNE	ambient/soundscape/mutants/dog/distant_3.ogg	USED-shipped
RETUNE	ambient/soundscape/mutants/dog/distant_4.ogg	USED-shipped
RETUNE	ambient/soundscape/mutants/dog/distant_5.ogg	USED-shipped
RETUNE	ambient/soundscape/mutants/dog/distant_6.ogg	USED-shipped
RETUNE	ambient/soundscape/mutants/dog/distant_7.ogg	USED-shipped
RETUNE	ambient/soundscape/mutants/dog/distant_8.ogg	USED-shipped
RETUNE	ambient/soundscape/mutants/flesh/distant_1.ogg	USED-shipped
RETUNE	ambient/soundscape/mutants/flesh/distant_2.ogg	USED-shipped
RETUNE	ambient/soundscape/mutants/flesh/distant_3.ogg	USED-shipped
RETUNE	ambient/soundscape/mutants/flesh/distant_4.ogg	USED-shipped
RETUNE	ambient/soundscape/mutants/flesh/distant_5.ogg	USED-shipped
RETUNE	ambient/soundscape/mutants/giant/distant_1.ogg	USED-shipped
RETUNE	ambient/soundscape/mutants/giant/distant_2.ogg	USED-shipped
RETUNE	ambient/soundscape/mutants/lurker/distant_1.ogg	USED-shipped
RETUNE	ambient/soundscape/mutants/lurker/distant_2.ogg	USED-shipped
RETUNE	ambient/soundscape/mutants/snork/distant_1.ogg	BASE-DUP-excluded
RETUNE	ambient/soundscape/mutants/snork/distant_2.ogg	USED-shipped
RETUNE	ambient/soundscape/mutants/snork/distant_3.ogg	BASE-DUP-excluded
RETUNE	ambient/soundscape/mutants/snork/distant_4.ogg	USED-shipped
RETUNE	ambient/soundscape/mutants/wolf/distant_1.ogg	USED-shipped
RETUNE	ambient/soundscape/mutants/wolf/distant_2.ogg	USED-shipped
RETUNE	ambient/soundscape/mutants/wolf/distant_3.ogg	USED-shipped
RETUNE	ambient/soundscape/mutants/wolf/distant_4.ogg	USED-shipped
RETUNE	ambient/soundscape/mutants/wolf/distant_5.ogg	USED-shipped
RETUNE	ambient/soundscape/mutants/wolf/distant_6.ogg	USED-shipped
RETUNE	ambient/soundscape/mutants/wolf/distant_7.ogg	USED-shipped
RETUNE	ambient/soundscape/mutants/wolf/distant_8.ogg	USED-shipped
RETUNE	ambient/soundscape/mutants/zombie/distant_1.ogg	INTRA-DUP-excluded
RETUNE	ambient/soundscape/mutants/zombie/distant_2.ogg	USED-shipped
RETUNE	ambient/soundscape/mutants/zombie/distant_3.ogg	INTRA-DUP-excluded
RETUNE	ambient/soundscape/swamp/sfx_1.ogg	off-scope-or-dup
RETUNE	ambient/soundscape/swamp/sfx_10.ogg	off-scope-or-dup
RETUNE	ambient/soundscape/swamp/sfx_11.ogg	off-scope-or-dup
RETUNE	ambient/soundscape/swamp/sfx_2.ogg	off-scope-or-dup
RETUNE	ambient/soundscape/swamp/sfx_3.ogg	off-scope-or-dup
RETUNE	ambient/soundscape/swamp/sfx_4.ogg	off-scope-or-dup
RETUNE	ambient/soundscape/swamp/sfx_5.ogg	off-scope-or-dup
RETUNE	ambient/soundscape/swamp/sfx_6.ogg	off-scope-or-dup
RETUNE	ambient/soundscape/swamp/sfx_7.ogg	off-scope-or-dup
RETUNE	ambient/soundscape/swamp/sfx_8.ogg	off-scope-or-dup
RETUNE	ambient/soundscape/swamp/sfx_9.ogg	off-scope-or-dup
RETUNE	ambient/soundscape/swamp_night/sfx_1.ogg	off-scope-or-dup
RETUNE	ambient/soundscape/swamp_night/sfx_10.ogg	off-scope-or-dup
RETUNE	ambient/soundscape/swamp_night/sfx_11.ogg	off-scope-or-dup
RETUNE	ambient/soundscape/swamp_night/sfx_12.ogg	off-scope-or-dup
RETUNE	ambient/soundscape/swamp_night/sfx_13.ogg	off-scope-or-dup
RETUNE	ambient/soundscape/swamp_night/sfx_14.ogg	off-scope-or-dup
RETUNE	ambient/soundscape/swamp_night/sfx_2.ogg	off-scope-or-dup
RETUNE	ambient/soundscape/swamp_night/sfx_3.ogg	off-scope-or-dup
RETUNE	ambient/soundscape/swamp_night/sfx_4.ogg	off-scope-or-dup
RETUNE	ambient/soundscape/swamp_night/sfx_5.ogg	off-scope-or-dup
RETUNE	ambient/soundscape/swamp_night/sfx_6.ogg	off-scope-or-dup
RETUNE	ambient/soundscape/swamp_night/sfx_7.ogg	off-scope-or-dup
RETUNE	ambient/soundscape/swamp_night/sfx_8.ogg	off-scope-or-dup
RETUNE	ambient/soundscape/swamp_night/sfx_9.ogg	off-scope-or-dup
RETUNE	ambient/soundscape/thunder/thunder_1.ogg	USED-shipped
RETUNE	ambient/soundscape/thunder/thunder_10.ogg	USED-shipped
RETUNE	ambient/soundscape/thunder/thunder_11.ogg	USED-shipped
RETUNE	ambient/soundscape/thunder/thunder_12.ogg	HELD-loop-surplus
RETUNE	ambient/soundscape/thunder/thunder_13.ogg	HELD-loop-surplus
RETUNE	ambient/soundscape/thunder/thunder_14.ogg	USED-shipped
RETUNE	ambient/soundscape/thunder/thunder_15.ogg	USED-effect-unshipped
RETUNE	ambient/soundscape/thunder/thunder_16.ogg	INTRA-DUP-excluded
RETUNE	ambient/soundscape/thunder/thunder_17.ogg	USED-effect-unshipped
RETUNE	ambient/soundscape/thunder/thunder_18.ogg	INTRA-DUP-excluded
RETUNE	ambient/soundscape/thunder/thunder_19.ogg	INTRA-DUP-excluded
RETUNE	ambient/soundscape/thunder/thunder_2.ogg	INTRA-DUP-excluded
RETUNE	ambient/soundscape/thunder/thunder_20.ogg	USED-shipped
RETUNE	ambient/soundscape/thunder/thunder_21.ogg	INTRA-DUP-excluded
RETUNE	ambient/soundscape/thunder/thunder_22.ogg	USED-shipped
RETUNE	ambient/soundscape/thunder/thunder_23.ogg	INTRA-DUP-excluded
RETUNE	ambient/soundscape/thunder/thunder_24.ogg	INTRA-DUP-excluded
RETUNE	ambient/soundscape/thunder/thunder_25.ogg	USED-shipped
RETUNE	ambient/soundscape/thunder/thunder_26.ogg	USED-shipped
RETUNE	ambient/soundscape/thunder/thunder_3.ogg	USED-shipped
RETUNE	ambient/soundscape/thunder/thunder_4.ogg	USED-effect-unshipped
RETUNE	ambient/soundscape/thunder/thunder_5.ogg	HELD-loop-surplus
RETUNE	ambient/soundscape/thunder/thunder_6.ogg	INTRA-DUP-excluded
RETUNE	ambient/soundscape/thunder/thunder_7.ogg	INTRA-DUP-excluded
RETUNE	ambient/soundscape/thunder/thunder_8.ogg	HELD-loop-surplus
RETUNE	ambient/soundscape/thunder/thunder_9.ogg	USED-shipped
RETUNE	ambient/soundscape/thunder/thunderfar_1.ogg	HELD-loop-surplus
RETUNE	ambient/soundscape/thunder/thunderfar_10.ogg	USED-shipped
RETUNE	ambient/soundscape/thunder/thunderfar_11.ogg	USED-shipped
RETUNE	ambient/soundscape/thunder/thunderfar_12.ogg	USED-shipped
RETUNE	ambient/soundscape/thunder/thunderfar_13.ogg	HELD-loop-surplus
RETUNE	ambient/soundscape/thunder/thunderfar_14.ogg	USED-shipped
RETUNE	ambient/soundscape/thunder/thunderfar_15.ogg	HELD-loop-surplus
RETUNE	ambient/soundscape/thunder/thunderfar_16.ogg	HELD-loop-surplus
RETUNE	ambient/soundscape/thunder/thunderfar_17.ogg	HELD-loop-surplus
RETUNE	ambient/soundscape/thunder/thunderfar_18.ogg	HELD-loop-surplus
RETUNE	ambient/soundscape/thunder/thunderfar_19.ogg	HELD-loop-surplus
RETUNE	ambient/soundscape/thunder/thunderfar_2.ogg	HELD-loop-surplus
RETUNE	ambient/soundscape/thunder/thunderfar_20.ogg	HELD-loop-surplus
RETUNE	ambient/soundscape/thunder/thunderfar_21.ogg	HELD-loop-surplus
RETUNE	ambient/soundscape/thunder/thunderfar_22.ogg	HELD-loop-surplus
RETUNE	ambient/soundscape/thunder/thunderfar_23.ogg	USED-shipped
RETUNE	ambient/soundscape/thunder/thunderfar_24.ogg	USED-shipped
RETUNE	ambient/soundscape/thunder/thunderfar_25.ogg	HELD-loop-surplus
RETUNE	ambient/soundscape/thunder/thunderfar_26.ogg	INTRA-DUP-excluded
RETUNE	ambient/soundscape/thunder/thunderfar_3.ogg	USED-shipped
RETUNE	ambient/soundscape/thunder/thunderfar_4.ogg	INTRA-DUP-excluded
RETUNE	ambient/soundscape/thunder/thunderfar_5.ogg	USED-shipped
RETUNE	ambient/soundscape/thunder/thunderfar_6.ogg	HELD-loop-surplus
RETUNE	ambient/soundscape/thunder/thunderfar_7.ogg	HELD-loop-surplus
RETUNE	ambient/soundscape/thunder/thunderfar_8.ogg	USED-shipped
RETUNE	ambient/soundscape/thunder/thunderfar_9.ogg	USED-shipped
RETUNE	ambient/soundscape/underground/spooks_above/amb_dark/sound_01.ogg	INTRA-DUP-excluded
RETUNE	ambient/soundscape/underground/spooks_above/amb_dark/sound_02.ogg	INTRA-DUP-excluded
RETUNE	ambient/soundscape/underground/spooks_above/amb_dark/sound_03.ogg	INTRA-DUP-excluded
RETUNE	ambient/soundscape/underground/spooks_above/amb_dark/sound_04.ogg	USED-shipped
RETUNE	ambient/soundscape/underground/spooks_above/amb_dark/sound_05.ogg	INTRA-DUP-excluded
RETUNE	ambient/soundscape/underground/spooks_above/amb_dark/sound_06.ogg	INTRA-DUP-excluded
RETUNE	ambient/soundscape/underground/spooks_above/amb_dark/sound_07.ogg	INTRA-DUP-excluded
RETUNE	ambient/soundscape/underground/spooks_above/amb_dark/sound_08.ogg	INTRA-DUP-excluded
RETUNE	ambient/soundscape/underground/spooks_above/amb_dark/sound_09.ogg	INTRA-DUP-excluded
RETUNE	ambient/soundscape/underground/spooks_above/amb_dark/sound_10.ogg	INTRA-DUP-excluded
RETUNE	ambient/soundscape/underground/spooks_above/amb_dark/sound_11.ogg	INTRA-DUP-excluded
RETUNE	ambient/soundscape/underground/spooks_above/amb_dark/sound_12.ogg	INTRA-DUP-excluded
RETUNE	ambient/soundscape/underground/spooks_above/amb_dark/sound_13.ogg	INTRA-DUP-excluded
RETUNE	ambient/soundscape/underground/spooks_above/amb_dark/sound_14.ogg	INTRA-DUP-excluded
RETUNE	ambient/soundscape/underground/spooks_above/amb_dark/sound_15.ogg	INTRA-DUP-excluded
RETUNE	ambient/soundscape/underground/spooks_above/amb_dark/sound_16.ogg	INTRA-DUP-excluded
RETUNE	ambient/soundscape/underground/spooks_above/amb_night/sound_01.ogg	USED-shipped
RETUNE	ambient/soundscape/underground/spooks_above/amb_night/sound_02.ogg	INTRA-DUP-excluded
RETUNE	ambient/soundscape/underground/spooks_above/amb_night/sound_03.ogg	INTRA-DUP-excluded
RETUNE	ambient/soundscape/underground/spooks_above/amb_night/sound_04.ogg	INTRA-DUP-excluded
RETUNE	ambient/soundscape/underground/spooks_above/amb_night/sound_05.ogg	USED-shipped
RETUNE	ambient/soundscape/underground/spooks_above/amb_night/sound_06.ogg	INTRA-DUP-excluded
RETUNE	ambient/soundscape/underground/spooks_above/amb_night/sound_07.ogg	INTRA-DUP-excluded
RETUNE	ambient/soundscape/underground/spooks_above/amb_night/sound_08.ogg	USED-shipped
RETUNE	ambient/soundscape/underground/spooks_above/amb_night/sound_09.ogg	INTRA-DUP-excluded
RETUNE	ambient/soundscape/underground/spooks_above/amb_night/sound_10.ogg	INTRA-DUP-excluded
RETUNE	ambient/soundscape/underground/spooks_above/drone/sound_01.ogg	BASE-DUP-excluded
RETUNE	ambient/soundscape/underground/spooks_above/drone/sound_02.ogg	BASE-DUP-excluded
RETUNE	ambient/soundscape/underground/spooks_above/drone/sound_03.ogg	BASE-DUP-excluded
RETUNE	ambient/soundscape/underground/spooks_above/drone/sound_04.ogg	BASE-DUP-excluded
RETUNE	ambient/soundscape/underground/spooks_above/drone/sound_05.ogg	BASE-DUP-excluded
RETUNE	ambient/soundscape/underground/spooks_above/drone/sound_06.ogg	BASE-DUP-excluded
RETUNE	ambient/soundscape/underground/spooks_above/drone/sound_07.ogg	USED-shipped
RETUNE	ambient/soundscape/underground/spooks_above/drone/sound_08.ogg	BASE-DUP-excluded
RETUNE	ambient/soundscape/underground/spooks_above/drone/sound_09.ogg	BASE-DUP-excluded
RETUNE	ambient/soundscape/underground/spooks_above/drone/sound_10.ogg	BASE-DUP-excluded
RETUNE	ambient/soundscape/underground/spooks_above/drone/sound_11.ogg	BASE-DUP-excluded
RETUNE	ambient/soundscape/underground/spooks_above/mutants/sound_01.ogg	BASE-DUP-excluded
RETUNE	ambient/soundscape/underground/spooks_above/mutants/sound_02.ogg	BASE-DUP-excluded
RETUNE	ambient/soundscape/underground/spooks_above/mutants/sound_03.ogg	BASE-DUP-excluded
RETUNE	ambient/soundscape/underground/spooks_above/mutants/sound_04.ogg	BASE-DUP-excluded
RETUNE	ambient/soundscape/underground/spooks_above/mutants/sound_05.ogg	BASE-DUP-excluded
RETUNE	ambient/soundscape/underground/spooks_above/mutants/sound_06.ogg	BASE-DUP-excluded
RETUNE	ambient/soundscape/underground/spooks_above/mutants/sound_07.ogg	BASE-DUP-excluded
RETUNE	ambient/soundscape/underground/spooks_above/mutants/sound_08.ogg	BASE-DUP-excluded
RETUNE	ambient/soundscape/underground/spooks_above/mutants/sound_09.ogg	BASE-DUP-excluded
RETUNE	ambient/soundscape/underground/spooks_above/mutants/sound_10.ogg	BASE-DUP-excluded
RETUNE	ambient/soundscape/underground/spooks_above/mutants/sound_11.ogg	BASE-DUP-excluded
RETUNE	ambient/soundscape/underground/spooks_above/mutants/sound_12.ogg	BASE-DUP-excluded
RETUNE	ambient/soundscape/underground/spooks_above/mutants/sound_13.ogg	BASE-DUP-excluded
RETUNE	ambient/soundscape/underground/spooks_above/mutants/sound_14.ogg	BASE-DUP-excluded
RETUNE	ambient/soundscape/underground/spooks_above/mutants/sound_15.ogg	BASE-DUP-excluded
RETUNE	ambient/soundscape/underground/spooks_above/mutants/sound_16.ogg	BASE-DUP-excluded
RETUNE	ambient/soundscape/underground/spooks_above/mutants/sound_17.ogg	BASE-DUP-excluded
RETUNE	ambient/soundscape/underground/spooks_above/mutants/sound_18.ogg	BASE-DUP-excluded
RETUNE	ambient/soundscape/underground/spooks_above/mutants/sound_19.ogg	BASE-DUP-excluded
RETUNE	ambient/soundscape/underground/spooks_above/mutants/sound_20.ogg	BASE-DUP-excluded
RETUNE	ambient/soundscape/underground/spooks_above/mutants/sound_21.ogg	BASE-DUP-excluded
RETUNE	ambient/soundscape/underground/spooks_above/mutants/sound_22.ogg	BASE-DUP-excluded
RETUNE	ambient/soundscape/underground/spooks_above/mutants/sound_23.ogg	BASE-DUP-excluded
RETUNE	ambient/soundscape/underground/spooks_above/mutants/sound_24.ogg	BASE-DUP-excluded
RETUNE	ambient/soundscape/underground/spooks_above/mutants/sound_25.ogg	BASE-DUP-excluded
RETUNE	ambient/soundscape/underground/spooks_above/mutants/sound_26.ogg	BASE-DUP-excluded
RETUNE	ambient/soundscape/underground/spooks_above/mutants/sound_27.ogg	BASE-DUP-excluded
RETUNE	ambient/soundscape/underground/spooks_above/mutants/sound_28.ogg	BASE-DUP-excluded
RETUNE	ambient/soundscape/underground/spooks_above/mutants/sound_29.ogg	BASE-DUP-excluded
RETUNE	ambient/soundscape/underground/spooks_above/mutants/sound_30.ogg	BASE-DUP-excluded
RETUNE	ambient/soundscape/underground/spooks_above/mutants/sound_31.ogg	BASE-DUP-excluded
RETUNE	ambient/soundscape/underground/spooks_above/mutants/sound_32.ogg	BASE-DUP-excluded
RETUNE	ambient/soundscape/underground/spooks_above/mutants/sound_33.ogg	BASE-DUP-excluded
RETUNE	ambient/soundscape/underground/spooks_above/mutants/sound_34.ogg	BASE-DUP-excluded
RETUNE	ambient/soundscape/underground/spooks_above/mutants/sound_35.ogg	BASE-DUP-excluded
RETUNE	ambient/soundscape/underground/spooks_above/mutants/sound_36.ogg	BASE-DUP-excluded
RETUNE	ambient/soundscape/underground/spooks_above/mutants/sound_37.ogg	BASE-DUP-excluded
RETUNE	ambient/soundscape/underground/spooks_above/mutants/sound_38.ogg	BASE-DUP-excluded
RETUNE	ambient/soundscape/underground/spooks_above/mutants/sound_39.ogg	BASE-DUP-excluded
RETUNE	ambient/soundscape/underground/spooks_above/mutants/sound_40.ogg	BASE-DUP-excluded
RETUNE	ambient/soundscape/underground/spooks_above/screams/sound_01.ogg	INTRA-DUP-excluded
RETUNE	ambient/soundscape/underground/spooks_above/screams/sound_02.ogg	USED-shipped
RETUNE	ambient/soundscape/underground/spooks_above/screams/sound_03.ogg	INTRA-DUP-excluded
RETUNE	ambient/soundscape/underground/spooks_above/screams/sound_04.ogg	INTRA-DUP-excluded
RETUNE	ambient/soundscape/underground/spooks_above/screams/sound_05.ogg	INTRA-DUP-excluded
RETUNE	ambient/soundscape/underground/spooks_above/screams/sound_06.ogg	INTRA-DUP-excluded
RETUNE	ambient/soundscape/underground/spooks_above/screams/sound_07.ogg	INTRA-DUP-excluded
RETUNE	ambient/soundscape/underground/spooks_above/screams/sound_08.ogg	INTRA-DUP-excluded
RETUNE	ambient/soundscape/underground/spooks_above/screams/sound_09.ogg	INTRA-DUP-excluded
RETUNE	ambient/soundscape/underground/spooks_above/screams/sound_10.ogg	INTRA-DUP-excluded
RETUNE	ambient/soundscape/underground/spooks_above/screams/sound_11.ogg	INTRA-DUP-excluded
RETUNE	ambient/soundscape/underground/spooks_above/screams/sound_12.ogg	INTRA-DUP-excluded
RETUNE	ambient/soundscape/underground/spooks_above/screams/sound_13.ogg	INTRA-DUP-excluded
RETUNE	ambient/soundscape/underground/spooks_above/screams/sound_14.ogg	INTRA-DUP-excluded
RETUNE	ambient/soundscape/underground/spooks_above/screams/sound_15.ogg	INTRA-DUP-excluded
RETUNE	ambient/soundscape/underground/spooks_above/screams/sound_16.ogg	INTRA-DUP-excluded
RETUNE	ambient/soundscape/underground/spooks_above/screams/sound_17.ogg	INTRA-DUP-excluded
RETUNE	ambient/soundscape/underground/spooks_above/screams/sound_18.ogg	INTRA-DUP-excluded
RETUNE	ambient/soundscape/underground/spooks_above/screams/sound_19.ogg	INTRA-DUP-excluded
RETUNE	ambient/soundscape/underground/spooks_above/screams/sound_20.ogg	INTRA-DUP-excluded
RETUNE	ambient/soundscape/underground/spooks_above/screams/sound_21.ogg	INTRA-DUP-excluded
RETUNE	ambient/soundscape/underground/spooks_above/screams/sound_22.ogg	INTRA-DUP-excluded
RETUNE	ambient/soundscape/underground/spooks_above/screams/sound_23.ogg	INTRA-DUP-excluded
RETUNE	ambient/soundscape/underground/spooks_above/screams/sound_24.ogg	INTRA-DUP-excluded
RETUNE	ambient/soundscape/underground/spooks_above/screams/sound_25.ogg	INTRA-DUP-excluded
RETUNE	ambient/soundscape/underground/spooks_above/shooting/sound_01.ogg	BASE-DUP-excluded
RETUNE	ambient/soundscape/underground/spooks_above/shooting/sound_02.ogg	BASE-DUP-excluded
RETUNE	ambient/soundscape/underground/spooks_above/shooting/sound_03.ogg	BASE-DUP-excluded
RETUNE	ambient/soundscape/underground/spooks_above/shooting/sound_04.ogg	INTRA-DUP-excluded
RETUNE	ambient/soundscape/underground/spooks_above/shooting/sound_05.ogg	BASE-DUP-excluded
RETUNE	ambient/soundscape/underground/spooks_above/shooting/sound_06.ogg	BASE-DUP-excluded
RETUNE	ambient/soundscape/underground/spooks_above/shooting/sound_07.ogg	BASE-DUP-excluded
RETUNE	ambient/soundscape/underground/spooks_above/shooting/sound_08.ogg	INTRA-DUP-excluded
RETUNE	ambient/soundscape/underground/spooks_above/shooting/sound_09.ogg	INTRA-DUP-excluded
RETUNE	ambient/soundscape/underground/spooks_above/shooting/sound_10.ogg	BASE-DUP-excluded
RETUNE	ambient/soundscape/underground/spooks_above/shooting/sound_11.ogg	BASE-DUP-excluded
RETUNE	ambient/soundscape/underground/spooks_above/shooting/sound_12.ogg	INTRA-DUP-excluded
RETUNE	ambient/soundscape/underground/spooks_above/shooting/sound_13.ogg	BASE-DUP-excluded
RETUNE	ambient/soundscape/underground/spooks_above/shooting/sound_14.ogg	BASE-DUP-excluded
RETUNE	ambient/soundscape/underground/spooks_above/shooting/sound_15.ogg	BASE-DUP-excluded
RETUNE	ambient/soundscape/underground/spooks_above/shooting/sound_16.ogg	BASE-DUP-excluded
RETUNE	ambient/soundscape/underground/spooks_above/shooting/sound_17.ogg	BASE-DUP-excluded
RETUNE	ambient/soundscape/underground/spooks_above/shooting/sound_18.ogg	BASE-DUP-excluded
RETUNE	ambient/soundscape/underground/spooks_above/shooting/sound_19.ogg	BASE-DUP-excluded
RETUNE	ambient/soundscape/underground/spooks_above/shooting/sound_20.ogg	USED-shipped
RETUNE	ambient/soundscape/underground/spooks_above/shooting/sound_21.ogg	BASE-DUP-excluded
RETUNE	ambient/soundscape/underground/spooks_above/shooting/sound_22.ogg	INTRA-DUP-excluded
RETUNE	ambient/soundscape/underground/spooks_above/shooting/sound_23.ogg	USED-shipped
RETUNE	ambient/soundscape/underground/spooks_above/shooting/sound_24.ogg	BASE-DUP-excluded
RETUNE	ambient/soundscape/underground/spooks_above/shooting/sound_25.ogg	BASE-DUP-excluded
RETUNE	ambient/soundscape/underground/spooks_above/shooting/sound_26.ogg	USED-shipped
RETUNE	ambient/soundscape/underground/spooks_above/shooting/sound_27.ogg	BASE-DUP-excluded
RETUNE	ambient/soundscape/underground/spooks_above/shooting/sound_28.ogg	BASE-DUP-excluded
RETUNE	ambient/soundscape/underground/spooks_above/shooting/sound_29.ogg	USED-shipped
RETUNE	ambient/soundscape/underground/spooks_above/shooting/sound_30.ogg	BASE-DUP-excluded
RETUNE	ambient/soundscape/underground/spooks_above/shooting/sound_31.ogg	USED-shipped
RETUNE	ambient/soundscape/underground/spooks_above/shooting/sound_32.ogg	BASE-DUP-excluded
RETUNE	ambient/soundscape/underground/spooks_above/shooting/sound_33.ogg	USED-shipped
RETUNE	ambient/soundscape/underground/spooks_above/shooting/sound_34.ogg	BASE-DUP-excluded
RETUNE	ambient/soundscape/underground/spooks_above/shooting/sound_35.ogg	BASE-DUP-excluded
RETUNE	ambient/soundscape/underground/spooks_above/shooting/sound_36.ogg	BASE-DUP-excluded
RETUNE	ambient/soundscape/underground/spooks_above/shooting/sound_37.ogg	BASE-DUP-excluded
RETUNE	ambient/soundscape/underground/spooks_above/spooks/sound_01.ogg	USED-shipped
RETUNE	ambient/soundscape/underground/spooks_above/spooks/sound_02.ogg	USED-shipped
RETUNE	ambient/soundscape/underground/spooks_above/spooks/sound_03.ogg	USED-shipped
RETUNE	ambient/soundscape/underground/spooks_above/spooks/sound_04.ogg	USED-shipped
RETUNE	ambient/soundscape/underground/spooks_above/spooks/sound_05.ogg	USED-shipped
RETUNE	ambient/soundscape/underground/spooks_above/spooks/sound_06.ogg	USED-shipped
RETUNE	ambient/soundscape/underground/spooks_above/spooks/sound_07.ogg	USED-shipped
RETUNE	ambient/soundscape/underground/spooks_above/spooks/sound_08.ogg	USED-shipped
RETUNE	ambient/soundscape/underground/spooks_above/spooks/sound_09.ogg	USED-shipped
RETUNE	ambient/soundscape/underground/spooks_above/spooks/sound_10.ogg	USED-shipped
RETUNE	ambient/soundscape/underground/spooks_above/spooks/sound_11.ogg	USED-shipped
RETUNE	ambient/soundscape/underground/spooks_above/spooks/sound_12.ogg	USED-shipped
RETUNE	ambient/soundscape/underground/spooks_above/spooks/sound_13.ogg	USED-shipped
RETUNE	ambient/soundscape/underground/spooks_above/spooks/sound_14.ogg	USED-shipped
RETUNE	ambient/soundscape/underground/spooks_above/spooks/sound_15.ogg	USED-shipped
RETUNE	ambient/soundscape/underground/spooks_above/spooks/sound_16.ogg	USED-shipped
RETUNE	ambient/soundscape/underground/spooks_above/spooks/sound_17.ogg	USED-shipped
RETUNE	ambient/soundscape/underground/spooks_above/spooks/sound_18.ogg	USED-shipped
RETUNE	ambient/soundscape/underground/spooks_above/spooks/sound_19.ogg	USED-shipped
RETUNE	ambient/soundscape/underground/spooks_above/spooks/sound_20.ogg	USED-shipped
RETUNE	ambient/soundscape/underground/spooks_above/spooks/sound_21.ogg	USED-shipped
RETUNE	ambient/soundscape/underground/spooks_above/spooks/sound_22.ogg	USED-shipped
RETUNE	ambient/soundscape/underground/spooks_above/spooks/sound_23.ogg	BASE-DUP-excluded
RETUNE	ambient/soundscape/underground/spooks_above/spooks/sound_24.ogg	BASE-DUP-excluded
RETUNE	ambient/soundscape/underground/spooks_above/spooks/sound_25.ogg	USED-shipped
RETUNE	ambient/soundscape/underground/spooks_above/spooks/sound_26.ogg	USED-shipped
RETUNE	ambient/soundscape/underground/spooks_above/spooks/sound_27.ogg	USED-shipped
RETUNE	ambient/soundscape/underground/spooks_above/spooks/sound_28.ogg	BASE-DUP-excluded
RETUNE	ambient/soundscape/underground/spooks_above/spooks/sound_29.ogg	BASE-DUP-excluded
RETUNE	ambient/soundscape/underground/spooks_above/spooks/sound_30.ogg	BASE-DUP-excluded
RETUNE	ambient/soundscape/underground/spooks_above/spooks/sound_31.ogg	BASE-DUP-excluded
RETUNE	ambient/soundscape/underground/spooks_above/spooks/sound_32.ogg	USED-shipped
RETUNE	ambient/soundscape/underground/spooks_above/spooks/sound_33.ogg	BASE-DUP-excluded
RETUNE	ambient/soundscape/underground/spooks_above/spooks/sound_34.ogg	BASE-DUP-excluded
RETUNE	ambient/soundscape/underground/spooks_above/spooks/sound_35.ogg	USED-shipped
RETUNE	ambient/soundscape/underground/spooks_above/spooks/sound_36.ogg	USED-shipped
RETUNE	ambient/soundscape/underground/spooks_above/spooks/sound_37.ogg	BASE-DUP-excluded
RETUNE	ambient/soundscape/underground/spooks_above/spooks/~sound_21.ogg	USED-shipped
RETUNE	ambient/soundscape/underground/spooks_below/ambient/sound_01.ogg	USED-effect-unshipped
RETUNE	ambient/soundscape/underground/spooks_below/ambient/sound_02.ogg	USED-effect-unshipped
RETUNE	ambient/soundscape/underground/spooks_below/ambient/sound_03.ogg	HELD-loop-surplus
RETUNE	ambient/soundscape/underground/spooks_below/ambient/sound_04.ogg	INTRA-DUP-excluded
RETUNE	ambient/soundscape/underground/spooks_below/ambient/sound_05.ogg	INTRA-DUP-excluded
RETUNE	ambient/soundscape/underground/spooks_below/ambient/sound_06.ogg	INTRA-DUP-excluded
RETUNE	ambient/soundscape/underground/spooks_below/ambient/sound_07.ogg	USED-effect-unshipped
RETUNE	ambient/soundscape/underground/spooks_below/ambient/sound_08.ogg	USED-effect-unshipped
RETUNE	ambient/soundscape/underground/spooks_below/ambient/sound_09.ogg	USED-effect-unshipped
RETUNE	ambient/soundscape/underground/spooks_below/ambient/sound_10.ogg	INTRA-DUP-excluded
RETUNE	ambient/soundscape/underground/spooks_below/ambient/sound_11.ogg	INTRA-DUP-excluded
RETUNE	ambient/soundscape/underground/spooks_below/ambient/sound_12.ogg	HELD-loop-surplus
RETUNE	ambient/soundscape/underground/spooks_below/banging/sound_01.ogg	HELD-loop-surplus
RETUNE	ambient/soundscape/underground/spooks_below/banging/sound_02.ogg	HELD-loop-surplus
RETUNE	ambient/soundscape/underground/spooks_below/banging/sound_03.ogg	HELD-loop-surplus
RETUNE	ambient/soundscape/underground/spooks_below/banging/sound_04.ogg	HELD-loop-surplus
RETUNE	ambient/soundscape/underground/spooks_below/banging/sound_05.ogg	HELD-loop-surplus
RETUNE	ambient/soundscape/underground/spooks_below/banging/sound_06.ogg	HELD-loop-surplus
RETUNE	ambient/soundscape/underground/spooks_below/banging/sound_07.ogg	HELD-loop-surplus
RETUNE	ambient/soundscape/underground/spooks_below/banging/sound_09.ogg	USED-shipped
RETUNE	ambient/soundscape/underground/spooks_below/banging/sound_10.ogg	USED-shipped
RETUNE	ambient/soundscape/underground/spooks_below/drone/sound_01.ogg	BASE-DUP-excluded
RETUNE	ambient/soundscape/underground/spooks_below/drone/sound_02.ogg	BASE-DUP-excluded
RETUNE	ambient/soundscape/underground/spooks_below/drone/sound_03.ogg	HELD-loop-surplus
RETUNE	ambient/soundscape/underground/spooks_below/drone/sound_04.ogg	HELD-loop-surplus
RETUNE	ambient/soundscape/underground/spooks_below/drone/sound_05.ogg	HELD-loop-surplus
RETUNE	ambient/soundscape/underground/spooks_below/drone/sound_06.ogg	BASE-DUP-excluded
RETUNE	ambient/soundscape/underground/spooks_below/drone/sound_07.ogg	USED-shipped
RETUNE	ambient/soundscape/underground/spooks_below/drone/sound_08.ogg	USED-shipped
RETUNE	ambient/soundscape/underground/spooks_below/drone/sound_09.ogg	USED-shipped
RETUNE	ambient/soundscape/underground/spooks_below/drone/sound_10.ogg	USED-shipped
RETUNE	ambient/soundscape/underground/spooks_below/drone/sound_11.ogg	USED-shipped
RETUNE	ambient/soundscape/underground/spooks_below/lab/sound_01.ogg	INTRA-DUP-excluded
RETUNE	ambient/soundscape/underground/spooks_below/lab/sound_02.ogg	INTRA-DUP-excluded
RETUNE	ambient/soundscape/underground/spooks_below/lab/sound_03.ogg	INTRA-DUP-excluded
RETUNE	ambient/soundscape/underground/spooks_below/lab/sound_04.ogg	INTRA-DUP-excluded
RETUNE	ambient/soundscape/underground/spooks_below/lab/sound_05.ogg	INTRA-DUP-excluded
RETUNE	ambient/soundscape/underground/spooks_below/lab/sound_06.ogg	INTRA-DUP-excluded
RETUNE	ambient/soundscape/underground/spooks_below/machine/sound_01.ogg	HELD-loop-surplus
RETUNE	ambient/soundscape/underground/spooks_below/machine/sound_02.ogg	HELD-loop-surplus
RETUNE	ambient/soundscape/underground/spooks_below/machine/sound_03.ogg	HELD-loop-surplus
RETUNE	ambient/soundscape/underground/spooks_below/machine/sound_04.ogg	HELD-loop-surplus
RETUNE	ambient/soundscape/underground/spooks_below/machine/sound_05.ogg	HELD-loop-surplus
RETUNE	ambient/soundscape/underground/spooks_below/machine/sound_06.ogg	HELD-loop-surplus
RETUNE	ambient/soundscape/underground/spooks_below/machine/sound_07.ogg	HELD-loop-surplus
RETUNE	ambient/soundscape/underground/spooks_below/machine/sound_08.ogg	HELD-loop-surplus
RETUNE	ambient/soundscape/underground/spooks_below/machine/sound_09.ogg	HELD-loop-surplus
RETUNE	ambient/soundscape/underground/spooks_below/machine/sound_10.ogg	HELD-loop-surplus
RETUNE	ambient/soundscape/underground/spooks_below/machine/sound_11.ogg	HELD-loop-surplus
RETUNE	ambient/soundscape/underground/spooks_below/machine/sound_12.ogg	HELD-loop-surplus
RETUNE	ambient/soundscape/underground/spooks_below/metal/sound_01.ogg	BASE-DUP-excluded
RETUNE	ambient/soundscape/underground/spooks_below/metal/sound_02.ogg	HELD-loop-surplus
RETUNE	ambient/soundscape/underground/spooks_below/metal/sound_03.ogg	BASE-DUP-excluded
RETUNE	ambient/soundscape/underground/spooks_below/metal/sound_04.ogg	BASE-DUP-excluded
RETUNE	ambient/soundscape/underground/spooks_below/metal/sound_05.ogg	BASE-DUP-excluded
RETUNE	ambient/soundscape/underground/spooks_below/metal/sound_06.ogg	BASE-DUP-excluded
RETUNE	ambient/soundscape/underground/spooks_below/metal/sound_07.ogg	USED-shipped
RETUNE	ambient/soundscape/underground/spooks_below/metal/sound_08.ogg	USED-shipped
RETUNE	ambient/soundscape/underground/spooks_below/metal/sound_09.ogg	USED-shipped
RETUNE	ambient/soundscape/underground/spooks_below/metal/sound_10.ogg	USED-shipped
RETUNE	ambient/soundscape/underground/spooks_below/metal/sound_11.ogg	BASE-DUP-excluded
RETUNE	ambient/soundscape/underground/spooks_below/metal/sound_12.ogg	HELD-loop-surplus
RETUNE	ambient/soundscape/underground/spooks_below/metal/sound_13.ogg	BASE-DUP-excluded
RETUNE	ambient/soundscape/underground/spooks_below/metal/sound_14.ogg	BASE-DUP-excluded
RETUNE	ambient/soundscape/underground/spooks_below/noise/sound_01.ogg	USED-shipped
RETUNE	ambient/soundscape/underground/spooks_below/noise/sound_02.ogg	HELD-loop-surplus
RETUNE	ambient/soundscape/underground/spooks_below/noise/sound_03.ogg	USED-shipped
RETUNE	ambient/soundscape/underground/spooks_below/noise/sound_04.ogg	USED-shipped
RETUNE	ambient/soundscape/underground/spooks_below/noise/sound_05.ogg	USED-shipped
RETUNE	ambient/soundscape/underground/spooks_below/noise/sound_06.ogg	BASE-DUP-excluded
RETUNE	ambient/soundscape/underground/spooks_below/noise/sound_07.ogg	USED-shipped
RETUNE	ambient/soundscape/underground/spooks_below/noise/sound_08.ogg	USED-shipped
RETUNE	ambient/soundscape/underground/spooks_below/noise/sound_09.ogg	USED-shipped
RETUNE	ambient/soundscape/underground/spooks_below/noise/sound_10.ogg	USED-shipped
RETUNE	ambient/soundscape/underground/spooks_below/noise/sound_11.ogg	HELD-loop-surplus
RETUNE	ambient/soundscape/underground/spooks_below/noise/sound_12.ogg	HELD-loop-surplus
RETUNE	ambient/soundscape/underground/spooks_below/noise/sound_13.ogg	USED-shipped
RETUNE	ambient/soundscape/underground/spooks_below/noise/sound_14.ogg	BASE-DUP-excluded
RETUNE	ambient/soundscape/underground/spooks_below/noise/sound_15.ogg	BASE-DUP-excluded
RETUNE	ambient/soundscape/underground/spooks_below/noise/sound_16.ogg	BASE-DUP-excluded
RETUNE	ambient/soundscape/underground/spooks_below/noise/sound_17.ogg	BASE-DUP-excluded
RETUNE	ambient/soundscape/underground/spooks_below/noise/sound_18.ogg	BASE-DUP-excluded
RETUNE	ambient/soundscape/underground/spooks_below/noise/sound_19.ogg	BASE-DUP-excluded
RETUNE	ambient/soundscape/underground/spooks_below/noise/sound_20.ogg	HELD-loop-surplus
RETUNE	ambient/soundscape/underground/spooks_below/noise/sound_21.ogg	HELD-loop-surplus
RETUNE	ambient/soundscape/underground/spooks_below/noise/sound_22.ogg	INTRA-DUP-excluded
RETUNE	ambient/soundscape/underground/spooks_below/noise/sound_23.ogg	INTRA-DUP-excluded
RETUNE	ambient/soundscape/underground/spooks_below/noise/sound_24.ogg	USED-shipped
RETUNE	ambient/soundscape/underground/spooks_below/noise/sound_25.ogg	INTRA-DUP-excluded
RETUNE	ambient/soundscape/underground/spooks_below/noise/sound_26.ogg	USED-shipped
RETUNE	ambient/soundscape/underground/spooks_below/noise/sound_27.ogg	BASE-DUP-excluded
RETUNE	ambient/soundscape/underground/spooks_below/noise/sound_28.ogg	USED-shipped
RETUNE	ambient/soundscape/underground/spooks_below/rats/sound_01.ogg	BASE-DUP-excluded
RETUNE	ambient/soundscape/underground/spooks_below/rats/sound_02.ogg	BASE-DUP-excluded
RETUNE	ambient/soundscape/underground/spooks_below/rats/sound_03.ogg	BASE-DUP-excluded
RETUNE	ambient/soundscape/underground/spooks_below/rats/sound_04.ogg	BASE-DUP-excluded
RETUNE	ambient/soundscape/underground/spooks_below/rats/sound_05.ogg	BASE-DUP-excluded
RETUNE	ambient/soundscape/underground/spooks_below/rats/sound_06.ogg	BASE-DUP-excluded
RETUNE	ambient/soundscape/underground/spooks_below/rats/sound_07.ogg	USED-shipped
RETUNE	ambient/soundscape/underground/spooks_below/spooks/sound_01.ogg	USED-shipped
RETUNE	ambient/soundscape/underground/spooks_below/spooks/sound_02.ogg	USED-shipped
RETUNE	ambient/soundscape/underground/spooks_below/spooks/sound_03.ogg	USED-shipped
RETUNE	ambient/soundscape/underground/spooks_below/spooks/sound_04.ogg	USED-shipped
RETUNE	ambient/soundscape/underground/spooks_below/spooks/sound_05.ogg	USED-shipped
RETUNE	ambient/soundscape/underground/spooks_below/spooks/sound_06.ogg	USED-shipped
RETUNE	ambient/soundscape/underground/spooks_below/spooks/sound_07.ogg	USED-shipped
RETUNE	ambient/soundscape/underground/spooks_below/spooks/sound_08.ogg	USED-shipped
RETUNE	ambient/soundscape/underground/spooks_below/spooks/sound_09.ogg	USED-shipped
RETUNE	ambient/soundscape/underground/spooks_below/spooks/sound_10.ogg	USED-shipped
RETUNE	ambient/soundscape/underground/spooks_below/spooks/sound_11.ogg	USED-shipped
RETUNE	ambient/soundscape/underground/spooks_below/spooks/sound_12.ogg	USED-shipped
RETUNE	ambient/soundscape/underground/spooks_below/spooks/sound_13.ogg	USED-shipped
RETUNE	ambient/soundscape/underground/spooks_below/spooks/sound_14.ogg	USED-shipped
RETUNE	ambient/soundscape/underground/spooks_below/spooks/sound_15.ogg	USED-shipped
RETUNE	ambient/soundscape/underground/spooks_below/spooks/sound_16.ogg	USED-shipped
RETUNE	ambient/soundscape/underground/spooks_below/spooks/sound_17.ogg	BASE-DUP-excluded
RETUNE	ambient/soundscape/underground/spooks_below/spooks/sound_18.ogg	BASE-DUP-excluded
RETUNE	ambient/soundscape/underground/spooks_below/spooks/sound_19.ogg	BASE-DUP-excluded
RETUNE	ambient/soundscape/underground/spooks_below/spooks/sound_20.ogg	USED-shipped
RETUNE	ambient/soundscape/underground/spooks_below/spooks/sound_21.ogg	USED-shipped
RETUNE	ambient/soundscape/underground/spooks_below/spooks/sound_22.ogg	USED-shipped
RETUNE	ambient/soundscape/underground/spooks_below/spooks/sound_23.ogg	USED-shipped
RETUNE	ambient/soundscape/underground/spooks_below/spooks/sound_24.ogg	USED-shipped
RETUNE	ambient/soundscape/underground/spooks_below/spooks/sound_25.ogg	USED-shipped
RETUNE	ambient/soundscape/underground/spooks_below/spooks/sound_26.ogg	USED-shipped
RETUNE	ambient/soundscape/underground/spooks_below/spooks/sound_27.ogg	USED-shipped
RETUNE	ambient/soundscape/underground/spooks_below/spooks/sound_28.ogg	USED-shipped
RETUNE	ambient/soundscape/underground/spooks_below/spooks/sound_29.ogg	USED-shipped
RETUNE	ambient/soundscape/underground/spooks_below/spooks/sound_30.ogg	USED-shipped
RETUNE	ambient/soundscape/underground/spooks_below/spooks/sound_31.ogg	USED-shipped
RETUNE	ambient/soundscape/underground/spooks_below/spooks/sound_32.ogg	USED-shipped
RETUNE	ambient/soundscape/underground/spooks_below/spooks/sound_33.ogg	USED-shipped
RETUNE	ambient/soundscape/underground/spooks_below/spooks/sound_34.ogg	USED-shipped
RETUNE	ambient/soundscape/underground/spooks_below/spooks/sound_35.ogg	USED-shipped
RETUNE	ambient/soundscape/underground/spooks_below/spooks/sound_36.ogg	USED-shipped
RETUNE	ambient/soundscape/underground/spooks_below/spooks/sound_37.ogg	USED-shipped
RETUNE	ambient/soundscape/underground/spooks_below/spooks/sound_38.ogg	USED-shipped
RETUNE	ambient/soundscape/underground/spooks_below/spooks/sound_39.ogg	USED-shipped
RETUNE	ambient/soundscape/underground/spooks_below/spooks/sound_40.ogg	USED-shipped
RETUNE	ambient/soundscape/underground/spooks_below/spooks/~sound_21.ogg	USED-shipped
RETUNE	ambient/soundscape/underground/spooks_below/water_drip/sound_01.ogg	BASE-DUP-excluded
RETUNE	ambient/soundscape/underground/spooks_below/water_drip/sound_02.ogg	BASE-DUP-excluded
RETUNE	ambient/soundscape/underground/spooks_below/water_drip/sound_03.ogg	BASE-DUP-excluded
RETUNE	ambient/soundscape/underground/spooks_below/water_drip/sound_04.ogg	BASE-DUP-excluded
RETUNE	ambient/soundscape/underground/spooks_below/water_drip/sound_05.ogg	BASE-DUP-excluded
RETUNE	ambient/soundscape/underground/spooks_below/water_drip/sound_06.ogg	BASE-DUP-excluded
RETUNE	ambient/soundscape/underground/spooks_below/water_drip/sound_07.ogg	BASE-DUP-excluded
RETUNE	ambient/soundscape/underground/spooks_below/water_drip/sound_08.ogg	BASE-DUP-excluded
RETUNE	ambient/soundscape/underground/spooks_below/water_drip/sound_09.ogg	BASE-DUP-excluded
RETUNE	ambient/soundscape/underground/spooks_below/water_drip/sound_10.ogg	BASE-DUP-excluded
RETUNE	ambient/soundscape/underground/spooks_below/water_drip/sound_11.ogg	BASE-DUP-excluded
RETUNE	ambient/soundscape/underground/steam_1.ogg	USED-shipped
RETUNE	ambient/soundscape/underground/under_1.ogg	BASE-DUP-excluded
RETUNE	ambient/soundscape/underground/under_10.ogg	BASE-DUP-excluded
RETUNE	ambient/soundscape/underground/under_11.ogg	BASE-DUP-excluded
RETUNE	ambient/soundscape/underground/under_12.ogg	BASE-DUP-excluded
RETUNE	ambient/soundscape/underground/under_13.ogg	BASE-DUP-excluded
RETUNE	ambient/soundscape/underground/under_14.ogg	BASE-DUP-excluded
RETUNE	ambient/soundscape/underground/under_15.ogg	BASE-DUP-excluded
RETUNE	ambient/soundscape/underground/under_16.ogg	BASE-DUP-excluded
RETUNE	ambient/soundscape/underground/under_17.ogg	BASE-DUP-excluded
RETUNE	ambient/soundscape/underground/under_18.ogg	BASE-DUP-excluded
RETUNE	ambient/soundscape/underground/under_19.ogg	BASE-DUP-excluded
RETUNE	ambient/soundscape/underground/under_2.ogg	BASE-DUP-excluded
RETUNE	ambient/soundscape/underground/under_20.ogg	BASE-DUP-excluded
RETUNE	ambient/soundscape/underground/under_21.ogg	USED-shipped
RETUNE	ambient/soundscape/underground/under_22.ogg	BASE-DUP-excluded
RETUNE	ambient/soundscape/underground/under_23.ogg	USED-shipped
RETUNE	ambient/soundscape/underground/under_24.ogg	USED-shipped
RETUNE	ambient/soundscape/underground/under_25.ogg	BASE-DUP-excluded
RETUNE	ambient/soundscape/underground/under_26.ogg	BASE-DUP-excluded
RETUNE	ambient/soundscape/underground/under_27.ogg	BASE-DUP-excluded
RETUNE	ambient/soundscape/underground/under_28.ogg	BASE-DUP-excluded
RETUNE	ambient/soundscape/underground/under_29.ogg	USED-shipped
RETUNE	ambient/soundscape/underground/under_3.ogg	BASE-DUP-excluded
RETUNE	ambient/soundscape/underground/under_30.ogg	BASE-DUP-excluded
RETUNE	ambient/soundscape/underground/under_31.ogg	BASE-DUP-excluded
RETUNE	ambient/soundscape/underground/under_32.ogg	BASE-DUP-excluded
RETUNE	ambient/soundscape/underground/under_33.ogg	BASE-DUP-excluded
RETUNE	ambient/soundscape/underground/under_34.ogg	USED-shipped
RETUNE	ambient/soundscape/underground/under_4.ogg	BASE-DUP-excluded
RETUNE	ambient/soundscape/underground/under_5.ogg	BASE-DUP-excluded
RETUNE	ambient/soundscape/underground/under_6.ogg	BASE-DUP-excluded
RETUNE	ambient/soundscape/underground/under_7.ogg	BASE-DUP-excluded
RETUNE	ambient/soundscape/underground/under_8.ogg	BASE-DUP-excluded
RETUNE	ambient/soundscape/underground/under_9.ogg	BASE-DUP-excluded
RETUNE	ambient/soundscape/urban/ambienturban_1.ogg	BASE-DUP-excluded
RETUNE	ambient/soundscape/urban/ambienturban_10.ogg	BASE-DUP-excluded
RETUNE	ambient/soundscape/urban/ambienturban_11.ogg	BASE-DUP-excluded
RETUNE	ambient/soundscape/urban/ambienturban_12.ogg	BASE-DUP-excluded
RETUNE	ambient/soundscape/urban/ambienturban_13.ogg	BASE-DUP-excluded
RETUNE	ambient/soundscape/urban/ambienturban_14.ogg	BASE-DUP-excluded
RETUNE	ambient/soundscape/urban/ambienturban_15.ogg	BASE-DUP-excluded
RETUNE	ambient/soundscape/urban/ambienturban_16.ogg	BASE-DUP-excluded
RETUNE	ambient/soundscape/urban/ambienturban_17.ogg	BASE-DUP-excluded
RETUNE	ambient/soundscape/urban/ambienturban_18.ogg	BASE-DUP-excluded
RETUNE	ambient/soundscape/urban/ambienturban_19.ogg	BASE-DUP-excluded
RETUNE	ambient/soundscape/urban/ambienturban_2.ogg	BASE-DUP-excluded
RETUNE	ambient/soundscape/urban/ambienturban_20.ogg	BASE-DUP-excluded
RETUNE	ambient/soundscape/urban/ambienturban_21.ogg	BASE-DUP-excluded
RETUNE	ambient/soundscape/urban/ambienturban_22.ogg	BASE-DUP-excluded
RETUNE	ambient/soundscape/urban/ambienturban_23.ogg	BASE-DUP-excluded
RETUNE	ambient/soundscape/urban/ambienturban_24.ogg	BASE-DUP-excluded
RETUNE	ambient/soundscape/urban/ambienturban_25.ogg	BASE-DUP-excluded
RETUNE	ambient/soundscape/urban/ambienturban_26.ogg	BASE-DUP-excluded
RETUNE	ambient/soundscape/urban/ambienturban_27.ogg	BASE-DUP-excluded
RETUNE	ambient/soundscape/urban/ambienturban_3.ogg	BASE-DUP-excluded
RETUNE	ambient/soundscape/urban/ambienturban_4.ogg	BASE-DUP-excluded
RETUNE	ambient/soundscape/urban/ambienturban_5.ogg	BASE-DUP-excluded
RETUNE	ambient/soundscape/urban/ambienturban_6.ogg	BASE-DUP-excluded
RETUNE	ambient/soundscape/urban/ambienturban_7.ogg	BASE-DUP-excluded
RETUNE	ambient/soundscape/urban/ambienturban_8.ogg	BASE-DUP-excluded
RETUNE	ambient/soundscape/urban/ambienturban_9.ogg	BASE-DUP-excluded
RETUNE	ambient/soundscape/wind/housewind01.ogg	BASE-DUP-excluded
RETUNE	ambient/soundscape/wind/housewind02.ogg	BASE-DUP-excluded
RETUNE	ambient/soundscape/wind/housewind03.ogg	BASE-DUP-excluded
RETUNE	ambient/soundscape/wind/housewind04.ogg	BASE-DUP-excluded
RETUNE	ambient/soundscape/wind/housewind05.ogg	BASE-DUP-excluded
RETUNE	ambient/soundscape/wind/housewind06.ogg	BASE-DUP-excluded
RETUNE	ambient/soundscape/wind/housewind07.ogg	BASE-DUP-excluded
RETUNE	ambient/soundscape/wind/housewind08.ogg	BASE-DUP-excluded
RETUNE	ambient/soundscape/wind/housewind09.ogg	BASE-DUP-excluded
RETUNE	ambient/soundscape/wind/housewind10.ogg	BASE-DUP-excluded
RETUNE	ambient/soundscape/wind/housewind11.ogg	BASE-DUP-excluded
RETUNE	ambient/soundscape/wind/housewind12.ogg	BASE-DUP-excluded
RETUNE	ambient/soundscape/wind/housewind13.ogg	BASE-DUP-excluded
RETUNE	ambient/soundscape/wind/housewind14.ogg	BASE-DUP-excluded
RETUNE	ambient/soundscape/wind/housewind15.ogg	BASE-DUP-excluded
RETUNE	ambient/soundscape/wind/housewind16.ogg	off-scope-or-dup
RETUNE	ambient/soundscape/wind/windbush_1.ogg	off-scope-or-dup
RETUNE	ambient/soundscape/wind/windbush_2.ogg	off-scope-or-dup
RETUNE	ambient/soundscape/wind/windbush_3.ogg	off-scope-or-dup
RETUNE	ambient/soundscape/wind/windbush_4.ogg	off-scope-or-dup
RETUNE	ambient/soundscape/wind/windbush_5.ogg	off-scope-or-dup
RETUNE	ambient/soundscape/wind/windtree_1.ogg	off-scope-or-dup
RETUNE	ambient/soundscape/wind/windtree_10.ogg	off-scope-or-dup
RETUNE	ambient/soundscape/wind/windtree_11.ogg	off-scope-or-dup
RETUNE	ambient/soundscape/wind/windtree_12.ogg	off-scope-or-dup
RETUNE	ambient/soundscape/wind/windtree_2.ogg	off-scope-or-dup
RETUNE	ambient/soundscape/wind/windtree_3.ogg	off-scope-or-dup
RETUNE	ambient/soundscape/wind/windtree_4.ogg	off-scope-or-dup
RETUNE	ambient/soundscape/wind/windtree_5.ogg	off-scope-or-dup
RETUNE	ambient/soundscape/wind/windtree_6.ogg	off-scope-or-dup
RETUNE	ambient/soundscape/wind/windtree_7.ogg	off-scope-or-dup
RETUNE	ambient/soundscape/wind/windtree_8.ogg	off-scope-or-dup
RETUNE	ambient/soundscape/wind/windtree_9.ogg	off-scope-or-dup
RETUNE	ambient/soundscape/wind/windtreestorm_1.ogg	BASE-DUP-excluded
RETUNE	ambient/soundscape/wind/windtreestorm_10.ogg	BASE-DUP-excluded
RETUNE	ambient/soundscape/wind/windtreestorm_11.ogg	BASE-DUP-excluded
RETUNE	ambient/soundscape/wind/windtreestorm_12.ogg	BASE-DUP-excluded
RETUNE	ambient/soundscape/wind/windtreestorm_2.ogg	BASE-DUP-excluded
RETUNE	ambient/soundscape/wind/windtreestorm_3.ogg	BASE-DUP-excluded
RETUNE	ambient/soundscape/wind/windtreestorm_4.ogg	BASE-DUP-excluded
RETUNE	ambient/soundscape/wind/windtreestorm_5.ogg	BASE-DUP-excluded
RETUNE	ambient/soundscape/wind/windtreestorm_6.ogg	BASE-DUP-excluded
RETUNE	ambient/soundscape/wind/windtreestorm_7.ogg	BASE-DUP-excluded
RETUNE	ambient/soundscape/wind/windtreestorm_8.ogg	BASE-DUP-excluded
RETUNE	ambient/soundscape/wind/windtreestorm_9.ogg	BASE-DUP-excluded
RETUNE	ambient/soundscape/wind/windwhistle1.ogg	off-scope-or-dup
RETUNE	ambient/soundscape/wind/windwhistle2.ogg	off-scope-or-dup
RETUNE	ambient/soundscape/wind/windwhistle3.ogg	off-scope-or-dup
RETUNE	ambient/soundscape/wind/windwhistle4.ogg	off-scope-or-dup
RETUNE	ambient/soundscape/wind/windwhistle5.ogg	off-scope-or-dup
RETUNE	ambient/soundscape/wind/windwhistle6.ogg	off-scope-or-dup
RETUNE	ambient/soundscape/wind/windwhistle7.ogg	off-scope-or-dup
RETUNE	ambient/trx/nature/birds/sound_01.ogg	off-scope-or-dup
RETUNE	ambient/trx/nature/birds/sound_02.ogg	off-scope-or-dup
RETUNE	ambient/trx/nature/birds/sound_03.ogg	off-scope-or-dup
RETUNE	ambient/trx/nature/birds/sound_04.ogg	off-scope-or-dup
RETUNE	ambient/trx/nature/birds/sound_05.ogg	off-scope-or-dup
RETUNE	ambient/trx/nature/birds/sound_06.ogg	off-scope-or-dup
RETUNE	ambient/trx/nature/birds/sound_07.ogg	off-scope-or-dup
RETUNE	ambient/trx/nature/birds/sound_08.ogg	off-scope-or-dup
RETUNE	ambient/trx/nature/birds/sound_09.ogg	off-scope-or-dup
RETUNE	ambient/trx/nature/birds/sound_10.ogg	off-scope-or-dup
RETUNE	ambient/trx/nature/birds/sound_11.ogg	off-scope-or-dup
RETUNE	ambient/trx/nature/birds/sound_12.ogg	off-scope-or-dup
RETUNE	ambient/trx/nature/birds/sound_13.ogg	off-scope-or-dup
RETUNE	ambient/trx/nature/birds/sound_14.ogg	off-scope-or-dup
RETUNE	ambient/trx/nature/birds/sound_15.ogg	off-scope-or-dup
RETUNE	ambient/trx/nature/birds/sound_16.ogg	off-scope-or-dup
RETUNE	ambient/trx/nature/birds/sound_17.ogg	off-scope-or-dup
RETUNE	ambient/trx/nature/birds/sound_18.ogg	off-scope-or-dup
RETUNE	ambient/trx/nature/birds/sound_19.ogg	off-scope-or-dup
RETUNE	ambient/trx/nature/birds/sound_20.ogg	off-scope-or-dup
RETUNE	ambient/trx/nature/birds/sound_21.ogg	USED-shipped
RETUNE	ambient/trx/nature/birds/sound_22.ogg	off-scope-or-dup
RETUNE	ambient/trx/nature/birds/sound_23.ogg	off-scope-or-dup
RETUNE	ambient/trx/nature/birds/sound_24.ogg	off-scope-or-dup
RETUNE	ambient/trx/nature/birds/sound_25.ogg	off-scope-or-dup
RETUNE	ambient/trx/nature/birds/sound_26.ogg	USED-shipped
RETUNE	ambient/trx/nature/birds/sound_27.ogg	USED-shipped
RETUNE	ambient/trx/nature/birds/sound_28.ogg	off-scope-or-dup
RETUNE	ambient/trx/nature/birds/sound_29.ogg	USED-shipped
RETUNE	ambient/trx/nature/birds/sound_30.ogg	off-scope-or-dup
RETUNE	ambient/trx/nature/cricket/sound_01.ogg	BASE-DUP-excluded
RETUNE	ambient/trx/nature/cricket/sound_02.ogg	BASE-DUP-excluded
RETUNE	ambient/trx/nature/cricket/sound_03.ogg	BASE-DUP-excluded
RETUNE	ambient/trx/nature/cricket/sound_04.ogg	BASE-DUP-excluded
RETUNE	ambient/trx/nature/cricket/sound_05.ogg	BASE-DUP-excluded
RETUNE	ambient/trx/nature/cricket/sound_06.ogg	BASE-DUP-excluded
RETUNE	ambient/trx/nature/cricket/sound_07.ogg	BASE-DUP-excluded
RETUNE	ambient/trx/nature/cricket/sound_08.ogg	BASE-DUP-excluded
RETUNE	ambient/trx/nature/cricket/sound_09.ogg	BASE-DUP-excluded
RETUNE	ambient/trx/nature/cricket/sound_10.ogg	BASE-DUP-excluded
RETUNE	ambient/trx/nature/crow/sound_01.ogg	USED-shipped
RETUNE	ambient/trx/nature/crow/sound_02.ogg	USED-shipped
RETUNE	ambient/trx/nature/crow/sound_03.ogg	USED-shipped
RETUNE	ambient/trx/nature/crow/sound_04.ogg	USED-shipped
RETUNE	ambient/trx/nature/crow/sound_05.ogg	USED-shipped
RETUNE	ambient/trx/nature/crow/sound_06.ogg	USED-shipped
RETUNE	ambient/trx/nature/crow/sound_07.ogg	USED-shipped
RETUNE	ambient/trx/nature/crow/sound_08.ogg	USED-shipped
RETUNE	ambient/trx/nature/crow/sound_09.ogg	USED-shipped
RETUNE	ambient/trx/nature/crow/sound_10.ogg	USED-shipped
RETUNE	ambient/trx/nature/crow/sound_11.ogg	USED-shipped
RETUNE	ambient/trx/nature/crow/sound_12.ogg	HELD-loop-surplus
RETUNE	ambient/trx/nature/crow/sound_13.ogg	HELD-loop-surplus
RETUNE	ambient/trx/nature/crow/sound_14.ogg	HELD-loop-surplus
RETUNE	ambient/trx/nature/crow/sound_15.ogg	INTRA-DUP-excluded
RETUNE	ambient/trx/nature/crow/sound_16.ogg	HELD-loop-surplus
RETUNE	ambient/trx/nature/crow/sound_17.ogg	HELD-loop-surplus
RETUNE	ambient/trx/nature/crow/sound_18.ogg	USED-shipped
RETUNE	ambient/trx/nature/crow/sound_19.ogg	USED-shipped
RETUNE	ambient/trx/nature/crow/sound_20.ogg	HELD-loop-surplus
RETUNE	ambient/trx/nature/crow/sound_21.ogg	USED-shipped
RETUNE	ambient/trx/nature/crow/sound_22.ogg	USED-shipped
RETUNE	ambient/trx/nature/crow/sound_23.ogg	INTRA-DUP-excluded
RETUNE	ambient/trx/nature/crow/sound_24.ogg	INTRA-DUP-excluded
RETUNE	ambient/trx/nature/crow/sound_25.ogg	USED-shipped
RETUNE	ambient/trx/nature/crow/sound_26.ogg	HELD-loop-surplus
RETUNE	ambient/trx/nature/dog/sound_01.ogg	USED-shipped
RETUNE	ambient/trx/nature/dog/sound_02.ogg	USED-shipped
RETUNE	ambient/trx/nature/dog/sound_03.ogg	HELD-loop-surplus
RETUNE	ambient/trx/nature/dog/sound_04.ogg	USED-shipped
RETUNE	ambient/trx/nature/dog/sound_05.ogg	USED-shipped
RETUNE	ambient/trx/nature/dog/sound_06.ogg	USED-shipped
RETUNE	ambient/trx/nature/dog/sound_07.ogg	HELD-loop-surplus
RETUNE	ambient/trx/nature/dog/sound_08.ogg	USED-shipped
RETUNE	ambient/trx/nature/dog/sound_09.ogg	USED-shipped
RETUNE	ambient/trx/nature/dog/sound_10.ogg	USED-shipped
RETUNE	ambient/trx/nature/dog/sound_11.ogg	USED-shipped
RETUNE	ambient/trx/nature/dog/sound_12.ogg	USED-shipped
RETUNE	ambient/trx/nature/dog/sound_13.ogg	USED-shipped
RETUNE	ambient/trx/nature/dog/sound_14.ogg	USED-shipped
RETUNE	ambient/trx/nature/dog/sound_15.ogg	HELD-loop-surplus
RETUNE	ambient/trx/nature/dog/sound_16.ogg	HELD-loop-surplus
RETUNE	ambient/trx/nature/dog/sound_17.ogg	HELD-loop-surplus
RETUNE	ambient/trx/nature/dog/sound_18.ogg	USED-shipped
RETUNE	ambient/trx/nature/dog/sound_19.ogg	USED-shipped
RETUNE	ambient/trx/nature/dog/sound_20.ogg	USED-shipped
RETUNE	ambient/trx/nature/dog/sound_21.ogg	USED-shipped
RETUNE	ambient/trx/nature/dog/sound_22.ogg	USED-shipped
RETUNE	ambient/trx/nature/dog/sound_23.ogg	USED-shipped
RETUNE	ambient/trx/nature/flie/sound_01.ogg	off-scope-or-dup
RETUNE	ambient/trx/nature/flie/sound_02.ogg	off-scope-or-dup
RETUNE	ambient/trx/nature/flie/sound_03.ogg	off-scope-or-dup
RETUNE	ambient/trx/nature/flie/sound_04.ogg	off-scope-or-dup
RETUNE	ambient/trx/nature/flie/sound_05.ogg	off-scope-or-dup
RETUNE	ambient/trx/nature/flie/sound_06.ogg	off-scope-or-dup
RETUNE	ambient/trx/nature/flie/sound_07.ogg	off-scope-or-dup
RETUNE	ambient/trx/nature/flie/sound_08.ogg	off-scope-or-dup
RETUNE	ambient/trx/nature/flie/sound_09.ogg	off-scope-or-dup
RETUNE	ambient/trx/nature/flie/sound_10.ogg	off-scope-or-dup
RETUNE	ambient/trx/nature/flie/sound_11.ogg	off-scope-or-dup
RETUNE	ambient/trx/nature/flie/sound_12.ogg	off-scope-or-dup
RETUNE	ambient/trx/nature/flie/sound_13.ogg	off-scope-or-dup
RETUNE	ambient/trx/nature/flie/sound_14.ogg	off-scope-or-dup
RETUNE	ambient/trx/nature/flie/sound_15.ogg	off-scope-or-dup
RETUNE	ambient/trx/nature/flie/sound_16.ogg	off-scope-or-dup
RETUNE	ambient/trx/nature/flie/sound_17.ogg	off-scope-or-dup
RETUNE	ambient/trx/nature/flie/sound_18.ogg	off-scope-or-dup
RETUNE	ambient/trx/nature/flie/sound_19.ogg	off-scope-or-dup
RETUNE	ambient/trx/nature/flie/sound_20.ogg	off-scope-or-dup
RETUNE	ambient/trx/nature/flie/sound_21.ogg	off-scope-or-dup
RETUNE	ambient/trx/nature/flie/sound_22.ogg	off-scope-or-dup
RETUNE	ambient/trx/nature/flie/sound_23.ogg	off-scope-or-dup
RETUNE	ambient/trx/nature/flie/sound_24.ogg	off-scope-or-dup
RETUNE	ambient/trx/nature/gull/sound_01.ogg	off-scope-or-dup
RETUNE	ambient/trx/nature/gull/sound_02.ogg	off-scope-or-dup
RETUNE	ambient/trx/nature/gull/sound_03.ogg	off-scope-or-dup
RETUNE	ambient/trx/nature/gull/sound_04.ogg	off-scope-or-dup
RETUNE	ambient/trx/nature/gull/sound_05.ogg	off-scope-or-dup
RETUNE	ambient/trx/nature/gull/sound_06.ogg	off-scope-or-dup
RETUNE	ambient/trx/nature/gull/sound_07.ogg	off-scope-or-dup
RETUNE	ambient/trx/nature/gull/sound_08.ogg	off-scope-or-dup
RETUNE	ambient/trx/nature/gull/sound_09.ogg	off-scope-or-dup
RETUNE	ambient/trx/nature/gull/sound_10.ogg	off-scope-or-dup
RETUNE	ambient/trx/nature/gull/sound_11.ogg	off-scope-or-dup
RETUNE	ambient/trx/nature/gull/sound_12.ogg	off-scope-or-dup
RETUNE	ambient/trx/nature/gull/sound_13.ogg	off-scope-or-dup
RETUNE	ambient/trx/nature/gull/sound_14.ogg	off-scope-or-dup
RETUNE	ambient/trx/nature/insect/sound_01.ogg	off-scope-or-dup
RETUNE	ambient/trx/nature/insect/sound_02.ogg	off-scope-or-dup
RETUNE	ambient/trx/nature/insect/sound_03.ogg	off-scope-or-dup
RETUNE	ambient/trx/nature/insect/sound_04.ogg	off-scope-or-dup
RETUNE	ambient/trx/nature/insect/sound_05.ogg	off-scope-or-dup
RETUNE	ambient/trx/nature/insect/sound_06.ogg	off-scope-or-dup
RETUNE	ambient/trx/nature/insect/sound_07.ogg	off-scope-or-dup
RETUNE	ambient/trx/nature/insect/sound_08.ogg	off-scope-or-dup
RETUNE	ambient/trx/nature/insect/sound_09.ogg	off-scope-or-dup
RETUNE	ambient/trx/nature/insect/sound_10.ogg	off-scope-or-dup
RETUNE	ambient/trx/nature/insect/sound_11.ogg	off-scope-or-dup
RETUNE	ambient/trx/nature/insect/sound_12.ogg	off-scope-or-dup
RETUNE	ambient/trx/nature/owl/sound_01.ogg	BASE-DUP-excluded
RETUNE	ambient/trx/nature/owl/sound_02.ogg	BASE-DUP-excluded
RETUNE	ambient/trx/nature/owl/sound_03.ogg	BASE-DUP-excluded
RETUNE	ambient/trx/nature/owl/sound_04.ogg	BASE-DUP-excluded
RETUNE	ambient/trx/nature/owl/sound_05.ogg	BASE-DUP-excluded
RETUNE	ambient/trx/nature/owl/sound_06.ogg	BASE-DUP-excluded
RETUNE	ambient/trx/nature/owl/sound_07.ogg	BASE-DUP-excluded
RETUNE	ambient/trx/nature/owl/sound_08.ogg	BASE-DUP-excluded
RETUNE	ambient/trx/nature/owl/sound_09.ogg	USED-shipped
RETUNE	ambient/trx/nature/owl/sound_10.ogg	SILENCE-excluded
RETUNE	ambient/trx/nature/owl/sound_11.ogg	HELD-loop-surplus
RETUNE	ambient/trx/nature/owl/sound_12.ogg	HELD-loop-surplus
RETUNE	ambient/trx/nature/owl/sound_13.ogg	HELD-loop-surplus
RETUNE	ambient/trx/nature/owl/sound_14.ogg	USED-shipped
RETUNE	ambient/trx/nature/owl/sound_15.ogg	USED-shipped
RETUNE	ambient/trx/nature/owl/sound_16.ogg	HELD-loop-surplus
RETUNE	ambient/trx/nature/owl/sound_17.ogg	USED-shipped
RETUNE	ambient/trx/nature/owl/sound_18.ogg	USED-shipped
RETUNE	ambient/trx/nature/owl/sound_19.ogg	HELD-loop-surplus
RETUNE	ambient/trx/nature/storm/sound_01.ogg	BASE-DUP-excluded
RETUNE	ambient/trx/nature/storm/sound_02.ogg	BASE-DUP-excluded
RETUNE	ambient/trx/nature/storm/sound_03.ogg	BASE-DUP-excluded
RETUNE	ambient/trx/nature/storm/sound_04.ogg	BASE-DUP-excluded
RETUNE	ambient/trx/nature/storm/sound_05.ogg	BASE-DUP-excluded
RETUNE	ambient/trx/nature/storm/sound_06.ogg	BASE-DUP-excluded
RETUNE	ambient/trx/nature/storm/sound_07.ogg	BASE-DUP-excluded
RETUNE	ambient/trx/nature/storm/sound_08.ogg	BASE-DUP-excluded
RETUNE	ambient/trx/nature/storm/sound_09.ogg	BASE-DUP-excluded
RETUNE	ambient/trx/nature/storm/sound_10.ogg	BASE-DUP-excluded
RETUNE	ambient/trx/nature/storm/sound_11.ogg	BASE-DUP-excluded
RETUNE	ambient/trx/nature/storm/sound_12.ogg	BASE-DUP-excluded
RETUNE	ambient/trx/nature/storm/sound_13.ogg	BASE-DUP-excluded
RETUNE	ambient/trx/nature/storm/sound_14.ogg	BASE-DUP-excluded
RETUNE	ambient/trx/nature/storm/sound_15.ogg	BASE-DUP-excluded
RETUNE	ambient/trx/nature/storm/sound_16.ogg	BASE-DUP-excluded
RETUNE	ambient/trx/nature/wind_dark/sound_01.ogg	HELD-loop-surplus
RETUNE	ambient/trx/nature/wind_dark/sound_02.ogg	HELD-loop-surplus
RETUNE	ambient/trx/nature/wind_dark/sound_03.ogg	HELD-loop-surplus
RETUNE	ambient/trx/nature/wind_dark/sound_04.ogg	HELD-loop-surplus
RETUNE	ambient/trx/nature/wind_dark/sound_05.ogg	HELD-loop-surplus
RETUNE	ambient/trx/nature/wind_dark/sound_06.ogg	HELD-loop-surplus
RETUNE	ambient/trx/nature/wind_forest/sound_01.ogg	off-scope-or-dup
RETUNE	ambient/trx/nature/wind_forest/sound_02.ogg	off-scope-or-dup
RETUNE	ambient/trx/nature/wind_forest/sound_03.ogg	off-scope-or-dup
RETUNE	ambient/trx/nature/wind_forest/sound_04.ogg	off-scope-or-dup
RETUNE	ambient/trx/nature/wind_forest/sound_05.ogg	off-scope-or-dup
RETUNE	ambient/trx/nature/wind_forest/sound_06.ogg	off-scope-or-dup
RETUNE	ambient/trx/nature/wind_gust/sound_01.ogg	off-scope-or-dup
RETUNE	ambient/trx/nature/wind_gust/sound_02.ogg	off-scope-or-dup
RETUNE	ambient/trx/nature/wind_gust/sound_03.ogg	off-scope-or-dup
RETUNE	ambient/trx/nature/wind_gust/sound_04.ogg	off-scope-or-dup
RETUNE	ambient/trx/nature/wind_gust/sound_05.ogg	off-scope-or-dup
RETUNE	ambient/trx/nature/wind_gust/sound_06.ogg	off-scope-or-dup
RETUNE	ambient/trx/nature/wind_gust/sound_07.ogg	off-scope-or-dup
RETUNE	ambient/trx/nature/wind_gust/sound_08.ogg	off-scope-or-dup
RETUNE	ambient/trx/nature/wind_gust/sound_09.ogg	off-scope-or-dup
RETUNE	ambient/trx/nature/wind_gust/sound_10.ogg	off-scope-or-dup
RETUNE	ambient/trx/nature/wind_gust/sound_11.ogg	off-scope-or-dup
RETUNE	ambient/trx/nature/wind_gust/sound_12.ogg	off-scope-or-dup
RETUNE	ambient/trx/nature/wind_gust/sound_13.ogg	off-scope-or-dup
RETUNE	ambient/trx/nature/wind_gust/sound_14.ogg	off-scope-or-dup
RETUNE	ambient/trx/nature/wind_gust/sound_15.ogg	off-scope-or-dup
RETUNE	ambient/trx/nature/wind_gust/sound_16.ogg	off-scope-or-dup
RETUNE	ambient/trx/nature/wind_gust/sound_17.ogg	off-scope-or-dup
RETUNE	ambient/trx/nature/wind_gust/sound_18.ogg	off-scope-or-dup
RETUNE	ambient/trx/nature/wind_gust/sound_19.ogg	off-scope-or-dup
RETUNE	ambient/trx/nature/wind_gust/sound_20.ogg	off-scope-or-dup
RETUNE	ambient/trx/nature/wind_gust/sound_21.ogg	off-scope-or-dup
RETUNE	ambient/trx/nature/wind_gust/sound_22.ogg	off-scope-or-dup
RETUNE	ambient/trx/nature/wind_gust/sound_23.ogg	off-scope-or-dup
RETUNE	ambient/trx/nature/wind_gust/sound_24.ogg	off-scope-or-dup
RETUNE	ambient/trx/nature/wind_heavy/sound_01.ogg	BASE-DUP-excluded
RETUNE	ambient/trx/nature/wind_heavy/sound_02.ogg	BASE-DUP-excluded
RETUNE	ambient/trx/nature/wind_heavy/sound_03.ogg	BASE-DUP-excluded
RETUNE	ambient/trx/nature/wind_heavy/sound_04.ogg	BASE-DUP-excluded
RETUNE	ambient/trx/nature/wind_heavy/sound_05.ogg	BASE-DUP-excluded
RETUNE	ambient/trx/nature/wind_heavy/sound_06.ogg	BASE-DUP-excluded
RETUNE	ambient/trx/nature/wind_normal/sound_01.ogg	BASE-DUP-excluded
RETUNE	ambient/trx/nature/wind_normal/sound_02.ogg	BASE-DUP-excluded
RETUNE	ambient/trx/nature/wind_normal/sound_03.ogg	BASE-DUP-excluded
RETUNE	ambient/trx/nature/wind_normal/sound_04.ogg	BASE-DUP-excluded
RETUNE	ambient/trx/nature/wind_normal/sound_05.ogg	BASE-DUP-excluded
RETUNE	ambient/trx/nature/wind_normal/sound_06.ogg	BASE-DUP-excluded
RETUNE	ambient/trx/nature/wind_normal/sound_07.ogg	BASE-DUP-excluded
RETUNE	ambient/trx/nature/wind_normal/sound_08.ogg	BASE-DUP-excluded
RETUNE	ambient/trx/nature/wind_normal/sound_09.ogg	BASE-DUP-excluded
RETUNE	ambient/trx/nature/wind_normal/sound_10.ogg	BASE-DUP-excluded
RETUNE	ambient/trx/nature/wind_normal/sound_11.ogg	BASE-DUP-excluded
RETUNE	ambient/trx/nature/wind_normal/sound_12.ogg	BASE-DUP-excluded
RETUNE	ambient/trx/nature/wind_normal/sound_13.ogg	BASE-DUP-excluded
RETUNE	ambient/trx/nature/wind_normal/sound_14.ogg	BASE-DUP-excluded
RETUNE	ambient/trx/nature/wind_normal/sound_15.ogg	BASE-DUP-excluded
RETUNE	ambient/trx/nature/wind_normal/sound_16.ogg	BASE-DUP-excluded
RETUNE	ambient/trx/nature/wind_normal/sound_17.ogg	BASE-DUP-excluded
RETUNE	ambient/trx/nature/wind_normal/sound_18.ogg	BASE-DUP-excluded
RETUNE	ambient/trx/nature/wind_normal/sound_19.ogg	BASE-DUP-excluded
RETUNE	ambient/trx/nature/wind_normal/sound_20.ogg	off-scope-or-dup
RETUNE	ambient/trx/nature/wind_normal/sound_21.ogg	off-scope-or-dup
RETUNE	ambient/trx/nature/wind_normal/sound_22.ogg	off-scope-or-dup
RETUNE	ambient/trx/nature/wind_normal/sound_23.ogg	off-scope-or-dup
RETUNE	ambient/trx/nature/wind_normal/sound_24.ogg	off-scope-or-dup
RETUNE	ambient/trx/nature/wind_normal/sound_25.ogg	off-scope-or-dup
RETUNE	ambient/trx/nature/wind_normal/sound_26.ogg	off-scope-or-dup
RETUNE	ambient/trx/nature/wind_normal/sound_27.ogg	off-scope-or-dup
RETUNE	ambient/trx/nature/wind_normal/sound_28.ogg	off-scope-or-dup
RETUNE	ambient/trx/nature/wind_normal/sound_29.ogg	off-scope-or-dup
RETUNE	ambient/trx/nature/wind_tuman/sound_01.ogg	BASE-DUP-excluded
RETUNE	ambient/trx/nature/wind_tuman/sound_02.ogg	BASE-DUP-excluded
RETUNE	ambient/trx/nature/wind_tuman/sound_03.ogg	BASE-DUP-excluded
RETUNE	ambient/trx/nature/wind_tuman/sound_04.ogg	BASE-DUP-excluded
RETUNE	ambient/trx/nature/wind_tuman/sound_05.ogg	BASE-DUP-excluded
RETUNE	ambient/trx/nature/wind_tuman/sound_06.ogg	INTRA-DUP-excluded
RETUNE	ambient/trx/nature/wind_tuman/sound_07.ogg	INTRA-DUP-excluded
RETUNE	ambient/trx/nature/wind_tuman/sound_08.ogg	HELD-loop-surplus
RETUNE	ambient/trx/nature/wind_tuman/sound_09.ogg	BASE-DUP-excluded
RETUNE	ambient/trx/nature/wind_tuman/sound_10.ogg	BASE-DUP-excluded
RETUNE	ambient/trx/nature/wind_tuman/sound_11.ogg	INTRA-DUP-excluded
RETUNE	ambient/trx/nature/wind_tuman/sound_12.ogg	BASE-DUP-excluded
RETUNE	ambient/trx/nature/wind_tuman/sound_13.ogg	BASE-DUP-excluded
RETUNE	ambient/trx/nature/wind_tuman/sound_14.ogg	BASE-DUP-excluded
RETUNE	ambient/trx/spooks_above/amb_dark/sound_01.ogg	BASE-DUP-excluded
RETUNE	ambient/trx/spooks_above/amb_dark/sound_02.ogg	BASE-DUP-excluded
RETUNE	ambient/trx/spooks_above/amb_dark/sound_03.ogg	BASE-DUP-excluded
RETUNE	ambient/trx/spooks_above/amb_dark/sound_04.ogg	BASE-DUP-excluded
RETUNE	ambient/trx/spooks_above/amb_dark/sound_05.ogg	BASE-DUP-excluded
RETUNE	ambient/trx/spooks_above/amb_dark/sound_06.ogg	BASE-DUP-excluded
RETUNE	ambient/trx/spooks_above/amb_dark/sound_07.ogg	BASE-DUP-excluded
RETUNE	ambient/trx/spooks_above/amb_dark/sound_08.ogg	BASE-DUP-excluded
RETUNE	ambient/trx/spooks_above/amb_dark/sound_09.ogg	BASE-DUP-excluded
RETUNE	ambient/trx/spooks_above/amb_dark/sound_10.ogg	BASE-DUP-excluded
RETUNE	ambient/trx/spooks_above/amb_dark/sound_11.ogg	BASE-DUP-excluded
RETUNE	ambient/trx/spooks_above/amb_dark/sound_12.ogg	BASE-DUP-excluded
RETUNE	ambient/trx/spooks_above/amb_dark/sound_13.ogg	BASE-DUP-excluded
RETUNE	ambient/trx/spooks_above/amb_dark/sound_14.ogg	BASE-DUP-excluded
RETUNE	ambient/trx/spooks_above/amb_dark/sound_15.ogg	BASE-DUP-excluded
RETUNE	ambient/trx/spooks_above/amb_dark/sound_16.ogg	BASE-DUP-excluded
RETUNE	ambient/trx/spooks_above/amb_night/sound_01.ogg	USED-shipped
RETUNE	ambient/trx/spooks_above/amb_night/sound_02.ogg	BASE-DUP-excluded
RETUNE	ambient/trx/spooks_above/amb_night/sound_03.ogg	BASE-DUP-excluded
RETUNE	ambient/trx/spooks_above/amb_night/sound_04.ogg	BASE-DUP-excluded
RETUNE	ambient/trx/spooks_above/amb_night/sound_05.ogg	USED-shipped
RETUNE	ambient/trx/spooks_above/amb_night/sound_06.ogg	BASE-DUP-excluded
RETUNE	ambient/trx/spooks_above/amb_night/sound_07.ogg	BASE-DUP-excluded
RETUNE	ambient/trx/spooks_above/amb_night/sound_08.ogg	USED-shipped
RETUNE	ambient/trx/spooks_above/amb_night/sound_09.ogg	BASE-DUP-excluded
RETUNE	ambient/trx/spooks_above/amb_night/sound_10.ogg	BASE-DUP-excluded
RETUNE	ambient/trx/spooks_above/drone/sound_01.ogg	BASE-DUP-excluded
RETUNE	ambient/trx/spooks_above/drone/sound_02.ogg	BASE-DUP-excluded
RETUNE	ambient/trx/spooks_above/drone/sound_03.ogg	BASE-DUP-excluded
RETUNE	ambient/trx/spooks_above/drone/sound_04.ogg	BASE-DUP-excluded
RETUNE	ambient/trx/spooks_above/drone/sound_05.ogg	BASE-DUP-excluded
RETUNE	ambient/trx/spooks_above/drone/sound_06.ogg	BASE-DUP-excluded
RETUNE	ambient/trx/spooks_above/drone/sound_07.ogg	USED-shipped
RETUNE	ambient/trx/spooks_above/drone/sound_08.ogg	BASE-DUP-excluded
RETUNE	ambient/trx/spooks_above/drone/sound_09.ogg	BASE-DUP-excluded
RETUNE	ambient/trx/spooks_above/drone/sound_10.ogg	BASE-DUP-excluded
RETUNE	ambient/trx/spooks_above/drone/sound_11.ogg	BASE-DUP-excluded
RETUNE	ambient/trx/spooks_above/mutants/sound_01.ogg	USED-shipped
RETUNE	ambient/trx/spooks_above/mutants/sound_02.ogg	USED-shipped
RETUNE	ambient/trx/spooks_above/mutants/sound_03.ogg	USED-shipped
RETUNE	ambient/trx/spooks_above/mutants/sound_04.ogg	USED-shipped
RETUNE	ambient/trx/spooks_above/mutants/sound_05.ogg	USED-shipped
RETUNE	ambient/trx/spooks_above/mutants/sound_06.ogg	USED-shipped
RETUNE	ambient/trx/spooks_above/mutants/sound_07.ogg	USED-shipped
RETUNE	ambient/trx/spooks_above/mutants/sound_08.ogg	USED-shipped
RETUNE	ambient/trx/spooks_above/mutants/sound_09.ogg	USED-shipped
RETUNE	ambient/trx/spooks_above/mutants/sound_10.ogg	USED-shipped
RETUNE	ambient/trx/spooks_above/mutants/sound_11.ogg	USED-shipped
RETUNE	ambient/trx/spooks_above/mutants/sound_12.ogg	USED-shipped
RETUNE	ambient/trx/spooks_above/mutants/sound_13.ogg	USED-shipped
RETUNE	ambient/trx/spooks_above/screams/sound_01.ogg	BASE-DUP-excluded
RETUNE	ambient/trx/spooks_above/screams/sound_02.ogg	USED-shipped
RETUNE	ambient/trx/spooks_above/screams/sound_03.ogg	BASE-DUP-excluded
RETUNE	ambient/trx/spooks_above/screams/sound_04.ogg	BASE-DUP-excluded
RETUNE	ambient/trx/spooks_above/screams/sound_05.ogg	BASE-DUP-excluded
RETUNE	ambient/trx/spooks_above/screams/sound_06.ogg	BASE-DUP-excluded
RETUNE	ambient/trx/spooks_above/screams/sound_07.ogg	BASE-DUP-excluded
RETUNE	ambient/trx/spooks_above/screams/sound_08.ogg	BASE-DUP-excluded
RETUNE	ambient/trx/spooks_above/screams/sound_09.ogg	BASE-DUP-excluded
RETUNE	ambient/trx/spooks_above/screams/sound_10.ogg	BASE-DUP-excluded
RETUNE	ambient/trx/spooks_above/screams/sound_11.ogg	BASE-DUP-excluded
RETUNE	ambient/trx/spooks_above/screams/sound_12.ogg	BASE-DUP-excluded
RETUNE	ambient/trx/spooks_above/screams/sound_13.ogg	BASE-DUP-excluded
RETUNE	ambient/trx/spooks_above/screams/sound_14.ogg	BASE-DUP-excluded
RETUNE	ambient/trx/spooks_above/screams/sound_15.ogg	BASE-DUP-excluded
RETUNE	ambient/trx/spooks_above/screams/sound_16.ogg	BASE-DUP-excluded
RETUNE	ambient/trx/spooks_above/screams/sound_17.ogg	BASE-DUP-excluded
RETUNE	ambient/trx/spooks_above/screams/sound_18.ogg	BASE-DUP-excluded
RETUNE	ambient/trx/spooks_above/screams/sound_19.ogg	BASE-DUP-excluded
RETUNE	ambient/trx/spooks_above/screams/sound_20.ogg	BASE-DUP-excluded
RETUNE	ambient/trx/spooks_above/screams/sound_21.ogg	BASE-DUP-excluded
RETUNE	ambient/trx/spooks_above/screams/sound_22.ogg	BASE-DUP-excluded
RETUNE	ambient/trx/spooks_above/screams/sound_23.ogg	BASE-DUP-excluded
RETUNE	ambient/trx/spooks_above/screams/sound_24.ogg	BASE-DUP-excluded
RETUNE	ambient/trx/spooks_above/screams/sound_25.ogg	BASE-DUP-excluded
RETUNE	ambient/trx/spooks_above/shooting/sound_01.ogg	USED-shipped
RETUNE	ambient/trx/spooks_above/shooting/sound_02.ogg	USED-shipped
RETUNE	ambient/trx/spooks_above/shooting/sound_03.ogg	HELD-loop-surplus
RETUNE	ambient/trx/spooks_above/shooting/sound_04.ogg	USED-shipped
RETUNE	ambient/trx/spooks_above/shooting/sound_05.ogg	USED-shipped
RETUNE	ambient/trx/spooks_above/shooting/sound_06.ogg	USED-shipped
RETUNE	ambient/trx/spooks_above/shooting/sound_07.ogg	USED-shipped
RETUNE	ambient/trx/spooks_above/shooting/sound_08.ogg	USED-shipped
RETUNE	ambient/trx/spooks_above/shooting/sound_09.ogg	USED-shipped
RETUNE	ambient/trx/spooks_above/shooting/sound_10.ogg	USED-shipped
RETUNE	ambient/trx/spooks_above/shooting/sound_11.ogg	USED-shipped
RETUNE	ambient/trx/spooks_above/shooting/sound_12.ogg	USED-shipped
RETUNE	ambient/trx/spooks_above/shooting/sound_13.ogg	HELD-loop-surplus
RETUNE	ambient/trx/spooks_above/shooting/sound_14.ogg	USED-shipped
RETUNE	ambient/trx/spooks_above/shooting/sound_15.ogg	HELD-loop-surplus
RETUNE	ambient/trx/spooks_above/shooting/sound_16.ogg	USED-shipped
RETUNE	ambient/trx/spooks_above/shooting/sound_17.ogg	HELD-loop-surplus
RETUNE	ambient/trx/spooks_above/shooting/sound_18.ogg	USED-shipped
RETUNE	ambient/trx/spooks_above/shooting/sound_19.ogg	INTRA-DUP-excluded
RETUNE	ambient/trx/spooks_above/shooting/sound_20.ogg	USED-shipped
RETUNE	ambient/trx/spooks_above/shooting/sound_21.ogg	USED-shipped
RETUNE	ambient/trx/spooks_above/shooting/sound_22.ogg	USED-shipped
RETUNE	ambient/trx/spooks_above/shooting/sound_23.ogg	USED-shipped
RETUNE	ambient/trx/spooks_above/shooting/sound_24.ogg	USED-shipped
RETUNE	ambient/trx/spooks_above/shooting/sound_25.ogg	USED-shipped
RETUNE	ambient/trx/spooks_above/shooting/sound_26.ogg	INTRA-DUP-excluded
RETUNE	ambient/trx/spooks_above/shooting/sound_27.ogg	USED-shipped
RETUNE	ambient/trx/spooks_above/shooting/sound_28.ogg	USED-shipped
RETUNE	ambient/trx/spooks_above/shooting/sound_29.ogg	USED-shipped
RETUNE	ambient/trx/spooks_above/shooting/sound_30.ogg	USED-shipped
RETUNE	ambient/trx/spooks_above/shooting/sound_31.ogg	USED-shipped
RETUNE	ambient/trx/spooks_above/shooting/sound_32.ogg	HELD-loop-surplus
RETUNE	ambient/trx/spooks_above/shooting/sound_33.ogg	USED-shipped
RETUNE	ambient/trx/spooks_above/shooting/sound_34.ogg	USED-shipped
RETUNE	ambient/trx/spooks_above/shooting/sound_35.ogg	INTRA-DUP-excluded
RETUNE	ambient/trx/spooks_above/shooting/sound_36.ogg	USED-shipped
RETUNE	ambient/trx/spooks_above/shooting/sound_37.ogg	USED-shipped
RETUNE	ambient/trx/spooks_above/spooks/sound_01.ogg	BASE-DUP-excluded
RETUNE	ambient/trx/spooks_above/spooks/sound_02.ogg	BASE-DUP-excluded
RETUNE	ambient/trx/spooks_above/spooks/sound_03.ogg	BASE-DUP-excluded
RETUNE	ambient/trx/spooks_above/spooks/sound_04.ogg	BASE-DUP-excluded
RETUNE	ambient/trx/spooks_above/spooks/sound_05.ogg	BASE-DUP-excluded
RETUNE	ambient/trx/spooks_above/spooks/sound_06.ogg	BASE-DUP-excluded
RETUNE	ambient/trx/spooks_above/spooks/sound_07.ogg	BASE-DUP-excluded
RETUNE	ambient/trx/spooks_above/spooks/sound_08.ogg	BASE-DUP-excluded
RETUNE	ambient/trx/spooks_above/spooks/sound_09.ogg	BASE-DUP-excluded
RETUNE	ambient/trx/spooks_above/spooks/sound_10.ogg	BASE-DUP-excluded
RETUNE	ambient/trx/spooks_above/spooks/sound_11.ogg	BASE-DUP-excluded
RETUNE	ambient/trx/spooks_above/spooks/sound_12.ogg	BASE-DUP-excluded
RETUNE	ambient/trx/spooks_above/spooks/sound_13.ogg	BASE-DUP-excluded
RETUNE	ambient/trx/spooks_above/spooks/sound_14.ogg	BASE-DUP-excluded
RETUNE	ambient/trx/spooks_above/spooks/sound_15.ogg	BASE-DUP-excluded
RETUNE	ambient/trx/spooks_above/spooks/sound_16.ogg	BASE-DUP-excluded
RETUNE	ambient/trx/spooks_above/spooks/sound_17.ogg	BASE-DUP-excluded
RETUNE	ambient/trx/spooks_above/spooks/sound_18.ogg	BASE-DUP-excluded
RETUNE	ambient/trx/spooks_above/spooks/sound_19.ogg	BASE-DUP-excluded
RETUNE	ambient/trx/spooks_above/spooks/sound_20.ogg	BASE-DUP-excluded
RETUNE	ambient/trx/spooks_above/spooks/sound_21.ogg	BASE-DUP-excluded
RETUNE	ambient/trx/spooks_above/spooks/sound_22.ogg	BASE-DUP-excluded
RETUNE	ambient/trx/spooks_above/spooks/sound_23.ogg	BASE-DUP-excluded
RETUNE	ambient/trx/spooks_above/spooks/sound_24.ogg	BASE-DUP-excluded
RETUNE	ambient/trx/spooks_above/spooks/sound_25.ogg	BASE-DUP-excluded
RETUNE	ambient/trx/spooks_above/spooks/sound_26.ogg	BASE-DUP-excluded
RETUNE	ambient/trx/spooks_above/spooks/sound_27.ogg	BASE-DUP-excluded
RETUNE	ambient/trx/spooks_above/spooks/sound_28.ogg	BASE-DUP-excluded
RETUNE	ambient/trx/spooks_above/spooks/sound_29.ogg	BASE-DUP-excluded
RETUNE	ambient/trx/spooks_above/spooks/sound_30.ogg	BASE-DUP-excluded
RETUNE	ambient/trx/spooks_above/spooks/sound_31.ogg	BASE-DUP-excluded
RETUNE	ambient/trx/spooks_above/spooks/sound_32.ogg	BASE-DUP-excluded
RETUNE	ambient/trx/spooks_above/spooks/sound_33.ogg	BASE-DUP-excluded
RETUNE	ambient/trx/spooks_below/ambient/sound_01.ogg	BASE-DUP-excluded
RETUNE	ambient/trx/spooks_below/ambient/sound_02.ogg	BASE-DUP-excluded
RETUNE	ambient/trx/spooks_below/ambient/sound_03.ogg	BASE-DUP-excluded
RETUNE	ambient/trx/spooks_below/ambient/sound_04.ogg	BASE-DUP-excluded
RETUNE	ambient/trx/spooks_below/ambient/sound_05.ogg	BASE-DUP-excluded
RETUNE	ambient/trx/spooks_below/ambient/sound_06.ogg	BASE-DUP-excluded
RETUNE	ambient/trx/spooks_below/ambient/sound_07.ogg	BASE-DUP-excluded
RETUNE	ambient/trx/spooks_below/ambient/sound_08.ogg	BASE-DUP-excluded
RETUNE	ambient/trx/spooks_below/ambient/sound_09.ogg	BASE-DUP-excluded
RETUNE	ambient/trx/spooks_below/ambient/sound_10.ogg	BASE-DUP-excluded
RETUNE	ambient/trx/spooks_below/ambient/sound_11.ogg	BASE-DUP-excluded
RETUNE	ambient/trx/spooks_below/ambient/sound_12.ogg	BASE-DUP-excluded
RETUNE	ambient/trx/spooks_below/background/underground.ogg	BASE-DUP-excluded
RETUNE	ambient/trx/spooks_below/background/underground_2.ogg	BASE-DUP-excluded
RETUNE	ambient/trx/spooks_below/banging/sound_01.ogg	BASE-DUP-excluded
RETUNE	ambient/trx/spooks_below/banging/sound_02.ogg	BASE-DUP-excluded
RETUNE	ambient/trx/spooks_below/banging/sound_03.ogg	BASE-DUP-excluded
RETUNE	ambient/trx/spooks_below/banging/sound_04.ogg	BASE-DUP-excluded
RETUNE	ambient/trx/spooks_below/banging/sound_05.ogg	BASE-DUP-excluded
RETUNE	ambient/trx/spooks_below/banging/sound_06.ogg	BASE-DUP-excluded
RETUNE	ambient/trx/spooks_below/banging/sound_07.ogg	BASE-DUP-excluded
RETUNE	ambient/trx/spooks_below/drone/sound_01.ogg	BASE-DUP-excluded
RETUNE	ambient/trx/spooks_below/drone/sound_02.ogg	BASE-DUP-excluded
RETUNE	ambient/trx/spooks_below/drone/sound_03.ogg	BASE-DUP-excluded
RETUNE	ambient/trx/spooks_below/drone/sound_04.ogg	BASE-DUP-excluded
RETUNE	ambient/trx/spooks_below/drone/sound_05.ogg	BASE-DUP-excluded
RETUNE	ambient/trx/spooks_below/drone/sound_06.ogg	BASE-DUP-excluded
RETUNE	ambient/trx/spooks_below/drone/sound_07.ogg	BASE-DUP-excluded
RETUNE	ambient/trx/spooks_below/drone/sound_08.ogg	BASE-DUP-excluded
RETUNE	ambient/trx/spooks_below/drone/sound_09.ogg	BASE-DUP-excluded
RETUNE	ambient/trx/spooks_below/drone/sound_10.ogg	BASE-DUP-excluded
RETUNE	ambient/trx/spooks_below/drone/sound_11.ogg	USED-shipped
RETUNE	ambient/trx/spooks_below/lab/sound_01.ogg	BASE-DUP-excluded
RETUNE	ambient/trx/spooks_below/lab/sound_02.ogg	BASE-DUP-excluded
RETUNE	ambient/trx/spooks_below/lab/sound_03.ogg	BASE-DUP-excluded
RETUNE	ambient/trx/spooks_below/lab/sound_04.ogg	BASE-DUP-excluded
RETUNE	ambient/trx/spooks_below/lab/sound_05.ogg	BASE-DUP-excluded
RETUNE	ambient/trx/spooks_below/lab/sound_06.ogg	BASE-DUP-excluded
RETUNE	ambient/trx/spooks_below/lab/sound_07.ogg	SILENCE-excluded
RETUNE	ambient/trx/spooks_below/lab/sound_08.ogg	SILENCE-excluded
RETUNE	ambient/trx/spooks_below/lab/sound_09.ogg	SILENCE-excluded
RETUNE	ambient/trx/spooks_below/machine/sound_01.ogg	BASE-DUP-excluded
RETUNE	ambient/trx/spooks_below/machine/sound_02.ogg	BASE-DUP-excluded
RETUNE	ambient/trx/spooks_below/machine/sound_03.ogg	BASE-DUP-excluded
RETUNE	ambient/trx/spooks_below/machine/sound_04.ogg	BASE-DUP-excluded
RETUNE	ambient/trx/spooks_below/machine/sound_05.ogg	BASE-DUP-excluded
RETUNE	ambient/trx/spooks_below/machine/sound_06.ogg	BASE-DUP-excluded
RETUNE	ambient/trx/spooks_below/machine/sound_07.ogg	BASE-DUP-excluded
RETUNE	ambient/trx/spooks_below/machine/sound_08.ogg	BASE-DUP-excluded
RETUNE	ambient/trx/spooks_below/machine/sound_09.ogg	BASE-DUP-excluded
RETUNE	ambient/trx/spooks_below/machine/sound_10.ogg	BASE-DUP-excluded
RETUNE	ambient/trx/spooks_below/machine/sound_11.ogg	BASE-DUP-excluded
RETUNE	ambient/trx/spooks_below/machine/sound_12.ogg	BASE-DUP-excluded
RETUNE	ambient/trx/spooks_below/metal/sound_01.ogg	BASE-DUP-excluded
RETUNE	ambient/trx/spooks_below/metal/sound_02.ogg	BASE-DUP-excluded
RETUNE	ambient/trx/spooks_below/metal/sound_03.ogg	BASE-DUP-excluded
RETUNE	ambient/trx/spooks_below/metal/sound_04.ogg	BASE-DUP-excluded
RETUNE	ambient/trx/spooks_below/metal/sound_05.ogg	BASE-DUP-excluded
RETUNE	ambient/trx/spooks_below/metal/sound_06.ogg	BASE-DUP-excluded
RETUNE	ambient/trx/spooks_below/metal/sound_07.ogg	BASE-DUP-excluded
RETUNE	ambient/trx/spooks_below/metal/sound_08.ogg	BASE-DUP-excluded
RETUNE	ambient/trx/spooks_below/metal/sound_09.ogg	BASE-DUP-excluded
RETUNE	ambient/trx/spooks_below/metal/sound_10.ogg	BASE-DUP-excluded
RETUNE	ambient/trx/spooks_below/metal/sound_11.ogg	BASE-DUP-excluded
RETUNE	ambient/trx/spooks_below/metal/sound_12.ogg	BASE-DUP-excluded
RETUNE	ambient/trx/spooks_below/metal/sound_13.ogg	BASE-DUP-excluded
RETUNE	ambient/trx/spooks_below/metal/sound_14.ogg	BASE-DUP-excluded
RETUNE	ambient/trx/spooks_below/noise/sound_01.ogg	BASE-DUP-excluded
RETUNE	ambient/trx/spooks_below/noise/sound_02.ogg	BASE-DUP-excluded
RETUNE	ambient/trx/spooks_below/noise/sound_03.ogg	BASE-DUP-excluded
RETUNE	ambient/trx/spooks_below/noise/sound_04.ogg	BASE-DUP-excluded
RETUNE	ambient/trx/spooks_below/noise/sound_05.ogg	BASE-DUP-excluded
RETUNE	ambient/trx/spooks_below/noise/sound_06.ogg	BASE-DUP-excluded
RETUNE	ambient/trx/spooks_below/noise/sound_07.ogg	BASE-DUP-excluded
RETUNE	ambient/trx/spooks_below/noise/sound_08.ogg	BASE-DUP-excluded
RETUNE	ambient/trx/spooks_below/noise/sound_09.ogg	BASE-DUP-excluded
RETUNE	ambient/trx/spooks_below/noise/sound_10.ogg	BASE-DUP-excluded
RETUNE	ambient/trx/spooks_below/noise/sound_11.ogg	BASE-DUP-excluded
RETUNE	ambient/trx/spooks_below/noise/sound_12.ogg	BASE-DUP-excluded
RETUNE	ambient/trx/spooks_below/noise/sound_13.ogg	BASE-DUP-excluded
RETUNE	ambient/trx/spooks_below/noise/sound_14.ogg	BASE-DUP-excluded
RETUNE	ambient/trx/spooks_below/noise/sound_15.ogg	BASE-DUP-excluded
RETUNE	ambient/trx/spooks_below/noise/sound_16.ogg	BASE-DUP-excluded
RETUNE	ambient/trx/spooks_below/noise/sound_17.ogg	BASE-DUP-excluded
RETUNE	ambient/trx/spooks_below/noise/sound_18.ogg	BASE-DUP-excluded
RETUNE	ambient/trx/spooks_below/noise/sound_19.ogg	BASE-DUP-excluded
RETUNE	ambient/trx/spooks_below/noise/sound_20.ogg	BASE-DUP-excluded
RETUNE	ambient/trx/spooks_below/noise/sound_21.ogg	BASE-DUP-excluded
RETUNE	ambient/trx/spooks_below/noise/sound_22.ogg	BASE-DUP-excluded
RETUNE	ambient/trx/spooks_below/noise/sound_23.ogg	BASE-DUP-excluded
RETUNE	ambient/trx/spooks_below/noise/sound_24.ogg	BASE-DUP-excluded
RETUNE	ambient/trx/spooks_below/noise/sound_25.ogg	BASE-DUP-excluded
RETUNE	ambient/trx/spooks_below/noise/sound_26.ogg	BASE-DUP-excluded
RETUNE	ambient/trx/spooks_below/noise/sound_27.ogg	BASE-DUP-excluded
RETUNE	ambient/trx/spooks_below/noise/sound_28.ogg	BASE-DUP-excluded
RETUNE	ambient/trx/spooks_below/rats/sound_01.ogg	BASE-DUP-excluded
RETUNE	ambient/trx/spooks_below/rats/sound_02.ogg	BASE-DUP-excluded
RETUNE	ambient/trx/spooks_below/rats/sound_03.ogg	BASE-DUP-excluded
RETUNE	ambient/trx/spooks_below/rats/sound_04.ogg	BASE-DUP-excluded
RETUNE	ambient/trx/spooks_below/rats/sound_05.ogg	BASE-DUP-excluded
RETUNE	ambient/trx/spooks_below/rats/sound_06.ogg	BASE-DUP-excluded
RETUNE	ambient/trx/spooks_below/rats/sound_07.ogg	USED-shipped
RETUNE	ambient/trx/spooks_below/spooks/sound_01.ogg	BASE-DUP-excluded
RETUNE	ambient/trx/spooks_below/spooks/sound_02.ogg	BASE-DUP-excluded
RETUNE	ambient/trx/spooks_below/spooks/sound_03.ogg	BASE-DUP-excluded
RETUNE	ambient/trx/spooks_below/spooks/sound_04.ogg	BASE-DUP-excluded
RETUNE	ambient/trx/spooks_below/spooks/sound_05.ogg	BASE-DUP-excluded
RETUNE	ambient/trx/spooks_below/spooks/sound_06.ogg	BASE-DUP-excluded
RETUNE	ambient/trx/spooks_below/spooks/sound_07.ogg	BASE-DUP-excluded
RETUNE	ambient/trx/spooks_below/spooks/sound_08.ogg	BASE-DUP-excluded
RETUNE	ambient/trx/spooks_below/spooks/sound_09.ogg	BASE-DUP-excluded
RETUNE	ambient/trx/spooks_below/spooks/sound_10.ogg	BASE-DUP-excluded
RETUNE	ambient/trx/spooks_below/spooks/sound_11.ogg	BASE-DUP-excluded
RETUNE	ambient/trx/spooks_below/spooks/sound_12.ogg	BASE-DUP-excluded
RETUNE	ambient/trx/spooks_below/spooks/sound_13.ogg	BASE-DUP-excluded
RETUNE	ambient/trx/spooks_below/spooks/sound_14.ogg	BASE-DUP-excluded
RETUNE	ambient/trx/spooks_below/spooks/sound_15.ogg	BASE-DUP-excluded
RETUNE	ambient/trx/spooks_below/spooks/sound_16.ogg	BASE-DUP-excluded
RETUNE	ambient/trx/spooks_below/spooks/sound_17.ogg	BASE-DUP-excluded
RETUNE	ambient/trx/spooks_below/spooks/sound_18.ogg	BASE-DUP-excluded
RETUNE	ambient/trx/spooks_below/spooks/sound_19.ogg	BASE-DUP-excluded
RETUNE	ambient/trx/spooks_below/spooks/sound_20.ogg	BASE-DUP-excluded
RETUNE	ambient/trx/spooks_below/spooks/sound_21.ogg	BASE-DUP-excluded
RETUNE	ambient/trx/spooks_below/spooks/sound_22.ogg	BASE-DUP-excluded
RETUNE	ambient/trx/spooks_below/water_drip/sound_01.ogg	BASE-DUP-excluded
RETUNE	ambient/trx/spooks_below/water_drip/sound_02.ogg	BASE-DUP-excluded
RETUNE	ambient/trx/spooks_below/water_drip/sound_03.ogg	BASE-DUP-excluded
RETUNE	ambient/trx/spooks_below/water_drip/sound_04.ogg	BASE-DUP-excluded
RETUNE	ambient/trx/spooks_below/water_drip/sound_05.ogg	BASE-DUP-excluded
RETUNE	ambient/trx/spooks_below/water_drip/sound_06.ogg	BASE-DUP-excluded
RETUNE	ambient/trx/spooks_below/water_drip/sound_07.ogg	BASE-DUP-excluded
RETUNE	ambient/trx/spooks_below/water_drip/sound_08.ogg	BASE-DUP-excluded
RETUNE	ambient/trx/spooks_below/water_drip/sound_09.ogg	BASE-DUP-excluded
RETUNE	ambient/trx/spooks_below/water_drip/sound_10.ogg	BASE-DUP-excluded
RETUNE	ambient/trx/spooks_below/water_drip/sound_11.ogg	BASE-DUP-excluded
RETUNE	ambient/underground/steam_1.ogg	USED-effect-unshipped
RETUNE	ambient/whistling_wind1.ogg	off-scope-or-dup
Amplified	actor/gas_breath_1_1.ogg	SKIP-nonambient
Amplified	actor/gas_breath_1_2.ogg	SKIP-nonambient
Amplified	actor/gas_breath_1_3.ogg	SKIP-nonambient
Amplified	actor/gas_breath_1_4.ogg	SKIP-nonambient
Amplified	actor/gas_breath_1_5.ogg	SKIP-nonambient
Amplified	actor/gas_breath_1_6.ogg	SKIP-nonambient
Amplified	actor/gas_breath_1_7.ogg	SKIP-nonambient
Amplified	actor/gas_breath_1_8.ogg	SKIP-nonambient
Amplified	actor/gas_breath_2_1.ogg	SKIP-nonambient
Amplified	actor/gas_breath_2_2.ogg	SKIP-nonambient
Amplified	actor/gas_breath_2_3.ogg	SKIP-nonambient
Amplified	actor/gas_breath_2_4.ogg	SKIP-nonambient
Amplified	actor/gas_breath_2_5.ogg	SKIP-nonambient
Amplified	actor/gas_breath_2_6.ogg	SKIP-nonambient
Amplified	actor/gas_breath_2_7.ogg	SKIP-nonambient
Amplified	actor/gas_breath_2_8.ogg	SKIP-nonambient
Amplified	actor/gas_breath_3_1.ogg	SKIP-nonambient
Amplified	actor/gas_breath_3_2.ogg	SKIP-nonambient
Amplified	actor/gas_breath_3_3.ogg	SKIP-nonambient
Amplified	actor/gas_breath_3_4.ogg	SKIP-nonambient
Amplified	actor/gas_breath_3_5.ogg	SKIP-nonambient
Amplified	actor/gas_breath_3_6.ogg	SKIP-nonambient
Amplified	actor/gas_breath_3_7.ogg	SKIP-nonambient
Amplified	actor/gas_breath_3_8.ogg	SKIP-nonambient
Amplified	actor/gas_breath_4_1.ogg	SKIP-nonambient
Amplified	actor/gas_breath_4_2.ogg	SKIP-nonambient
Amplified	actor/gas_breath_4_3.ogg	SKIP-nonambient
Amplified	actor/gas_breath_4_4.ogg	SKIP-nonambient
Amplified	actor/gas_breath_4_5.ogg	SKIP-nonambient
Amplified	actor/gas_breath_4_6.ogg	SKIP-nonambient
Amplified	actor/gas_breath_4_7.ogg	SKIP-nonambient
Amplified	actor/gas_breath_4_8.ogg	SKIP-nonambient
Amplified	actor/gas_breath_5_1.ogg	SKIP-nonambient
Amplified	actor/gas_breath_5_2.ogg	SKIP-nonambient
Amplified	actor/gas_breath_5_3.ogg	SKIP-nonambient
Amplified	actor/gas_breath_5_4.ogg	SKIP-nonambient
Amplified	actor/gas_breath_5_5.ogg	SKIP-nonambient
Amplified	actor/gas_breath_5_6.ogg	SKIP-nonambient
Amplified	actor/gas_breath_5_7.ogg	SKIP-nonambient
Amplified	actor/gas_breath_5_8.ogg	SKIP-nonambient
Amplified	actor/gas_breath_6_1.ogg	SKIP-nonambient
Amplified	actor/gas_breath_6_2.ogg	SKIP-nonambient
Amplified	actor/gas_breath_6_3.ogg	SKIP-nonambient
Amplified	actor/gas_breath_6_4.ogg	SKIP-nonambient
Amplified	actor/gas_breath_6_5.ogg	SKIP-nonambient
Amplified	actor/gas_breath_6_6.ogg	SKIP-nonambient
Amplified	actor/gas_breath_6_7.ogg	SKIP-nonambient
Amplified	actor/gas_breath_6_8.ogg	SKIP-nonambient
Amplified	actor/gas_breath_7_1.ogg	SKIP-nonambient
Amplified	actor/gas_breath_7_2.ogg	SKIP-nonambient
Amplified	actor/gas_breath_7_3.ogg	SKIP-nonambient
Amplified	actor/gas_breath_7_4.ogg	SKIP-nonambient
Amplified	actor/gas_breath_7_5.ogg	SKIP-nonambient
Amplified	actor/gas_breath_7_6.ogg	SKIP-nonambient
Amplified	actor/gas_breath_7_7.ogg	SKIP-nonambient
Amplified	actor/gas_breath_7_8.ogg	SKIP-nonambient
Amplified	actor/gas_breath_8_1.ogg	SKIP-nonambient
Amplified	actor/gas_breath_8_2.ogg	SKIP-nonambient
Amplified	actor/gas_breath_8_3.ogg	SKIP-nonambient
Amplified	actor/gas_breath_8_4.ogg	SKIP-nonambient
Amplified	actor/gas_breath_8_5.ogg	SKIP-nonambient
Amplified	actor/gas_breath_8_6.ogg	SKIP-nonambient
Amplified	actor/gas_breath_8_7.ogg	SKIP-nonambient
Amplified	actor/gas_breath_8_8.ogg	SKIP-nonambient
Amplified	actor/gasmask_equip.ogg	SKIP-nonambient
Amplified	actor/gasmask_off.ogg	SKIP-nonambient
Amplified	actor/headgear_hud/gasmask_equip.ogg	SKIP-nonambient
Amplified	actor/headgear_hud/helmet_equip.ogg	SKIP-nonambient
Amplified	actor/headgear_hud/helmet_equip2.ogg	SKIP-nonambient
Amplified	actor/headgear_hud/helmet_metro_equip.ogg	SKIP-nonambient
Amplified	actor/headgear_hud/helmet_metro_unequip.ogg	SKIP-nonambient
Amplified	actor/headgear_hud/helmet_protector_equip.ogg	SKIP-nonambient
Amplified	actor/headgear_hud/helmet_protector_unequip.ogg	SKIP-nonambient
Amplified	actor/liz_backpack_equip.ogg	SKIP-nonambient
Amplified	actor/liz_backpack_unequip.ogg	SKIP-nonambient
Amplified	actor/liz_outfit_equip.ogg	SKIP-nonambient
Amplified	actor/liz_outfit_equip_fast.ogg	SKIP-nonambient
Amplified	actor/liz_outfit_inspect.ogg	SKIP-nonambient
Amplified	affects/gasmask_off.ogg	SKIP-nonambient
Amplified	affects/gasmask_on.ogg	SKIP-nonambient
Amplified	affects/tinnitus3a.ogg	SKIP-nonambient
Amplified	ambience_exp/combat/combat1.ogg	off-scope-or-dup
Amplified	ambience_exp/combat/combat10.ogg	off-scope-or-dup
Amplified	ambience_exp/combat/combat11.ogg	off-scope-or-dup
Amplified	ambience_exp/combat/combat12.ogg	off-scope-or-dup
Amplified	ambience_exp/combat/combat13.ogg	off-scope-or-dup
Amplified	ambience_exp/combat/combat14.ogg	off-scope-or-dup
Amplified	ambience_exp/combat/combat15.ogg	off-scope-or-dup
Amplified	ambience_exp/combat/combat16.ogg	off-scope-or-dup
Amplified	ambience_exp/combat/combat17.ogg	off-scope-or-dup
Amplified	ambience_exp/combat/combat18.ogg	off-scope-or-dup
Amplified	ambience_exp/combat/combat19.ogg	off-scope-or-dup
Amplified	ambience_exp/combat/combat2.ogg	off-scope-or-dup
Amplified	ambience_exp/combat/combat20.ogg	off-scope-or-dup
Amplified	ambience_exp/combat/combat21.ogg	off-scope-or-dup
Amplified	ambience_exp/combat/combat22.ogg	off-scope-or-dup
Amplified	ambience_exp/combat/combat23.ogg	off-scope-or-dup
Amplified	ambience_exp/combat/combat24.ogg	off-scope-or-dup
Amplified	ambience_exp/combat/combat25.ogg	off-scope-or-dup
Amplified	ambience_exp/combat/combat26.ogg	off-scope-or-dup
Amplified	ambience_exp/combat/combat3.ogg	off-scope-or-dup
Amplified	ambience_exp/combat/combat4.ogg	off-scope-or-dup
Amplified	ambience_exp/combat/combat5.ogg	off-scope-or-dup
Amplified	ambience_exp/combat/combat6.ogg	off-scope-or-dup
Amplified	ambience_exp/combat/combat7.ogg	off-scope-or-dup
Amplified	ambience_exp/combat/combat8.ogg	off-scope-or-dup
Amplified	ambience_exp/combat/combat9.ogg	off-scope-or-dup
Amplified	ambience_exp/drip/drip1.ogg	USED-shipped
Amplified	ambience_exp/drip/drip2.ogg	USED-shipped
Amplified	ambience_exp/drip/drip3.ogg	USED-shipped
Amplified	ambience_exp/drip/drip4.ogg	USED-shipped
Amplified	ambience_exp/helicopter/helicopter1.ogg	off-scope-or-dup
Amplified	ambience_exp/helicopter/helicopter2.ogg	off-scope-or-dup
Amplified	ambience_exp/helicopter/helicopter3.ogg	off-scope-or-dup
Amplified	ambience_exp/rain/rain1.ogg	HELD-loop-surplus
Amplified	ambience_exp/rain/rain2.ogg	USED-shipped
Amplified	ambience_exp/rain/rain3.ogg	USED-shipped
Amplified	ambience_exp/rain/rain4.ogg	USED-shipped
Amplified	ambience_exp/rain/rain5.ogg	HELD-loop-surplus
Amplified	ambience_exp/rain/rain6.ogg	HELD-loop-surplus
Amplified	ambience_exp/rain/rain7.ogg	HELD-loop-surplus
Amplified	ambience_exp/rain/rain8.ogg	HELD-loop-surplus
Amplified	ambience_exp/rain_footstep/rain_footstep1.ogg	USED-shipped
Amplified	ambience_exp/rain_footstep/rain_footstep10.ogg	USED-shipped
Amplified	ambience_exp/rain_footstep/rain_footstep11.ogg	USED-shipped
Amplified	ambience_exp/rain_footstep/rain_footstep12.ogg	USED-shipped
Amplified	ambience_exp/rain_footstep/rain_footstep13.ogg	USED-shipped
Amplified	ambience_exp/rain_footstep/rain_footstep14.ogg	USED-shipped
Amplified	ambience_exp/rain_footstep/rain_footstep2.ogg	USED-shipped
Amplified	ambience_exp/rain_footstep/rain_footstep3.ogg	USED-shipped
Amplified	ambience_exp/rain_footstep/rain_footstep4.ogg	USED-shipped
Amplified	ambience_exp/rain_footstep/rain_footstep5.ogg	USED-shipped
Amplified	ambience_exp/rain_footstep/rain_footstep6.ogg	USED-shipped
Amplified	ambience_exp/rain_footstep/rain_footstep7.ogg	USED-shipped
Amplified	ambience_exp/rain_footstep/rain_footstep8.ogg	USED-shipped
Amplified	ambience_exp/rain_footstep/rain_footstep9.ogg	USED-shipped
Amplified	ambience_exp/random_footstep/random_footstep1.ogg	off-scope-or-dup
Amplified	ambience_exp/random_footstep/random_footstep2.ogg	off-scope-or-dup
Amplified	ambience_exp/random_footstep/random_footstep3.ogg	off-scope-or-dup
Amplified	ambience_exp/slam/slam1.ogg	off-scope-or-dup
Amplified	ambience_exp/slam/slam11.ogg	off-scope-or-dup
Amplified	ambience_exp/slam/slam12.ogg	off-scope-or-dup
Amplified	ambience_exp/slam/slam2.ogg	off-scope-or-dup
Amplified	ambience_exp/slam/slam3.ogg	off-scope-or-dup
Amplified	ambience_exp/slam/slam4.ogg	off-scope-or-dup
Amplified	ambience_exp/slam/slam5.ogg	off-scope-or-dup
Amplified	ambience_exp/slam/slam6.ogg	off-scope-or-dup
Amplified	ambience_exp/slam/slam7.ogg	off-scope-or-dup
Amplified	ambience_exp/slam/slam8.ogg	off-scope-or-dup
Amplified	ambience_exp/slam/slam9.ogg	off-scope-or-dup
Amplified	ambience_exp/wind/wind1.ogg	off-scope-or-dup
Amplified	ambience_exp/wind/wind10.ogg	off-scope-or-dup
Amplified	ambience_exp/wind/wind11.ogg	off-scope-or-dup
Amplified	ambience_exp/wind/wind12.ogg	off-scope-or-dup
Amplified	ambience_exp/wind/wind13.ogg	off-scope-or-dup
Amplified	ambience_exp/wind/wind14.ogg	off-scope-or-dup
Amplified	ambience_exp/wind/wind15.ogg	off-scope-or-dup
Amplified	ambience_exp/wind/wind2.ogg	off-scope-or-dup
Amplified	ambience_exp/wind/wind3.ogg	off-scope-or-dup
Amplified	ambience_exp/wind/wind4.ogg	off-scope-or-dup
Amplified	ambience_exp/wind/wind5.ogg	off-scope-or-dup
Amplified	ambience_exp/wind/wind6.ogg	off-scope-or-dup
Amplified	ambience_exp/wind/wind7.ogg	off-scope-or-dup
Amplified	ambience_exp/wind/wind8.ogg	off-scope-or-dup
Amplified	ambience_exp/wind/wind9.ogg	off-scope-or-dup
Amplified	ambience_exp/wind_interior/stereo/wind_interior1.ogg	off-scope-or-dup
Amplified	ambience_exp/wind_interior/stereo/wind_interior10.ogg	off-scope-or-dup
Amplified	ambience_exp/wind_interior/stereo/wind_interior11.ogg	off-scope-or-dup
Amplified	ambience_exp/wind_interior/stereo/wind_interior12.ogg	off-scope-or-dup
Amplified	ambience_exp/wind_interior/stereo/wind_interior13.ogg	off-scope-or-dup
Amplified	ambience_exp/wind_interior/stereo/wind_interior14.ogg	off-scope-or-dup
Amplified	ambience_exp/wind_interior/stereo/wind_interior15.ogg	off-scope-or-dup
Amplified	ambience_exp/wind_interior/stereo/wind_interior16.ogg	off-scope-or-dup
Amplified	ambience_exp/wind_interior/stereo/wind_interior17.ogg	off-scope-or-dup
Amplified	ambience_exp/wind_interior/stereo/wind_interior18.ogg	off-scope-or-dup
Amplified	ambience_exp/wind_interior/stereo/wind_interior19.ogg	off-scope-or-dup
Amplified	ambience_exp/wind_interior/stereo/wind_interior2.ogg	off-scope-or-dup
Amplified	ambience_exp/wind_interior/stereo/wind_interior20.ogg	off-scope-or-dup
Amplified	ambience_exp/wind_interior/stereo/wind_interior21.ogg	off-scope-or-dup
Amplified	ambience_exp/wind_interior/stereo/wind_interior3.ogg	off-scope-or-dup
Amplified	ambience_exp/wind_interior/stereo/wind_interior4.ogg	off-scope-or-dup
Amplified	ambience_exp/wind_interior/stereo/wind_interior5.ogg	off-scope-or-dup
Amplified	ambience_exp/wind_interior/stereo/wind_interior6.ogg	off-scope-or-dup
Amplified	ambience_exp/wind_interior/stereo/wind_interior7.ogg	off-scope-or-dup
Amplified	ambience_exp/wind_interior/stereo/wind_interior8.ogg	off-scope-or-dup
Amplified	ambience_exp/wind_interior/stereo/wind_interior9.ogg	off-scope-or-dup
Amplified	ambience_exp/wind_interior/wind_interior1.ogg	off-scope-or-dup
Amplified	ambience_exp/wind_interior/wind_interior10.ogg	off-scope-or-dup
Amplified	ambience_exp/wind_interior/wind_interior11.ogg	off-scope-or-dup
Amplified	ambience_exp/wind_interior/wind_interior12.ogg	off-scope-or-dup
Amplified	ambience_exp/wind_interior/wind_interior13.ogg	off-scope-or-dup
Amplified	ambience_exp/wind_interior/wind_interior14.ogg	off-scope-or-dup
Amplified	ambience_exp/wind_interior/wind_interior15.ogg	off-scope-or-dup
Amplified	ambience_exp/wind_interior/wind_interior16.ogg	off-scope-or-dup
Amplified	ambience_exp/wind_interior/wind_interior17.ogg	off-scope-or-dup
Amplified	ambience_exp/wind_interior/wind_interior18.ogg	off-scope-or-dup
Amplified	ambience_exp/wind_interior/wind_interior19.ogg	off-scope-or-dup
Amplified	ambience_exp/wind_interior/wind_interior2.ogg	off-scope-or-dup
Amplified	ambience_exp/wind_interior/wind_interior20.ogg	off-scope-or-dup
Amplified	ambience_exp/wind_interior/wind_interior21.ogg	off-scope-or-dup
Amplified	ambience_exp/wind_interior/wind_interior3.ogg	off-scope-or-dup
Amplified	ambience_exp/wind_interior/wind_interior4.ogg	off-scope-or-dup
Amplified	ambience_exp/wind_interior/wind_interior5.ogg	off-scope-or-dup
Amplified	ambience_exp/wind_interior/wind_interior6.ogg	off-scope-or-dup
Amplified	ambience_exp/wind_interior/wind_interior7.ogg	off-scope-or-dup
Amplified	ambience_exp/wind_interior/wind_interior8.ogg	off-scope-or-dup
Amplified	ambience_exp/wind_interior/wind_interior9.ogg	off-scope-or-dup
Amplified	ambience_exp/wind_random/mono/wind_random1.ogg	off-scope-or-dup
Amplified	ambience_exp/wind_random/mono/wind_random10.ogg	off-scope-or-dup
Amplified	ambience_exp/wind_random/mono/wind_random11.ogg	off-scope-or-dup
Amplified	ambience_exp/wind_random/mono/wind_random12.ogg	off-scope-or-dup
Amplified	ambience_exp/wind_random/mono/wind_random13.ogg	off-scope-or-dup
Amplified	ambience_exp/wind_random/mono/wind_random14.ogg	off-scope-or-dup
Amplified	ambience_exp/wind_random/mono/wind_random15.ogg	off-scope-or-dup
Amplified	ambience_exp/wind_random/mono/wind_random16.ogg	off-scope-or-dup
Amplified	ambience_exp/wind_random/mono/wind_random17.ogg	off-scope-or-dup
Amplified	ambience_exp/wind_random/mono/wind_random18.ogg	off-scope-or-dup
Amplified	ambience_exp/wind_random/mono/wind_random19.ogg	off-scope-or-dup
Amplified	ambience_exp/wind_random/mono/wind_random2.ogg	off-scope-or-dup
Amplified	ambience_exp/wind_random/mono/wind_random20.ogg	off-scope-or-dup
Amplified	ambience_exp/wind_random/mono/wind_random21.ogg	off-scope-or-dup
Amplified	ambience_exp/wind_random/mono/wind_random22.ogg	off-scope-or-dup
Amplified	ambience_exp/wind_random/mono/wind_random23.ogg	off-scope-or-dup
Amplified	ambience_exp/wind_random/mono/wind_random24.ogg	off-scope-or-dup
Amplified	ambience_exp/wind_random/mono/wind_random25.ogg	off-scope-or-dup
Amplified	ambience_exp/wind_random/mono/wind_random26.ogg	off-scope-or-dup
Amplified	ambience_exp/wind_random/mono/wind_random27.ogg	off-scope-or-dup
Amplified	ambience_exp/wind_random/mono/wind_random28.ogg	off-scope-or-dup
Amplified	ambience_exp/wind_random/mono/wind_random29.ogg	off-scope-or-dup
Amplified	ambience_exp/wind_random/mono/wind_random3.ogg	off-scope-or-dup
Amplified	ambience_exp/wind_random/mono/wind_random30.ogg	off-scope-or-dup
Amplified	ambience_exp/wind_random/mono/wind_random31.ogg	off-scope-or-dup
Amplified	ambience_exp/wind_random/mono/wind_random32.ogg	off-scope-or-dup
Amplified	ambience_exp/wind_random/mono/wind_random33.ogg	off-scope-or-dup
Amplified	ambience_exp/wind_random/mono/wind_random34.ogg	off-scope-or-dup
Amplified	ambience_exp/wind_random/mono/wind_random35.ogg	off-scope-or-dup
Amplified	ambience_exp/wind_random/mono/wind_random36.ogg	off-scope-or-dup
Amplified	ambience_exp/wind_random/mono/wind_random37.ogg	off-scope-or-dup
Amplified	ambience_exp/wind_random/mono/wind_random38.ogg	off-scope-or-dup
Amplified	ambience_exp/wind_random/mono/wind_random39.ogg	off-scope-or-dup
Amplified	ambience_exp/wind_random/mono/wind_random4.ogg	off-scope-or-dup
Amplified	ambience_exp/wind_random/mono/wind_random40.ogg	off-scope-or-dup
Amplified	ambience_exp/wind_random/mono/wind_random41.ogg	off-scope-or-dup
Amplified	ambience_exp/wind_random/mono/wind_random42.ogg	off-scope-or-dup
Amplified	ambience_exp/wind_random/mono/wind_random43.ogg	off-scope-or-dup
Amplified	ambience_exp/wind_random/mono/wind_random44.ogg	off-scope-or-dup
Amplified	ambience_exp/wind_random/mono/wind_random45.ogg	off-scope-or-dup
Amplified	ambience_exp/wind_random/mono/wind_random46.ogg	off-scope-or-dup
Amplified	ambience_exp/wind_random/mono/wind_random47.ogg	off-scope-or-dup
Amplified	ambience_exp/wind_random/mono/wind_random48.ogg	off-scope-or-dup
Amplified	ambience_exp/wind_random/mono/wind_random49.ogg	off-scope-or-dup
Amplified	ambience_exp/wind_random/mono/wind_random5.ogg	off-scope-or-dup
Amplified	ambience_exp/wind_random/mono/wind_random50.ogg	off-scope-or-dup
Amplified	ambience_exp/wind_random/mono/wind_random51.ogg	off-scope-or-dup
Amplified	ambience_exp/wind_random/mono/wind_random52.ogg	off-scope-or-dup
Amplified	ambience_exp/wind_random/mono/wind_random53.ogg	off-scope-or-dup
Amplified	ambience_exp/wind_random/mono/wind_random54.ogg	off-scope-or-dup
Amplified	ambience_exp/wind_random/mono/wind_random55.ogg	off-scope-or-dup
Amplified	ambience_exp/wind_random/mono/wind_random56.ogg	off-scope-or-dup
Amplified	ambience_exp/wind_random/mono/wind_random57.ogg	off-scope-or-dup
Amplified	ambience_exp/wind_random/mono/wind_random58.ogg	off-scope-or-dup
Amplified	ambience_exp/wind_random/mono/wind_random59.ogg	off-scope-or-dup
Amplified	ambience_exp/wind_random/mono/wind_random6.ogg	off-scope-or-dup
Amplified	ambience_exp/wind_random/mono/wind_random60.ogg	off-scope-or-dup
Amplified	ambience_exp/wind_random/mono/wind_random61.ogg	off-scope-or-dup
Amplified	ambience_exp/wind_random/mono/wind_random62.ogg	off-scope-or-dup
Amplified	ambience_exp/wind_random/mono/wind_random63.ogg	off-scope-or-dup
Amplified	ambience_exp/wind_random/mono/wind_random64.ogg	off-scope-or-dup
Amplified	ambience_exp/wind_random/mono/wind_random65.ogg	off-scope-or-dup
Amplified	ambience_exp/wind_random/mono/wind_random66.ogg	off-scope-or-dup
Amplified	ambience_exp/wind_random/mono/wind_random67.ogg	off-scope-or-dup
Amplified	ambience_exp/wind_random/mono/wind_random68.ogg	off-scope-or-dup
Amplified	ambience_exp/wind_random/mono/wind_random69.ogg	off-scope-or-dup
Amplified	ambience_exp/wind_random/mono/wind_random7.ogg	off-scope-or-dup
Amplified	ambience_exp/wind_random/mono/wind_random70.ogg	off-scope-or-dup
Amplified	ambience_exp/wind_random/mono/wind_random71.ogg	off-scope-or-dup
Amplified	ambience_exp/wind_random/mono/wind_random72.ogg	off-scope-or-dup
Amplified	ambience_exp/wind_random/mono/wind_random73.ogg	off-scope-or-dup
Amplified	ambience_exp/wind_random/mono/wind_random74.ogg	off-scope-or-dup
Amplified	ambience_exp/wind_random/mono/wind_random75.ogg	off-scope-or-dup
Amplified	ambience_exp/wind_random/mono/wind_random8.ogg	off-scope-or-dup
Amplified	ambience_exp/wind_random/mono/wind_random9.ogg	off-scope-or-dup
Amplified	ambience_exp/wind_random/stereo/wind_random1.ogg	off-scope-or-dup
Amplified	ambience_exp/wind_random/stereo/wind_random10.ogg	off-scope-or-dup
Amplified	ambience_exp/wind_random/stereo/wind_random11.ogg	off-scope-or-dup
Amplified	ambience_exp/wind_random/stereo/wind_random12.ogg	off-scope-or-dup
Amplified	ambience_exp/wind_random/stereo/wind_random13.ogg	off-scope-or-dup
Amplified	ambience_exp/wind_random/stereo/wind_random14.ogg	off-scope-or-dup
Amplified	ambience_exp/wind_random/stereo/wind_random15.ogg	off-scope-or-dup
Amplified	ambience_exp/wind_random/stereo/wind_random16.ogg	off-scope-or-dup
Amplified	ambience_exp/wind_random/stereo/wind_random17.ogg	off-scope-or-dup
Amplified	ambience_exp/wind_random/stereo/wind_random18.ogg	off-scope-or-dup
Amplified	ambience_exp/wind_random/stereo/wind_random19.ogg	off-scope-or-dup
Amplified	ambience_exp/wind_random/stereo/wind_random2.ogg	off-scope-or-dup
Amplified	ambience_exp/wind_random/stereo/wind_random20.ogg	off-scope-or-dup
Amplified	ambience_exp/wind_random/stereo/wind_random21.ogg	off-scope-or-dup
Amplified	ambience_exp/wind_random/stereo/wind_random22.ogg	off-scope-or-dup
Amplified	ambience_exp/wind_random/stereo/wind_random23.ogg	off-scope-or-dup
Amplified	ambience_exp/wind_random/stereo/wind_random24.ogg	off-scope-or-dup
Amplified	ambience_exp/wind_random/stereo/wind_random25.ogg	off-scope-or-dup
Amplified	ambience_exp/wind_random/stereo/wind_random26.ogg	off-scope-or-dup
Amplified	ambience_exp/wind_random/stereo/wind_random27.ogg	off-scope-or-dup
Amplified	ambience_exp/wind_random/stereo/wind_random28.ogg	off-scope-or-dup
Amplified	ambience_exp/wind_random/stereo/wind_random29.ogg	off-scope-or-dup
Amplified	ambience_exp/wind_random/stereo/wind_random3.ogg	off-scope-or-dup
Amplified	ambience_exp/wind_random/stereo/wind_random30.ogg	off-scope-or-dup
Amplified	ambience_exp/wind_random/stereo/wind_random31.ogg	off-scope-or-dup
Amplified	ambience_exp/wind_random/stereo/wind_random32.ogg	off-scope-or-dup
Amplified	ambience_exp/wind_random/stereo/wind_random33.ogg	off-scope-or-dup
Amplified	ambience_exp/wind_random/stereo/wind_random34.ogg	off-scope-or-dup
Amplified	ambience_exp/wind_random/stereo/wind_random35.ogg	off-scope-or-dup
Amplified	ambience_exp/wind_random/stereo/wind_random36.ogg	off-scope-or-dup
Amplified	ambience_exp/wind_random/stereo/wind_random37.ogg	off-scope-or-dup
Amplified	ambience_exp/wind_random/stereo/wind_random38.ogg	off-scope-or-dup
Amplified	ambience_exp/wind_random/stereo/wind_random39.ogg	off-scope-or-dup
Amplified	ambience_exp/wind_random/stereo/wind_random4.ogg	off-scope-or-dup
Amplified	ambience_exp/wind_random/stereo/wind_random40.ogg	off-scope-or-dup
Amplified	ambience_exp/wind_random/stereo/wind_random41.ogg	off-scope-or-dup
Amplified	ambience_exp/wind_random/stereo/wind_random42.ogg	off-scope-or-dup
Amplified	ambience_exp/wind_random/stereo/wind_random43.ogg	off-scope-or-dup
Amplified	ambience_exp/wind_random/stereo/wind_random44.ogg	off-scope-or-dup
Amplified	ambience_exp/wind_random/stereo/wind_random45.ogg	off-scope-or-dup
Amplified	ambience_exp/wind_random/stereo/wind_random46.ogg	off-scope-or-dup
Amplified	ambience_exp/wind_random/stereo/wind_random47.ogg	off-scope-or-dup
Amplified	ambience_exp/wind_random/stereo/wind_random48.ogg	off-scope-or-dup
Amplified	ambience_exp/wind_random/stereo/wind_random49.ogg	off-scope-or-dup
Amplified	ambience_exp/wind_random/stereo/wind_random5.ogg	off-scope-or-dup
Amplified	ambience_exp/wind_random/stereo/wind_random50.ogg	off-scope-or-dup
Amplified	ambience_exp/wind_random/stereo/wind_random51.ogg	off-scope-or-dup
Amplified	ambience_exp/wind_random/stereo/wind_random52.ogg	off-scope-or-dup
Amplified	ambience_exp/wind_random/stereo/wind_random53.ogg	off-scope-or-dup
Amplified	ambience_exp/wind_random/stereo/wind_random54.ogg	off-scope-or-dup
Amplified	ambience_exp/wind_random/stereo/wind_random55.ogg	off-scope-or-dup
Amplified	ambience_exp/wind_random/stereo/wind_random56.ogg	off-scope-or-dup
Amplified	ambience_exp/wind_random/stereo/wind_random57.ogg	off-scope-or-dup
Amplified	ambience_exp/wind_random/stereo/wind_random58.ogg	off-scope-or-dup
Amplified	ambience_exp/wind_random/stereo/wind_random59.ogg	off-scope-or-dup
Amplified	ambience_exp/wind_random/stereo/wind_random6.ogg	off-scope-or-dup
Amplified	ambience_exp/wind_random/stereo/wind_random60.ogg	off-scope-or-dup
Amplified	ambience_exp/wind_random/stereo/wind_random61.ogg	off-scope-or-dup
Amplified	ambience_exp/wind_random/stereo/wind_random62.ogg	off-scope-or-dup
Amplified	ambience_exp/wind_random/stereo/wind_random63.ogg	off-scope-or-dup
Amplified	ambience_exp/wind_random/stereo/wind_random64.ogg	off-scope-or-dup
Amplified	ambience_exp/wind_random/stereo/wind_random65.ogg	off-scope-or-dup
Amplified	ambience_exp/wind_random/stereo/wind_random66.ogg	off-scope-or-dup
Amplified	ambience_exp/wind_random/stereo/wind_random67.ogg	off-scope-or-dup
Amplified	ambience_exp/wind_random/stereo/wind_random68.ogg	off-scope-or-dup
Amplified	ambience_exp/wind_random/stereo/wind_random69.ogg	off-scope-or-dup
Amplified	ambience_exp/wind_random/stereo/wind_random7.ogg	off-scope-or-dup
Amplified	ambience_exp/wind_random/stereo/wind_random70.ogg	off-scope-or-dup
Amplified	ambience_exp/wind_random/stereo/wind_random71.ogg	off-scope-or-dup
Amplified	ambience_exp/wind_random/stereo/wind_random72.ogg	off-scope-or-dup
Amplified	ambience_exp/wind_random/stereo/wind_random73.ogg	off-scope-or-dup
Amplified	ambience_exp/wind_random/stereo/wind_random74.ogg	off-scope-or-dup
Amplified	ambience_exp/wind_random/stereo/wind_random75.ogg	HELD-loop-surplus
Amplified	ambience_exp/wind_random/stereo/wind_random8.ogg	off-scope-or-dup
Amplified	ambience_exp/wind_random/stereo/wind_random9.ogg	off-scope-or-dup
Amplified	ambience_exp/wind_random/wind_random1.ogg	off-scope-or-dup
Amplified	ambience_exp/wind_random/wind_random10.ogg	off-scope-or-dup
Amplified	ambience_exp/wind_random/wind_random11.ogg	off-scope-or-dup
Amplified	ambience_exp/wind_random/wind_random12.ogg	off-scope-or-dup
Amplified	ambience_exp/wind_random/wind_random13.ogg	off-scope-or-dup
Amplified	ambience_exp/wind_random/wind_random14.ogg	off-scope-or-dup
Amplified	ambience_exp/wind_random/wind_random15.ogg	off-scope-or-dup
Amplified	ambience_exp/wind_random/wind_random16.ogg	off-scope-or-dup
Amplified	ambience_exp/wind_random/wind_random17.ogg	off-scope-or-dup
Amplified	ambience_exp/wind_random/wind_random18.ogg	off-scope-or-dup
Amplified	ambience_exp/wind_random/wind_random19.ogg	off-scope-or-dup
Amplified	ambience_exp/wind_random/wind_random2.ogg	off-scope-or-dup
Amplified	ambience_exp/wind_random/wind_random20.ogg	off-scope-or-dup
Amplified	ambience_exp/wind_random/wind_random21.ogg	off-scope-or-dup
Amplified	ambience_exp/wind_random/wind_random22.ogg	off-scope-or-dup
Amplified	ambience_exp/wind_random/wind_random23.ogg	off-scope-or-dup
Amplified	ambience_exp/wind_random/wind_random24.ogg	off-scope-or-dup
Amplified	ambience_exp/wind_random/wind_random25.ogg	off-scope-or-dup
Amplified	ambience_exp/wind_random/wind_random26.ogg	off-scope-or-dup
Amplified	ambience_exp/wind_random/wind_random27.ogg	off-scope-or-dup
Amplified	ambience_exp/wind_random/wind_random28.ogg	off-scope-or-dup
Amplified	ambience_exp/wind_random/wind_random29.ogg	off-scope-or-dup
Amplified	ambience_exp/wind_random/wind_random3.ogg	off-scope-or-dup
Amplified	ambience_exp/wind_random/wind_random30.ogg	off-scope-or-dup
Amplified	ambience_exp/wind_random/wind_random31.ogg	off-scope-or-dup
Amplified	ambience_exp/wind_random/wind_random32.ogg	off-scope-or-dup
Amplified	ambience_exp/wind_random/wind_random33.ogg	off-scope-or-dup
Amplified	ambience_exp/wind_random/wind_random34.ogg	off-scope-or-dup
Amplified	ambience_exp/wind_random/wind_random35.ogg	off-scope-or-dup
Amplified	ambience_exp/wind_random/wind_random36.ogg	off-scope-or-dup
Amplified	ambience_exp/wind_random/wind_random37.ogg	off-scope-or-dup
Amplified	ambience_exp/wind_random/wind_random38.ogg	off-scope-or-dup
Amplified	ambience_exp/wind_random/wind_random39.ogg	off-scope-or-dup
Amplified	ambience_exp/wind_random/wind_random4.ogg	off-scope-or-dup
Amplified	ambience_exp/wind_random/wind_random40.ogg	off-scope-or-dup
Amplified	ambience_exp/wind_random/wind_random41.ogg	off-scope-or-dup
Amplified	ambience_exp/wind_random/wind_random42.ogg	off-scope-or-dup
Amplified	ambience_exp/wind_random/wind_random43.ogg	off-scope-or-dup
Amplified	ambience_exp/wind_random/wind_random44.ogg	off-scope-or-dup
Amplified	ambience_exp/wind_random/wind_random45.ogg	off-scope-or-dup
Amplified	ambience_exp/wind_random/wind_random46.ogg	off-scope-or-dup
Amplified	ambience_exp/wind_random/wind_random47.ogg	off-scope-or-dup
Amplified	ambience_exp/wind_random/wind_random48.ogg	off-scope-or-dup
Amplified	ambience_exp/wind_random/wind_random49.ogg	off-scope-or-dup
Amplified	ambience_exp/wind_random/wind_random5.ogg	off-scope-or-dup
Amplified	ambience_exp/wind_random/wind_random50.ogg	off-scope-or-dup
Amplified	ambience_exp/wind_random/wind_random51.ogg	off-scope-or-dup
Amplified	ambience_exp/wind_random/wind_random52.ogg	off-scope-or-dup
Amplified	ambience_exp/wind_random/wind_random53.ogg	off-scope-or-dup
Amplified	ambience_exp/wind_random/wind_random54.ogg	off-scope-or-dup
Amplified	ambience_exp/wind_random/wind_random55.ogg	off-scope-or-dup
Amplified	ambience_exp/wind_random/wind_random56.ogg	off-scope-or-dup
Amplified	ambience_exp/wind_random/wind_random57.ogg	off-scope-or-dup
Amplified	ambience_exp/wind_random/wind_random58.ogg	off-scope-or-dup
Amplified	ambience_exp/wind_random/wind_random59.ogg	off-scope-or-dup
Amplified	ambience_exp/wind_random/wind_random6.ogg	off-scope-or-dup
Amplified	ambience_exp/wind_random/wind_random60.ogg	off-scope-or-dup
Amplified	ambience_exp/wind_random/wind_random61.ogg	off-scope-or-dup
Amplified	ambience_exp/wind_random/wind_random62.ogg	off-scope-or-dup
Amplified	ambience_exp/wind_random/wind_random63.ogg	off-scope-or-dup
Amplified	ambience_exp/wind_random/wind_random64.ogg	off-scope-or-dup
Amplified	ambience_exp/wind_random/wind_random65.ogg	off-scope-or-dup
Amplified	ambience_exp/wind_random/wind_random66.ogg	off-scope-or-dup
Amplified	ambience_exp/wind_random/wind_random67.ogg	off-scope-or-dup
Amplified	ambience_exp/wind_random/wind_random68.ogg	off-scope-or-dup
Amplified	ambience_exp/wind_random/wind_random69.ogg	off-scope-or-dup
Amplified	ambience_exp/wind_random/wind_random7.ogg	off-scope-or-dup
Amplified	ambience_exp/wind_random/wind_random70.ogg	off-scope-or-dup
Amplified	ambience_exp/wind_random/wind_random71.ogg	off-scope-or-dup
Amplified	ambience_exp/wind_random/wind_random72.ogg	off-scope-or-dup
Amplified	ambience_exp/wind_random/wind_random73.ogg	off-scope-or-dup
Amplified	ambience_exp/wind_random/wind_random74.ogg	off-scope-or-dup
Amplified	ambience_exp/wind_random/wind_random75.ogg	off-scope-or-dup
Amplified	ambience_exp/wind_random/wind_random76.ogg	USED-shipped
Amplified	ambience_exp/wind_random/wind_random77.ogg	USED-shipped
Amplified	ambience_exp/wind_random/wind_random8.ogg	off-scope-or-dup
Amplified	ambience_exp/wind_random/wind_random9.ogg	off-scope-or-dup
Amplified	ambience_exp/wind_strong/wind_strong1.ogg	off-scope-or-dup
Amplified	ambience_exp/wind_strong/wind_strong10.ogg	off-scope-or-dup
Amplified	ambience_exp/wind_strong/wind_strong11.ogg	off-scope-or-dup
Amplified	ambience_exp/wind_strong/wind_strong12.ogg	off-scope-or-dup
Amplified	ambience_exp/wind_strong/wind_strong2.ogg	off-scope-or-dup
Amplified	ambience_exp/wind_strong/wind_strong3.ogg	off-scope-or-dup
Amplified	ambience_exp/wind_strong/wind_strong4.ogg	off-scope-or-dup
Amplified	ambience_exp/wind_strong/wind_strong5.ogg	off-scope-or-dup
Amplified	ambience_exp/wind_strong/wind_strong6.ogg	off-scope-or-dup
Amplified	ambience_exp/wind_strong/wind_strong7.ogg	off-scope-or-dup
Amplified	ambience_exp/wind_strong/wind_strong8.ogg	off-scope-or-dup
Amplified	ambience_exp/wind_strong/wind_strong9.ogg	off-scope-or-dup
Amplified	ambient/air_1.ogg	BASE-DUP-excluded
Amplified	ambient/air_2.ogg	BASE-DUP-excluded
Amplified	ambient/amb1.ogg	BASE-DUP-excluded
Amplified	ambient/ambience03.ogg	BASE-DUP-excluded
Amplified	ambient/anomaly/acid_rain.ogg	off-scope-or-dup
Amplified	ambient/anomaly/anomaly_body_tear_1.ogg	off-scope-or-dup
Amplified	ambient/anomaly/anomaly_gravy_blast.ogg	off-scope-or-dup
Amplified	ambient/anomaly/anomaly_gravy_blast00.ogg	off-scope-or-dup
Amplified	ambient/anomaly/anomaly_gravy_blast01.ogg	off-scope-or-dup
Amplified	ambient/anomaly/anomaly_gravy_blast1.ogg	off-scope-or-dup
Amplified	ambient/anomaly/anomaly_gravy_hit.ogg	off-scope-or-dup
Amplified	ambient/anomaly/anomaly_gravy_hit1.ogg	off-scope-or-dup
Amplified	ambient/anomaly/anomaly_gravy_idle.ogg	off-scope-or-dup
Amplified	ambient/anomaly/anomaly_mincer_blowout.ogg	EMISSION-excluded
Amplified	ambient/anomaly/bfuzz_blowout.ogg	EMISSION-excluded
Amplified	ambient/anomaly/bfuzz_hit.ogg	off-scope-or-dup
Amplified	ambient/anomaly/blowout.ogg	EMISSION-excluded
Amplified	ambient/anomaly/buzz_hit.ogg	off-scope-or-dup
Amplified	ambient/anomaly/buzz_idle.ogg	off-scope-or-dup
Amplified	ambient/anomaly/electra_blast.ogg	off-scope-or-dup
Amplified	ambient/anomaly/electra_blast1.ogg	off-scope-or-dup
Amplified	ambient/anomaly/electra_blastb.ogg	off-scope-or-dup
Amplified	ambient/anomaly/electra_hit.ogg	off-scope-or-dup
Amplified	ambient/anomaly/electra_hit1.ogg	off-scope-or-dup
Amplified	ambient/anomaly/electra_idle1.ogg	off-scope-or-dup
Amplified	ambient/anomaly/electra_idleb.ogg	off-scope-or-dup
Amplified	ambient/anomaly/emi_blowout.ogg	EMISSION-excluded
Amplified	ambient/anomaly/emi_blowout_01.ogg	EMISSION-excluded
Amplified	ambient/anomaly/emi_blowout_01_stereo.ogg	EMISSION-excluded
Amplified	ambient/anomaly/emi_blowout_02.ogg	EMISSION-excluded
Amplified	ambient/anomaly/emi_blowout_02_stereo.ogg	EMISSION-excluded
Amplified	ambient/anomaly/emi_blowout_03.ogg	EMISSION-excluded
Amplified	ambient/anomaly/emi_blowout_03_stereo.ogg	EMISSION-excluded
Amplified	ambient/anomaly/emi_blowout_04.ogg	EMISSION-excluded
Amplified	ambient/anomaly/emi_blowout_05.ogg	EMISSION-excluded
Amplified	ambient/anomaly/emi_blowout_06.ogg	EMISSION-excluded
Amplified	ambient/anomaly/emi_blowout_08.ogg	EMISSION-excluded
Amplified	ambient/anomaly/emi_blowout_stereo.ogg	EMISSION-excluded
Amplified	ambient/anomaly/emi_entrance.ogg	off-scope-or-dup
Amplified	ambient/anomaly/emi_idle.ogg	off-scope-or-dup
Amplified	ambient/anomaly/fire2.ogg	off-scope-or-dup
Amplified	ambient/anomaly/fire_idle.ogg	off-scope-or-dup
Amplified	ambient/anomaly/fireball_blow.ogg	off-scope-or-dup
Amplified	ambient/anomaly/fireball_idle.ogg	off-scope-or-dup
Amplified	ambient/anomaly/gen_electra_ball_idle.ogg	off-scope-or-dup
Amplified	ambient/anomaly/gravi_blowout.ogg	EMISSION-excluded
Amplified	ambient/anomaly/gravi_blowout1.ogg	EMISSION-excluded
Amplified	ambient/anomaly/gravi_blowout2.ogg	EMISSION-excluded
Amplified	ambient/anomaly/gravi_blowout3.ogg	EMISSION-excluded
Amplified	ambient/anomaly/gravi_blowout4.ogg	EMISSION-excluded
Amplified	ambient/anomaly/gravi_blowout5.ogg	EMISSION-excluded
Amplified	ambient/anomaly/gravi_blowout6.ogg	EMISSION-excluded
Amplified	ambient/anomaly/gravi_idle00.ogg	off-scope-or-dup
Amplified	ambient/anomaly/gravi_idle01.ogg	off-scope-or-dup
Amplified	ambient/anomaly/gravi_rumble1.ogg	off-scope-or-dup
Amplified	ambient/anomaly/gravity_entrance.ogg	off-scope-or-dup
Amplified	ambient/anomaly/monolith_idle.ogg	off-scope-or-dup
Amplified	ambient/anomaly/psi_storm_00.ogg	EMISSION-excluded
Amplified	ambient/anomaly/psi_storm_01.ogg	EMISSION-excluded
Amplified	ambient/anomaly/psy_antenna_voices_1_l.ogg	off-scope-or-dup
Amplified	ambient/anomaly/psy_antenna_voices_1_r.ogg	off-scope-or-dup
Amplified	ambient/anomaly/psy_polter.ogg	off-scope-or-dup
Amplified	ambient/anomaly/psy_voices_1_l.ogg	off-scope-or-dup
Amplified	ambient/anomaly/psy_voices_1_r.ogg	off-scope-or-dup
Amplified	ambient/anomaly/psyspark1.ogg	off-scope-or-dup
Amplified	ambient/anomaly/psyspark10.ogg	off-scope-or-dup
Amplified	ambient/anomaly/psyspark11.ogg	off-scope-or-dup
Amplified	ambient/anomaly/psyspark12.ogg	off-scope-or-dup
Amplified	ambient/anomaly/psyspark13.ogg	off-scope-or-dup
Amplified	ambient/anomaly/psyspark14.ogg	off-scope-or-dup
Amplified	ambient/anomaly/psyspark2.ogg	off-scope-or-dup
Amplified	ambient/anomaly/psyspark3.ogg	off-scope-or-dup
Amplified	ambient/anomaly/psyspark4.ogg	off-scope-or-dup
Amplified	ambient/anomaly/psyspark5.ogg	off-scope-or-dup
Amplified	ambient/anomaly/psyspark6.ogg	off-scope-or-dup
Amplified	ambient/anomaly/psyspark7.ogg	off-scope-or-dup
Amplified	ambient/anomaly/psyspark8.ogg	off-scope-or-dup
Amplified	ambient/anomaly/psyspark9.ogg	off-scope-or-dup
Amplified	ambient/anomaly/pux_blast.ogg	off-scope-or-dup
Amplified	ambient/anomaly/stancia_thunder.ogg	HELD-loop-surplus
Amplified	ambient/anomaly/steam.ogg	off-scope-or-dup
Amplified	ambient/anomaly/steam_blowout.ogg	EMISSION-excluded
Amplified	ambient/anomaly/steam_hit.ogg	off-scope-or-dup
Amplified	ambient/anomaly/steam_idle.ogg	off-scope-or-dup
Amplified	ambient/anomaly/teleport_idle.ogg	off-scope-or-dup
Amplified	ambient/anomaly/teleport_incoming.ogg	off-scope-or-dup
Amplified	ambient/anomaly/teleport_work_1.ogg	off-scope-or-dup
Amplified	ambient/anomaly/teleport_work_2.ogg	off-scope-or-dup
Amplified	ambient/anomaly/tesla_idle.ogg	off-scope-or-dup
Amplified	ambient/anomaly/zhar_blow.ogg	off-scope-or-dup
Amplified	ambient/anomaly/~gravi_idle01.ogg	off-scope-or-dup
Amplified	ambient/background/bkg_01.ogg	BASE-DUP-excluded
Amplified	ambient/background/bkg_tuman.ogg	BASE-DUP-excluded
Amplified	ambient/background/pri_bkg_day.ogg	BASE-DUP-excluded
Amplified	ambient/background/pri_bkg_tuman.ogg	BASE-DUP-excluded
Amplified	ambient/background/underground_bkg_1.ogg	BASE-DUP-excluded
Amplified	ambient/background/urban_wind_bak.ogg	BASE-DUP-excluded
Amplified	ambient/background/wind_bkg_1.ogg	BASE-DUP-excluded
Amplified	ambient/background/zat_bkg_day.ogg	BASE-DUP-excluded
Amplified	ambient/background/zat_bkg_tuman.ogg	BASE-DUP-excluded
Amplified	ambient/blowout/blowout/blowout_impact.ogg	EMISSION-excluded
Amplified	ambient/blowout/blowout/blowout_impact_02.ogg	EMISSION-excluded
Amplified	ambient/blowout/blowout/blowout_lightning_01.ogg	EMISSION-excluded
Amplified	ambient/blowout/blowout/blowout_lightning_02.ogg	EMISSION-excluded
Amplified	ambient/blowout/blowout/blowout_lightning_03.ogg	EMISSION-excluded
Amplified	ambient/blowout/blowout/blowout_lightning_04.ogg	EMISSION-excluded
Amplified	ambient/blowout/blowout/blowout_lightning_05.ogg	EMISSION-excluded
Amplified	ambient/blowout/blowout/blowout_lightning_06.ogg	EMISSION-excluded
Amplified	ambient/blowout/blowout/blowout_lightning_07.ogg	EMISSION-excluded
Amplified	ambient/blowout/blowout/blowout_lightning_08.ogg	EMISSION-excluded
Amplified	ambient/blowout/blowout/blowout_lightning_09.ogg	EMISSION-excluded
Amplified	ambient/blowout/blowout/blowout_lightning_10.ogg	EMISSION-excluded
Amplified	ambient/blowout/blowout/blowout_lightning_11.ogg	EMISSION-excluded
Amplified	ambient/blowout/blowout/blowout_lightning_12.ogg	EMISSION-excluded
Amplified	ambient/blowout/blowout/blowout_lightning_13.ogg	EMISSION-excluded
Amplified	ambient/blowout/blowout/blowout_lightning_14.ogg	EMISSION-excluded
Amplified	ambient/blowout/blowout/blowout_particle_wave.ogg	EMISSION-excluded
Amplified	ambient/blowout/blowout/blowout_rumble.ogg	EMISSION-excluded
Amplified	ambient/blowout/blowout/blowout_siren.ogg	EMISSION-excluded
Amplified	ambient/blowout/blowout/cut/close.ogg	EMISSION-excluded
Amplified	ambient/blowout/blowout/cut/closemedium.ogg	EMISSION-excluded
Amplified	ambient/blowout/blowout/cut/far.ogg	EMISSION-excluded
Amplified	ambient/blowout/blowout/cut/medium.ogg	EMISSION-excluded
Amplified	ambient/blowout/blowout/cut/prettyfar.ogg	EMISSION-excluded
Amplified	ambient/blowout/blowout/cut/veryfar.ogg	EMISSION-excluded
Amplified	ambient/blowout/blowout/psi_storm_siren.ogg	EMISSION-excluded
Amplified	ambient/blowout/blowout_amb_01.ogg	EMISSION-excluded
Amplified	ambient/blowout/blowout_amb_02.ogg	EMISSION-excluded
Amplified	ambient/blowout/blowout_amb_03.ogg	EMISSION-excluded
Amplified	ambient/blowout/blowout_amb_04.ogg	EMISSION-excluded
Amplified	ambient/blowout/blowout_amb_05.ogg	EMISSION-excluded
Amplified	ambient/blowout/blowout_amb_06.ogg	EMISSION-excluded
Amplified	ambient/blowout/blowout_amb_07.ogg	EMISSION-excluded
Amplified	ambient/blowout/blowout_amb_08.ogg	EMISSION-excluded
Amplified	ambient/blowout/blowout_ambient_rumble_01.ogg	EMISSION-excluded
Amplified	ambient/blowout/blowout_ambient_rumble_02.ogg	EMISSION-excluded
Amplified	ambient/blowout/blowout_ambient_rumble_03.ogg	EMISSION-excluded
Amplified	ambient/blowout/blowout_ambient_rumble_04.ogg	EMISSION-excluded
Amplified	ambient/blowout/blowout_background.ogg	EMISSION-excluded
Amplified	ambient/blowout/blowout_backgroundb.ogg	EMISSION-excluded
Amplified	ambient/blowout/blowout_begin.ogg	EMISSION-excluded
Amplified	ambient/blowout/blowout_begin_02.ogg	EMISSION-excluded
Amplified	ambient/blowout/blowout_bkgrnd.ogg	EMISSION-excluded
Amplified	ambient/blowout/blowout_boom_01.ogg	EMISSION-excluded
Amplified	ambient/blowout/blowout_boom_02.ogg	EMISSION-excluded
Amplified	ambient/blowout/blowout_boom_03.ogg	EMISSION-excluded
Amplified	ambient/blowout/blowout_flare_01.ogg	EMISSION-excluded
Amplified	ambient/blowout/blowout_flare_02.ogg	EMISSION-excluded
Amplified	ambient/blowout/blowout_flare_03.ogg	EMISSION-excluded
Amplified	ambient/blowout/blowout_flare_04.ogg	EMISSION-excluded
Amplified	ambient/blowout/blowout_impact.ogg	EMISSION-excluded
Amplified	ambient/blowout/blowout_impact1.ogg	EMISSION-excluded
Amplified	ambient/blowout/blowout_impact_02.ogg	EMISSION-excluded
Amplified	ambient/blowout/blowout_impact_03.ogg	EMISSION-excluded
Amplified	ambient/blowout/blowout_lightning_01.ogg	EMISSION-excluded
Amplified	ambient/blowout/blowout_lightning_02.ogg	EMISSION-excluded
Amplified	ambient/blowout/blowout_lightning_03.ogg	EMISSION-excluded
Amplified	ambient/blowout/blowout_lightning_04.ogg	EMISSION-excluded
Amplified	ambient/blowout/blowout_lightning_05.ogg	EMISSION-excluded
Amplified	ambient/blowout/blowout_lightning_06.ogg	EMISSION-excluded
Amplified	ambient/blowout/blowout_lightning_07.ogg	EMISSION-excluded
Amplified	ambient/blowout/blowout_lightning_08.ogg	EMISSION-excluded
Amplified	ambient/blowout/blowout_lightning_09.ogg	EMISSION-excluded
Amplified	ambient/blowout/blowout_lightning_10.ogg	EMISSION-excluded
Amplified	ambient/blowout/blowout_lightning_11.ogg	EMISSION-excluded
Amplified	ambient/blowout/blowout_lightning_12.ogg	EMISSION-excluded
Amplified	ambient/blowout/blowout_lightning_13.ogg	EMISSION-excluded
Amplified	ambient/blowout/blowout_lightning_14.ogg	EMISSION-excluded
Amplified	ambient/blowout/blowout_outro.ogg	EMISSION-excluded
Amplified	ambient/blowout/blowout_particle_wave.ogg	EMISSION-excluded
Amplified	ambient/blowout/blowout_particle_wave1.ogg	EMISSION-excluded
Amplified	ambient/blowout/blowout_particle_wave2.ogg	EMISSION-excluded
Amplified	ambient/blowout/blowout_particle_wave3 gust.ogg	EMISSION-excluded
Amplified	ambient/blowout/blowout_particle_wave3 slower.ogg	EMISSION-excluded
Amplified	ambient/blowout/blowout_particle_wave3.ogg	EMISSION-excluded
Amplified	ambient/blowout/blowout_particle_wave4.ogg	EMISSION-excluded
Amplified	ambient/blowout/blowout_particle_wave5.ogg	EMISSION-excluded
Amplified	ambient/blowout/blowout_particle_wave6 alt.ogg	EMISSION-excluded
Amplified	ambient/blowout/blowout_particle_wave6 slower.ogg	EMISSION-excluded
Amplified	ambient/blowout/blowout_particle_wave6.ogg	EMISSION-excluded
Amplified	ambient/blowout/blowout_particle_wave7.ogg	EMISSION-excluded
Amplified	ambient/blowout/blowout_particle_waveb.ogg	EMISSION-excluded
Amplified	ambient/blowout/blowout_particle_wavebb.ogg	EMISSION-excluded
Amplified	ambient/blowout/blowout_rumble backup.ogg	EMISSION-excluded
Amplified	ambient/blowout/blowout_rumble.ogg	EMISSION-excluded
Amplified	ambient/blowout/blowout_siren.ogg	EMISSION-excluded
Amplified	ambient/blowout/blowout_siren_01.ogg	EMISSION-excluded
Amplified	ambient/blowout/blowout_wave_01.ogg	EMISSION-excluded
Amplified	ambient/blowout/blowout_wave_02.ogg	EMISSION-excluded
Amplified	ambient/blowout/blowout_wave_02_short.ogg	EMISSION-excluded
Amplified	ambient/blowout/blowout_wave_03.ogg	EMISSION-excluded
Amplified	ambient/blowout/blowout_wave_03_short.ogg	EMISSION-excluded
Amplified	ambient/blowout/blowout_wave_04.ogg	EMISSION-excluded
Amplified	ambient/blowout/blowout_wind_01.ogg	EMISSION-excluded
Amplified	ambient/blowout/blowout_wind_02.ogg	EMISSION-excluded
Amplified	ambient/blowout/blowout_wind_03.ogg	EMISSION-excluded
Amplified	ambient/blowout/cut/close.ogg	EMISSION-excluded
Amplified	ambient/blowout/cut/closemedium.ogg	EMISSION-excluded
Amplified	ambient/blowout/cut/far.ogg	EMISSION-excluded
Amplified	ambient/blowout/cut/medium.ogg	EMISSION-excluded
Amplified	ambient/blowout/cut/prettyfar.ogg	EMISSION-excluded
Amplified	ambient/blowout/cut/veryfar.ogg	EMISSION-excluded
Amplified	ambient/blowout/earthquake.ogg	EMISSION-excluded
Amplified	ambient/blowout/earthquake1.ogg	EMISSION-excluded
Amplified	ambient/blowout/earthquake2.ogg	EMISSION-excluded
Amplified	ambient/blowout/psi_storm_siren.ogg	EMISSION-excluded
Amplified	ambient/blowout/psi_storm_siren_02.ogg	EMISSION-excluded
Amplified	ambient/blowout/psistorm_wind.ogg	EMISSION-excluded
Amplified	ambient/blowout/psistorm_wind_bck.ogg	EMISSION-excluded
Amplified	ambient/cold_wind_11.ogg	BASE-DUP-excluded
Amplified	ambient/cold_wind_12.ogg	BASE-DUP-excluded
Amplified	ambient/darkwind1.ogg	BASE-DUP-excluded
Amplified	ambient/darkwind2.ogg	BASE-DUP-excluded
Amplified	ambient/drx_da/drx_da_anomaly_gravy_hit.ogg	off-scope-or-dup
Amplified	ambient/drx_da/drx_da_anomaly_gravy_hit1.ogg	off-scope-or-dup
Amplified	ambient/drx_da/drx_da_anomaly_gravy_idle.ogg	off-scope-or-dup
Amplified	ambient/drx_da/drx_da_buzz_hit.ogg	off-scope-or-dup
Amplified	ambient/drx_da/drx_da_buzz_idle.ogg	off-scope-or-dup
Amplified	ambient/drx_da/drx_da_electra_hit.ogg	off-scope-or-dup
Amplified	ambient/drx_da/drx_da_electra_idle1.ogg	off-scope-or-dup
Amplified	ambient/drx_da/drx_da_fire_idle.ogg	off-scope-or-dup
Amplified	ambient/drx_da/drx_da_gravi_idle00.ogg	off-scope-or-dup
Amplified	ambient/drx_da/drx_da_gravi_idle01.ogg	off-scope-or-dup
Amplified	ambient/drx_da/drx_da_gravity_entrance.ogg	off-scope-or-dup
Amplified	ambient/earthquake.ogg	off-scope-or-dup
Amplified	ambient/fan_squeaks_1.ogg	off-scope-or-dup
Amplified	ambient/fire2.ogg	off-scope-or-dup
Amplified	ambient/howling_wind_11.ogg	BASE-DUP-excluded
Amplified	ambient/howling_wind_12.ogg	BASE-DUP-excluded
Amplified	ambient/howling_wind_u1.ogg	BASE-DUP-excluded
Amplified	ambient/iron_moaning1.ogg	BASE-DUP-excluded
Amplified	ambient/lamp_squeaks_1.ogg	off-scope-or-dup
Amplified	ambient/lamp_squeaks_2.ogg	off-scope-or-dup
Amplified	ambient/lar_nature/lar_suspense/suspense_01.ogg	BASE-DUP-excluded
Amplified	ambient/lar_nature/lar_suspense/suspense_02.ogg	BASE-DUP-excluded
Amplified	ambient/lar_nature/lar_suspense/suspense_03.ogg	BASE-DUP-excluded
Amplified	ambient/lar_nature/lar_suspense/suspense_04.ogg	BASE-DUP-excluded
Amplified	ambient/lar_nature/lar_suspense/suspense_05.ogg	BASE-DUP-excluded
Amplified	ambient/lar_nature/lar_suspense/suspense_06.ogg	BASE-DUP-excluded
Amplified	ambient/lar_nature/lar_suspense/suspense_07.ogg	BASE-DUP-excluded
Amplified	ambient/lar_nature/lar_suspense/suspense_08.ogg	BASE-DUP-excluded
Amplified	ambient/lar_nature/metro_ambients/pipe_moans_1.ogg	BASE-DUP-excluded
Amplified	ambient/lar_nature/metro_ambients/pipe_moans_2.ogg	BASE-DUP-excluded
Amplified	ambient/lar_nature/metro_ambients/pipe_moans_3.ogg	BASE-DUP-excluded
Amplified	ambient/lar_nature/metro_ambients/pipe_moans_4.ogg	BASE-DUP-excluded
Amplified	ambient/lar_nature/metro_tunnels/tun_air_1.ogg	BASE-DUP-excluded
Amplified	ambient/lar_nature/metro_tunnels/tun_air_2.ogg	BASE-DUP-excluded
Amplified	ambient/lar_nature/metro_tunnels/tun_air_3.ogg	BASE-DUP-excluded
Amplified	ambient/lar_nature/metro_tunnels/tun_air_4.ogg	BASE-DUP-excluded
Amplified	ambient/lar_nature/metro_tunnels/tun_air_5.ogg	BASE-DUP-excluded
Amplified	ambient/lar_nature/metro_tunnels/tun_air_6.ogg	BASE-DUP-excluded
Amplified	ambient/lar_nature/metro_tunnels/tun_bkg_wind_1.ogg	BASE-DUP-excluded
Amplified	ambient/lar_nature/metro_tunnels/tun_noise_1.ogg	BASE-DUP-excluded
Amplified	ambient/lar_nature/metro_tunnels/tun_noise_2.ogg	BASE-DUP-excluded
Amplified	ambient/lar_nature/metro_tunnels/tun_noise_3.ogg	BASE-DUP-excluded
Amplified	ambient/lar_nature/metro_tunnels/tun_noise_4.ogg	BASE-DUP-excluded
Amplified	ambient/lar_nature/metro_tunnels/tun_noise_5.ogg	BASE-DUP-excluded
Amplified	ambient/lar_nature/metro_tunnels/tun_noise_6.ogg	BASE-DUP-excluded
Amplified	ambient/lar_nature/metro_tunnels/tun_noise_7.ogg	BASE-DUP-excluded
Amplified	ambient/lar_nature/metro_tunnels/tun_noise_8.ogg	BASE-DUP-excluded
Amplified	ambient/lar_nature/metro_tunnels/tun_noise_9.ogg	BASE-DUP-excluded
Amplified	ambient/mine/wind_mine_1.ogg	BASE-DUP-excluded
Amplified	ambient/mine/wind_mine_2.ogg	BASE-DUP-excluded
Amplified	ambient/mine/wind_mine_3.ogg	BASE-DUP-excluded
Amplified	ambient/new_wind2a.ogg	BASE-DUP-excluded
Amplified	ambient/new_wind2b.ogg	BASE-DUP-excluded
Amplified	ambient/outdoors/dist_wind_1.ogg	BASE-DUP-excluded
Amplified	ambient/outdoors/dist_wind_2.ogg	BASE-DUP-excluded
Amplified	ambient/outdoors/dist_wind_3.ogg	BASE-DUP-excluded
Amplified	ambient/outdoors/dist_wind_short_1.ogg	BASE-DUP-excluded
Amplified	ambient/outdoors/dist_wind_short_2.ogg	BASE-DUP-excluded
Amplified	ambient/outdoors/dist_wind_short_3.ogg	BASE-DUP-excluded
Amplified	ambient/outdoors/swamp_wind_1.ogg	BASE-DUP-excluded
Amplified	ambient/outdoors/swamp_wind_2.ogg	BASE-DUP-excluded
Amplified	ambient/outdoors/swamp_wind_3.ogg	BASE-DUP-excluded
Amplified	ambient/outdoors/swamp_wind_short_1.ogg	BASE-DUP-excluded
Amplified	ambient/outdoors/swamp_wind_short_2.ogg	BASE-DUP-excluded
Amplified	ambient/rain.ogg	HELD-loop-surplus
Amplified	ambient/rain_helm.ogg	USED-shipped
Amplified	ambient/rain_indoors.ogg	HELD-loop-surplus
Amplified	ambient/rain_indoors2.ogg	HELD-loop-surplus
Amplified	ambient/rain_l.ogg	HELD-loop-surplus
Amplified	ambient/rain_r.ogg	INTRA-DUP-excluded
Amplified	ambient/rainonroof.ogg	INTRA-DUP-excluded
Amplified	ambient/rnd_outdoor/ambient_wind_1.ogg	BASE-DUP-excluded
Amplified	ambient/rnd_outdoor/ambient_wind_2.ogg	BASE-DUP-excluded
Amplified	ambient/rnd_outdoor/ambient_wind_3.ogg	BASE-DUP-excluded
Amplified	ambient/rnd_outdoor/ambient_wind_4.ogg	BASE-DUP-excluded
Amplified	ambient/rnd_outdoor/heavy_wind_1.ogg	BASE-DUP-excluded
Amplified	ambient/rnd_outdoor/heavy_wind_2.ogg	BASE-DUP-excluded
Amplified	ambient/rnd_outdoor/heavy_wind_3.ogg	BASE-DUP-excluded
Amplified	ambient/rnd_outdoor/heavy_wind_4.ogg	BASE-DUP-excluded
Amplified	ambient/rnd_outdoor/rnd_dark7.ogg	BASE-DUP-excluded
Amplified	ambient/rnd_outdoor/rnd_dark8.ogg	BASE-DUP-excluded
Amplified	ambient/rnd_outdoor/rnd_darkwind1.ogg	BASE-DUP-excluded
Amplified	ambient/rnd_outdoor/rnd_darkwind2.ogg	BASE-DUP-excluded
Amplified	ambient/rnd_outdoor/rnd_darkwind3.ogg	BASE-DUP-excluded
Amplified	ambient/rnd_outdoor/rnd_darkwind4.ogg	BASE-DUP-excluded
Amplified	ambient/rnd_outdoor/rnd_darkwind5.ogg	BASE-DUP-excluded
Amplified	ambient/rnd_outdoor/rnd_darkwind6.ogg	BASE-DUP-excluded
Amplified	ambient/rnd_outdoor/rnd_drone1.ogg	BASE-DUP-excluded
Amplified	ambient/rnd_outdoor/rnd_drone2.ogg	BASE-DUP-excluded
Amplified	ambient/rnd_outdoor/rnd_obval.ogg	BASE-DUP-excluded
Amplified	ambient/rnd_outdoor/rnd_wind_1.ogg	BASE-DUP-excluded
Amplified	ambient/rnd_outdoor/rnd_wind_2.ogg	BASE-DUP-excluded
Amplified	ambient/rnd_outdoor/rnd_wind_3.ogg	BASE-DUP-excluded
Amplified	ambient/rnd_outdoor/rnd_wind_4.ogg	BASE-DUP-excluded
Amplified	ambient/rnd_outdoor/rnd_wind_tree.ogg	BASE-DUP-excluded
Amplified	ambient/rt_ambient1.ogg	BASE-DUP-excluded
Amplified	ambient/rt_ambient2.ogg	BASE-DUP-excluded
Amplified	ambient/rt_dark_indoor_amb1.ogg	BASE-DUP-excluded
Amplified	ambient/rt_eerie_wind1.ogg	BASE-DUP-excluded
Amplified	ambient/sfx_amb_wind_tat_a_loop.ogg	BASE-DUP-excluded
Amplified	ambient/soundscape/animals/birds_forest_single_1.ogg	BASE-DUP-excluded
Amplified	ambient/soundscape/animals/birds_forest_single_10.ogg	BASE-DUP-excluded
Amplified	ambient/soundscape/animals/birds_forest_single_11.ogg	BASE-DUP-excluded
Amplified	ambient/soundscape/animals/birds_forest_single_12.ogg	BASE-DUP-excluded
Amplified	ambient/soundscape/animals/birds_forest_single_13.ogg	BASE-DUP-excluded
Amplified	ambient/soundscape/animals/birds_forest_single_14.ogg	BASE-DUP-excluded
Amplified	ambient/soundscape/animals/birds_forest_single_15.ogg	BASE-DUP-excluded
Amplified	ambient/soundscape/animals/birds_forest_single_16.ogg	BASE-DUP-excluded
Amplified	ambient/soundscape/animals/birds_forest_single_17.ogg	BASE-DUP-excluded
Amplified	ambient/soundscape/animals/birds_forest_single_18.ogg	BASE-DUP-excluded
Amplified	ambient/soundscape/animals/birds_forest_single_19.ogg	BASE-DUP-excluded
Amplified	ambient/soundscape/animals/birds_forest_single_2.ogg	BASE-DUP-excluded
Amplified	ambient/soundscape/animals/birds_forest_single_20.ogg	BASE-DUP-excluded
Amplified	ambient/soundscape/animals/birds_forest_single_21.ogg	off-scope-or-dup
Amplified	ambient/soundscape/animals/birds_forest_single_22.ogg	BASE-DUP-excluded
Amplified	ambient/soundscape/animals/birds_forest_single_23.ogg	BASE-DUP-excluded
Amplified	ambient/soundscape/animals/birds_forest_single_24.ogg	BASE-DUP-excluded
Amplified	ambient/soundscape/animals/birds_forest_single_25.ogg	BASE-DUP-excluded
Amplified	ambient/soundscape/animals/birds_forest_single_26.ogg	BASE-DUP-excluded
Amplified	ambient/soundscape/animals/birds_forest_single_27.ogg	BASE-DUP-excluded
Amplified	ambient/soundscape/animals/birds_forest_single_28.ogg	BASE-DUP-excluded
Amplified	ambient/soundscape/animals/birds_forest_single_29.ogg	BASE-DUP-excluded
Amplified	ambient/soundscape/animals/birds_forest_single_3.ogg	BASE-DUP-excluded
Amplified	ambient/soundscape/animals/birds_forest_single_30.ogg	BASE-DUP-excluded
Amplified	ambient/soundscape/animals/birds_forest_single_31.ogg	BASE-DUP-excluded
Amplified	ambient/soundscape/animals/birds_forest_single_32.ogg	BASE-DUP-excluded
Amplified	ambient/soundscape/animals/birds_forest_single_33.ogg	BASE-DUP-excluded
Amplified	ambient/soundscape/animals/birds_forest_single_34.ogg	BASE-DUP-excluded
Amplified	ambient/soundscape/animals/birds_forest_single_35.ogg	BASE-DUP-excluded
Amplified	ambient/soundscape/animals/birds_forest_single_36.ogg	BASE-DUP-excluded
Amplified	ambient/soundscape/animals/birds_forest_single_37.ogg	BASE-DUP-excluded
Amplified	ambient/soundscape/animals/birds_forest_single_38.ogg	BASE-DUP-excluded
Amplified	ambient/soundscape/animals/birds_forest_single_39.ogg	BASE-DUP-excluded
Amplified	ambient/soundscape/animals/birds_forest_single_4.ogg	BASE-DUP-excluded
Amplified	ambient/soundscape/animals/birds_forest_single_40.ogg	BASE-DUP-excluded
Amplified	ambient/soundscape/animals/birds_forest_single_41.ogg	BASE-DUP-excluded
Amplified	ambient/soundscape/animals/birds_forest_single_42.ogg	BASE-DUP-excluded
Amplified	ambient/soundscape/animals/birds_forest_single_43.ogg	BASE-DUP-excluded
Amplified	ambient/soundscape/animals/birds_forest_single_44.ogg	BASE-DUP-excluded
Amplified	ambient/soundscape/animals/birds_forest_single_45.ogg	BASE-DUP-excluded
Amplified	ambient/soundscape/animals/birds_forest_single_46.ogg	BASE-DUP-excluded
Amplified	ambient/soundscape/animals/birds_forest_single_47.ogg	BASE-DUP-excluded
Amplified	ambient/soundscape/animals/birds_forest_single_48.ogg	BASE-DUP-excluded
Amplified	ambient/soundscape/animals/birds_forest_single_49.ogg	BASE-DUP-excluded
Amplified	ambient/soundscape/animals/birds_forest_single_5.ogg	BASE-DUP-excluded
Amplified	ambient/soundscape/animals/birds_forest_single_50.ogg	BASE-DUP-excluded
Amplified	ambient/soundscape/animals/birds_forest_single_51.ogg	BASE-DUP-excluded
Amplified	ambient/soundscape/animals/birds_forest_single_52.ogg	BASE-DUP-excluded
Amplified	ambient/soundscape/animals/birds_forest_single_53.ogg	BASE-DUP-excluded
Amplified	ambient/soundscape/animals/birds_forest_single_54.ogg	BASE-DUP-excluded
Amplified	ambient/soundscape/animals/birds_forest_single_55.ogg	BASE-DUP-excluded
Amplified	ambient/soundscape/animals/birds_forest_single_56.ogg	BASE-DUP-excluded
Amplified	ambient/soundscape/animals/birds_forest_single_57.ogg	BASE-DUP-excluded
Amplified	ambient/soundscape/animals/birds_forest_single_58.ogg	BASE-DUP-excluded
Amplified	ambient/soundscape/animals/birds_forest_single_59.ogg	BASE-DUP-excluded
Amplified	ambient/soundscape/animals/birds_forest_single_6.ogg	BASE-DUP-excluded
Amplified	ambient/soundscape/animals/birds_forest_single_60.ogg	BASE-DUP-excluded
Amplified	ambient/soundscape/animals/birds_forest_single_61.ogg	BASE-DUP-excluded
Amplified	ambient/soundscape/animals/birds_forest_single_62.ogg	off-scope-or-dup
Amplified	ambient/soundscape/animals/birds_forest_single_63.ogg	off-scope-or-dup
Amplified	ambient/soundscape/animals/birds_forest_single_64.ogg	off-scope-or-dup
Amplified	ambient/soundscape/animals/birds_forest_single_65.ogg	off-scope-or-dup
Amplified	ambient/soundscape/animals/birds_forest_single_7.ogg	BASE-DUP-excluded
Amplified	ambient/soundscape/animals/birds_forest_single_8.ogg	BASE-DUP-excluded
Amplified	ambient/soundscape/animals/birds_forest_single_9.ogg	BASE-DUP-excluded
Amplified	ambient/soundscape/animals/birds_meadow_single_1.ogg	BASE-DUP-excluded
Amplified	ambient/soundscape/animals/birds_meadow_single_10.ogg	BASE-DUP-excluded
Amplified	ambient/soundscape/animals/birds_meadow_single_11.ogg	BASE-DUP-excluded
Amplified	ambient/soundscape/animals/birds_meadow_single_12.ogg	BASE-DUP-excluded
Amplified	ambient/soundscape/animals/birds_meadow_single_13.ogg	BASE-DUP-excluded
Amplified	ambient/soundscape/animals/birds_meadow_single_14.ogg	BASE-DUP-excluded
Amplified	ambient/soundscape/animals/birds_meadow_single_15.ogg	BASE-DUP-excluded
Amplified	ambient/soundscape/animals/birds_meadow_single_16.ogg	BASE-DUP-excluded
Amplified	ambient/soundscape/animals/birds_meadow_single_17.ogg	BASE-DUP-excluded
Amplified	ambient/soundscape/animals/birds_meadow_single_18.ogg	BASE-DUP-excluded
Amplified	ambient/soundscape/animals/birds_meadow_single_19.ogg	BASE-DUP-excluded
Amplified	ambient/soundscape/animals/birds_meadow_single_2.ogg	BASE-DUP-excluded
Amplified	ambient/soundscape/animals/birds_meadow_single_20.ogg	BASE-DUP-excluded
Amplified	ambient/soundscape/animals/birds_meadow_single_21.ogg	off-scope-or-dup
Amplified	ambient/soundscape/animals/birds_meadow_single_22.ogg	BASE-DUP-excluded
Amplified	ambient/soundscape/animals/birds_meadow_single_23.ogg	BASE-DUP-excluded
Amplified	ambient/soundscape/animals/birds_meadow_single_24.ogg	BASE-DUP-excluded
Amplified	ambient/soundscape/animals/birds_meadow_single_25.ogg	BASE-DUP-excluded
Amplified	ambient/soundscape/animals/birds_meadow_single_26.ogg	BASE-DUP-excluded
Amplified	ambient/soundscape/animals/birds_meadow_single_27.ogg	BASE-DUP-excluded
Amplified	ambient/soundscape/animals/birds_meadow_single_28.ogg	BASE-DUP-excluded
Amplified	ambient/soundscape/animals/birds_meadow_single_29.ogg	BASE-DUP-excluded
Amplified	ambient/soundscape/animals/birds_meadow_single_3.ogg	BASE-DUP-excluded
Amplified	ambient/soundscape/animals/birds_meadow_single_30.ogg	BASE-DUP-excluded
Amplified	ambient/soundscape/animals/birds_meadow_single_31.ogg	BASE-DUP-excluded
Amplified	ambient/soundscape/animals/birds_meadow_single_32.ogg	BASE-DUP-excluded
Amplified	ambient/soundscape/animals/birds_meadow_single_33.ogg	BASE-DUP-excluded
Amplified	ambient/soundscape/animals/birds_meadow_single_34.ogg	BASE-DUP-excluded
Amplified	ambient/soundscape/animals/birds_meadow_single_35.ogg	BASE-DUP-excluded
Amplified	ambient/soundscape/animals/birds_meadow_single_36.ogg	BASE-DUP-excluded
Amplified	ambient/soundscape/animals/birds_meadow_single_37.ogg	BASE-DUP-excluded
Amplified	ambient/soundscape/animals/birds_meadow_single_38.ogg	BASE-DUP-excluded
Amplified	ambient/soundscape/animals/birds_meadow_single_39.ogg	BASE-DUP-excluded
Amplified	ambient/soundscape/animals/birds_meadow_single_4.ogg	BASE-DUP-excluded
Amplified	ambient/soundscape/animals/birds_meadow_single_40.ogg	BASE-DUP-excluded
Amplified	ambient/soundscape/animals/birds_meadow_single_41.ogg	BASE-DUP-excluded
Amplified	ambient/soundscape/animals/birds_meadow_single_42.ogg	BASE-DUP-excluded
Amplified	ambient/soundscape/animals/birds_meadow_single_43.ogg	BASE-DUP-excluded
Amplified	ambient/soundscape/animals/birds_meadow_single_44.ogg	BASE-DUP-excluded
Amplified	ambient/soundscape/animals/birds_meadow_single_45.ogg	BASE-DUP-excluded
Amplified	ambient/soundscape/animals/birds_meadow_single_46.ogg	BASE-DUP-excluded
Amplified	ambient/soundscape/animals/birds_meadow_single_47.ogg	BASE-DUP-excluded
Amplified	ambient/soundscape/animals/birds_meadow_single_48.ogg	BASE-DUP-excluded
Amplified	ambient/soundscape/animals/birds_meadow_single_49.ogg	BASE-DUP-excluded
Amplified	ambient/soundscape/animals/birds_meadow_single_5.ogg	BASE-DUP-excluded
Amplified	ambient/soundscape/animals/birds_meadow_single_50.ogg	BASE-DUP-excluded
Amplified	ambient/soundscape/animals/birds_meadow_single_51.ogg	BASE-DUP-excluded
Amplified	ambient/soundscape/animals/birds_meadow_single_52.ogg	BASE-DUP-excluded
Amplified	ambient/soundscape/animals/birds_meadow_single_53.ogg	BASE-DUP-excluded
Amplified	ambient/soundscape/animals/birds_meadow_single_54.ogg	BASE-DUP-excluded
Amplified	ambient/soundscape/animals/birds_meadow_single_55.ogg	BASE-DUP-excluded
Amplified	ambient/soundscape/animals/birds_meadow_single_56.ogg	BASE-DUP-excluded
Amplified	ambient/soundscape/animals/birds_meadow_single_57.ogg	BASE-DUP-excluded
Amplified	ambient/soundscape/animals/birds_meadow_single_58.ogg	BASE-DUP-excluded
Amplified	ambient/soundscape/animals/birds_meadow_single_59.ogg	BASE-DUP-excluded
Amplified	ambient/soundscape/animals/birds_meadow_single_6.ogg	BASE-DUP-excluded
Amplified	ambient/soundscape/animals/birds_meadow_single_60.ogg	BASE-DUP-excluded
Amplified	ambient/soundscape/animals/birds_meadow_single_61.ogg	BASE-DUP-excluded
Amplified	ambient/soundscape/animals/birds_meadow_single_62.ogg	off-scope-or-dup
Amplified	ambient/soundscape/animals/birds_meadow_single_63.ogg	off-scope-or-dup
Amplified	ambient/soundscape/animals/birds_meadow_single_64.ogg	off-scope-or-dup
Amplified	ambient/soundscape/animals/birds_meadow_single_65.ogg	off-scope-or-dup
Amplified	ambient/soundscape/animals/birds_meadow_single_66.ogg	off-scope-or-dup
Amplified	ambient/soundscape/animals/birds_meadow_single_67.ogg	off-scope-or-dup
Amplified	ambient/soundscape/animals/birds_meadow_single_68.ogg	off-scope-or-dup
Amplified	ambient/soundscape/animals/birds_meadow_single_69.ogg	off-scope-or-dup
Amplified	ambient/soundscape/animals/birds_meadow_single_7.ogg	BASE-DUP-excluded
Amplified	ambient/soundscape/animals/birds_meadow_single_8.ogg	BASE-DUP-excluded
Amplified	ambient/soundscape/animals/birds_meadow_single_9.ogg	BASE-DUP-excluded
Amplified	ambient/soundscape/animals/birds_single_night_1.ogg	BASE-DUP-excluded
Amplified	ambient/soundscape/animals/birds_single_night_10.ogg	BASE-DUP-excluded
Amplified	ambient/soundscape/animals/birds_single_night_11.ogg	BASE-DUP-excluded
Amplified	ambient/soundscape/animals/birds_single_night_12.ogg	BASE-DUP-excluded
Amplified	ambient/soundscape/animals/birds_single_night_13.ogg	BASE-DUP-excluded
Amplified	ambient/soundscape/animals/birds_single_night_14.ogg	BASE-DUP-excluded
Amplified	ambient/soundscape/animals/birds_single_night_15.ogg	BASE-DUP-excluded
Amplified	ambient/soundscape/animals/birds_single_night_16.ogg	BASE-DUP-excluded
Amplified	ambient/soundscape/animals/birds_single_night_17.ogg	BASE-DUP-excluded
Amplified	ambient/soundscape/animals/birds_single_night_18.ogg	BASE-DUP-excluded
Amplified	ambient/soundscape/animals/birds_single_night_19.ogg	BASE-DUP-excluded
Amplified	ambient/soundscape/animals/birds_single_night_2.ogg	BASE-DUP-excluded
Amplified	ambient/soundscape/animals/birds_single_night_20.ogg	BASE-DUP-excluded
Amplified	ambient/soundscape/animals/birds_single_night_21.ogg	off-scope-or-dup
Amplified	ambient/soundscape/animals/birds_single_night_22.ogg	BASE-DUP-excluded
Amplified	ambient/soundscape/animals/birds_single_night_23.ogg	BASE-DUP-excluded
Amplified	ambient/soundscape/animals/birds_single_night_24.ogg	BASE-DUP-excluded
Amplified	ambient/soundscape/animals/birds_single_night_25.ogg	BASE-DUP-excluded
Amplified	ambient/soundscape/animals/birds_single_night_26.ogg	BASE-DUP-excluded
Amplified	ambient/soundscape/animals/birds_single_night_3.ogg	BASE-DUP-excluded
Amplified	ambient/soundscape/animals/birds_single_night_4.ogg	BASE-DUP-excluded
Amplified	ambient/soundscape/animals/birds_single_night_5.ogg	BASE-DUP-excluded
Amplified	ambient/soundscape/animals/birds_single_night_6.ogg	BASE-DUP-excluded
Amplified	ambient/soundscape/animals/birds_single_night_7.ogg	BASE-DUP-excluded
Amplified	ambient/soundscape/animals/birds_single_night_8.ogg	BASE-DUP-excluded
Amplified	ambient/soundscape/animals/birds_single_night_9.ogg	BASE-DUP-excluded
Amplified	ambient/soundscape/animals/birdsfear1.ogg	off-scope-or-dup
Amplified	ambient/soundscape/animals/birdsfear2.ogg	off-scope-or-dup
Amplified	ambient/soundscape/animals/birdsfear3.ogg	off-scope-or-dup
Amplified	ambient/soundscape/animals/crickets_1.ogg	BASE-DUP-excluded
Amplified	ambient/soundscape/animals/crickets_10.ogg	BASE-DUP-excluded
Amplified	ambient/soundscape/animals/crickets_11.ogg	BASE-DUP-excluded
Amplified	ambient/soundscape/animals/crickets_2.ogg	BASE-DUP-excluded
Amplified	ambient/soundscape/animals/crickets_3.ogg	BASE-DUP-excluded
Amplified	ambient/soundscape/animals/crickets_4.ogg	BASE-DUP-excluded
Amplified	ambient/soundscape/animals/crickets_5.ogg	BASE-DUP-excluded
Amplified	ambient/soundscape/animals/crickets_6.ogg	BASE-DUP-excluded
Amplified	ambient/soundscape/animals/crickets_7.ogg	BASE-DUP-excluded
Amplified	ambient/soundscape/animals/crickets_8.ogg	BASE-DUP-excluded
Amplified	ambient/soundscape/animals/crickets_9.ogg	BASE-DUP-excluded
Amplified	ambient/soundscape/animals/crickets_night_1.ogg	BASE-DUP-excluded
Amplified	ambient/soundscape/animals/crickets_night_2.ogg	BASE-DUP-excluded
Amplified	ambient/soundscape/animals/crickets_night_3.ogg	BASE-DUP-excluded
Amplified	ambient/soundscape/animals/crickets_night_4.ogg	BASE-DUP-excluded
Amplified	ambient/soundscape/animals/crickets_night_5.ogg	BASE-DUP-excluded
Amplified	ambient/soundscape/animals/crickets_night_6.ogg	BASE-DUP-excluded
Amplified	ambient/soundscape/background/Field/field_day.ogg	off-scope-or-dup
Amplified	ambient/soundscape/background/Field/field_day_north.ogg	off-scope-or-dup
Amplified	ambient/soundscape/background/Field/field_day_north_alt.ogg	off-scope-or-dup
Amplified	ambient/soundscape/background/Field/field_day_north_alt2.ogg	off-scope-or-dup
Amplified	ambient/soundscape/background/Field/field_day_north_alt3.ogg	off-scope-or-dup
Amplified	ambient/soundscape/background/Field/field_day_north_alt4.ogg	off-scope-or-dup
Amplified	ambient/soundscape/background/Field/field_day_north_alt5.ogg	off-scope-or-dup
Amplified	ambient/soundscape/background/Field/field_evening.ogg	off-scope-or-dup
Amplified	ambient/soundscape/background/Field/field_evening_alt.ogg	off-scope-or-dup
Amplified	ambient/soundscape/background/Field/field_evening_north.ogg	off-scope-or-dup
Amplified	ambient/soundscape/background/Field/field_evening_north_alt.ogg	off-scope-or-dup
Amplified	ambient/soundscape/background/Field/field_morning.ogg	off-scope-or-dup
Amplified	ambient/soundscape/background/Field/field_night.ogg	off-scope-or-dup
Amplified	ambient/soundscape/background/Field/field_night_alt.ogg	off-scope-or-dup
Amplified	ambient/soundscape/background/Field/field_north_wind_low.ogg	off-scope-or-dup
Amplified	ambient/soundscape/background/Field/field_open_quiet.ogg	off-scope-or-dup
Amplified	ambient/soundscape/background/Field/field_open_quiet_alt.ogg	off-scope-or-dup
Amplified	ambient/soundscape/background/Field/field_open_quiet_alt2.ogg	off-scope-or-dup
Amplified	ambient/soundscape/background/Field/field_open_quiet_alt3.ogg	off-scope-or-dup
Amplified	ambient/soundscape/background/Field/field_open_quiet_alt4.ogg	off-scope-or-dup
Amplified	ambient/soundscape/background/Field/field_open_quiet_alt5.ogg	off-scope-or-dup
Amplified	ambient/soundscape/background/Field/field_wind_high.ogg	off-scope-or-dup
Amplified	ambient/soundscape/background/Field/field_wind_low.ogg	off-scope-or-dup
Amplified	ambient/soundscape/background/Field/field_wind_med.ogg	off-scope-or-dup
Amplified	ambient/soundscape/background/field_day.ogg	off-scope-or-dup
Amplified	ambient/soundscape/background/field_evening.ogg	off-scope-or-dup
Amplified	ambient/soundscape/background/field_morning.ogg	off-scope-or-dup
Amplified	ambient/soundscape/background/field_night.ogg	BASE-DUP-excluded
Amplified	ambient/soundscape/background/Forest/forest_day.ogg	off-scope-or-dup
Amplified	ambient/soundscape/background/Forest/forest_day_alt.ogg	off-scope-or-dup
Amplified	ambient/soundscape/background/Forest/forest_evening.ogg	off-scope-or-dup
Amplified	ambient/soundscape/background/Forest/forest_field.ogg	off-scope-or-dup
Amplified	ambient/soundscape/background/Forest/forest_field_open.ogg	off-scope-or-dup
Amplified	ambient/soundscape/background/Forest/forest_field_open_alt.ogg	off-scope-or-dup
Amplified	ambient/soundscape/background/Forest/forest_field_open_alt2.ogg	off-scope-or-dup
Amplified	ambient/soundscape/background/Forest/forest_morning.ogg	off-scope-or-dup
Amplified	ambient/soundscape/background/Forest/forest_night.ogg	off-scope-or-dup
Amplified	ambient/soundscape/background/Forest/forest_night_alt.ogg	off-scope-or-dup
Amplified	ambient/soundscape/background/Forest/Forest_rain.ogg	off-scope-or-dup
Amplified	ambient/soundscape/background/Forest/forest_rain_storm.ogg	USED-shipped
Amplified	ambient/soundscape/background/Forest/forest_truckcem_day.ogg	off-scope-or-dup
Amplified	ambient/soundscape/background/Forest/forest_truckcem_evening.ogg	off-scope-or-dup
Amplified	ambient/soundscape/background/Forest/forest_truckcem_morning.ogg	off-scope-or-dup
Amplified	ambient/soundscape/background/Forest/forest_truckcem_tuman.ogg	HELD-loop-surplus
Amplified	ambient/soundscape/background/Forest/forest_wind.ogg	HELD-loop-surplus
Amplified	ambient/soundscape/background/Forest/forest_wind_alt.ogg	off-scope-or-dup
Amplified	ambient/soundscape/background/Forest/forest_wind_low.ogg	off-scope-or-dup
Amplified	ambient/soundscape/background/Forest/forest_wind_storm.ogg	HELD-loop-surplus
Amplified	ambient/soundscape/background/forest_1.ogg	BASE-DUP-excluded
Amplified	ambient/soundscape/background/forest_day.ogg	off-scope-or-dup
Amplified	ambient/soundscape/background/forest_evening.ogg	BASE-DUP-excluded
Amplified	ambient/soundscape/background/forest_morning.ogg	BASE-DUP-excluded
Amplified	ambient/soundscape/background/forest_night.ogg	BASE-DUP-excluded
Amplified	ambient/soundscape/background/houses_1.ogg	BASE-DUP-excluded
Amplified	ambient/soundscape/background/houses_day.ogg	off-scope-or-dup
Amplified	ambient/soundscape/background/houses_evening.ogg	BASE-DUP-excluded
Amplified	ambient/soundscape/background/houses_morning.ogg	BASE-DUP-excluded
Amplified	ambient/soundscape/background/houses_night.ogg	BASE-DUP-excluded
Amplified	ambient/soundscape/background/meadow_day.ogg	off-scope-or-dup
Amplified	ambient/soundscape/background/meadow_evening.ogg	BASE-DUP-excluded
Amplified	ambient/soundscape/background/meadow_morning.ogg	BASE-DUP-excluded
Amplified	ambient/soundscape/background/meadow_night.ogg	BASE-DUP-excluded
Amplified	ambient/soundscape/background/North/creepy_low_wind.ogg	HELD-loop-surplus
Amplified	ambient/soundscape/background/North/open_day.ogg	off-scope-or-dup
Amplified	ambient/soundscape/background/North/open_day_alt.ogg	off-scope-or-dup
Amplified	ambient/soundscape/background/North/open_night.ogg	off-scope-or-dup
Amplified	ambient/soundscape/background/North/tuman_open.ogg	HELD-loop-surplus
Amplified	ambient/soundscape/background/North/tuman_open2.ogg	HELD-loop-surplus
Amplified	ambient/soundscape/background/North/tuman_open_alt.ogg	HELD-loop-surplus
Amplified	ambient/soundscape/background/North/tuman_open_alt1.ogg	HELD-loop-surplus
Amplified	ambient/soundscape/background/North/tuman_open_alt2.ogg	HELD-loop-surplus
Amplified	ambient/soundscape/background/North/tuman_open_field.ogg	HELD-loop-surplus
Amplified	ambient/soundscape/background/North/tuman_open_field_alt.ogg	HELD-loop-surplus
Amplified	ambient/soundscape/background/North/tuman_open_urban.ogg	HELD-loop-surplus
Amplified	ambient/soundscape/background/Radar/Radar 1.ogg	off-scope-or-dup
Amplified	ambient/soundscape/background/Radar/Radar 2.ogg	off-scope-or-dup
Amplified	ambient/soundscape/background/Radar/Radar 3.ogg	off-scope-or-dup
Amplified	ambient/soundscape/background/Radar/Radar 4.ogg	off-scope-or-dup
Amplified	ambient/soundscape/background/Radar/Radar 5.ogg	off-scope-or-dup
Amplified	ambient/soundscape/background/Radar/Radar 6.ogg	off-scope-or-dup
Amplified	ambient/soundscape/background/Radar/Radar layer 1.ogg	off-scope-or-dup
Amplified	ambient/soundscape/background/Radar/radar_2.ogg	off-scope-or-dup
Amplified	ambient/soundscape/background/Swamp/meadow_day.ogg	off-scope-or-dup
Amplified	ambient/soundscape/background/Swamp/meadow_day_alt.ogg	off-scope-or-dup
Amplified	ambient/soundscape/background/Swamp/meadow_evening.ogg	off-scope-or-dup
Amplified	ambient/soundscape/background/Swamp/meadow_evening_alt.ogg	off-scope-or-dup
Amplified	ambient/soundscape/background/Swamp/meadow_morning.ogg	off-scope-or-dup
Amplified	ambient/soundscape/background/Swamp/meadow_morning_alt.ogg	off-scope-or-dup
Amplified	ambient/soundscape/background/Swamp/meadow_night.ogg	off-scope-or-dup
Amplified	ambient/soundscape/background/Swamp/meadow_night_alt.ogg	off-scope-or-dup
Amplified	ambient/soundscape/background/Swamp/meadow_night_alt2.ogg	off-scope-or-dup
Amplified	ambient/soundscape/background/Swamp/meadow_wind.ogg	off-scope-or-dup
Amplified	ambient/soundscape/background/Underground/underground_1.ogg	OFFSPEC-48k-excluded
Amplified	ambient/soundscape/background/Underground/underground_2.ogg	BASE-DUP-excluded
Amplified	ambient/soundscape/background/Underground/underground_3.ogg	HELD-loop-surplus
Amplified	ambient/soundscape/background/Underground/underground_4.ogg	BASE-DUP-excluded
Amplified	ambient/soundscape/background/Underground/underground_5.ogg	HELD-loop-surplus
Amplified	ambient/soundscape/background/Underground/underground_6.ogg	HELD-loop-surplus
Amplified	ambient/soundscape/background/Underground/underground_7.ogg	HELD-loop-surplus
Amplified	ambient/soundscape/background/Underground/underground_8.ogg	HELD-loop-surplus
Amplified	ambient/soundscape/background/underground_2.ogg	BASE-DUP-excluded
Amplified	ambient/soundscape/background/underground_3.ogg	BASE-DUP-excluded
Amplified	ambient/soundscape/background/underground_4.ogg	BASE-DUP-excluded
Amplified	ambient/soundscape/background/Urban/house_interior.ogg	off-scope-or-dup
Amplified	ambient/soundscape/background/Urban/House_interior_1.ogg	off-scope-or-dup
Amplified	ambient/soundscape/background/Urban/House_interior_2.ogg	off-scope-or-dup
Amplified	ambient/soundscape/background/Urban/House_interior_3.ogg	off-scope-or-dup
Amplified	ambient/soundscape/background/Urban/House_interior_4.ogg	off-scope-or-dup
Amplified	ambient/soundscape/background/Urban/House_interior_5.ogg	off-scope-or-dup
Amplified	ambient/soundscape/background/Urban/House_interior_6.ogg	off-scope-or-dup
Amplified	ambient/soundscape/background/Urban/house_silent_tone.ogg	off-scope-or-dup
Amplified	ambient/soundscape/background/Urban/houses_day.ogg	off-scope-or-dup
Amplified	ambient/soundscape/background/Urban/houses_dayalt.ogg	off-scope-or-dup
Amplified	ambient/soundscape/background/Urban/houses_evening.ogg	off-scope-or-dup
Amplified	ambient/soundscape/background/Urban/houses_eveningalt.ogg	off-scope-or-dup
Amplified	ambient/soundscape/background/Urban/houses_low.ogg	off-scope-or-dup
Amplified	ambient/soundscape/background/Urban/houses_morning.ogg	off-scope-or-dup
Amplified	ambient/soundscape/background/Urban/houses_night.ogg	off-scope-or-dup
Amplified	ambient/soundscape/background/Urban/houses_night_city.ogg	off-scope-or-dup
Amplified	ambient/soundscape/background/Urban/houses_nightalt.ogg	off-scope-or-dup
Amplified	ambient/soundscape/background/Urban/houses_nightalt2.ogg	off-scope-or-dup
Amplified	ambient/soundscape/background/Urban/houses_open_day.ogg	off-scope-or-dup
Amplified	ambient/soundscape/background/Urban/houses_open_evening.ogg	off-scope-or-dup
Amplified	ambient/soundscape/background/Urban/houses_outskirts_day.ogg	off-scope-or-dup
Amplified	ambient/soundscape/background/Urban/houses_outskirts_evening.ogg	off-scope-or-dup
Amplified	ambient/soundscape/background/Urban/houses_suburb.ogg	off-scope-or-dup
Amplified	ambient/soundscape/background/Urban/houses_wind_high.ogg	off-scope-or-dup
Amplified	ambient/soundscape/background/Urban/houses_wind_low.ogg	off-scope-or-dup
Amplified	ambient/soundscape/background/Urban/houses_wind_med.ogg	BASE-DUP-excluded
Amplified	ambient/soundscape/background/Urban/houses_wind_storm.ogg	HELD-loop-surplus
Amplified	ambient/soundscape/crows/crow1.ogg	USED-shipped
Amplified	ambient/soundscape/crows/crow10.ogg	HELD-loop-surplus
Amplified	ambient/soundscape/crows/crow2.ogg	USED-shipped
Amplified	ambient/soundscape/crows/crow3.ogg	HELD-loop-surplus
Amplified	ambient/soundscape/crows/crow4.ogg	USED-shipped
Amplified	ambient/soundscape/crows/crow5.ogg	USED-shipped
Amplified	ambient/soundscape/crows/crow6.ogg	USED-shipped
Amplified	ambient/soundscape/crows/crow7.ogg	HELD-loop-surplus
Amplified	ambient/soundscape/crows/crow8.ogg	HELD-loop-surplus
Amplified	ambient/soundscape/crows/crow9.ogg	HELD-loop-surplus
Amplified	ambient/soundscape/crows/Crowcreep1.ogg	USED-shipped
Amplified	ambient/soundscape/crows/Crowcreep10.ogg	USED-shipped
Amplified	ambient/soundscape/crows/Crowcreep11.ogg	USED-shipped
Amplified	ambient/soundscape/crows/Crowcreep12.ogg	USED-shipped
Amplified	ambient/soundscape/crows/Crowcreep2.ogg	USED-shipped
Amplified	ambient/soundscape/crows/Crowcreep3.ogg	USED-shipped
Amplified	ambient/soundscape/crows/Crowcreep4.ogg	USED-shipped
Amplified	ambient/soundscape/crows/Crowcreep5.ogg	USED-shipped
Amplified	ambient/soundscape/crows/Crowcreep6.ogg	USED-shipped
Amplified	ambient/soundscape/crows/Crowcreep7.ogg	USED-shipped
Amplified	ambient/soundscape/crows/Crowcreep8.ogg	USED-shipped
Amplified	ambient/soundscape/crows/Crowcreep9.ogg	USED-shipped
Amplified	ambient/soundscape/crows/Crowforest1.ogg	USED-shipped
Amplified	ambient/soundscape/crows/Crowforest2.ogg	USED-shipped
Amplified	ambient/soundscape/crows/Crowforest3.ogg	USED-shipped
Amplified	ambient/soundscape/crows/Crowforest4.ogg	USED-shipped
Amplified	ambient/soundscape/crows/Crowforest5.ogg	USED-shipped
Amplified	ambient/soundscape/dark_signal/darksignal1.ogg	USED-shipped
Amplified	ambient/soundscape/dark_signal/darksignal10.ogg	USED-shipped
Amplified	ambient/soundscape/dark_signal/darksignal11.ogg	USED-shipped
Amplified	ambient/soundscape/dark_signal/darksignal12.ogg	USED-shipped
Amplified	ambient/soundscape/dark_signal/darksignal13.ogg	USED-shipped
Amplified	ambient/soundscape/dark_signal/darksignal14.ogg	USED-shipped
Amplified	ambient/soundscape/dark_signal/darksignal15.ogg	USED-shipped
Amplified	ambient/soundscape/dark_signal/darksignal16.ogg	USED-shipped
Amplified	ambient/soundscape/dark_signal/darksignal17.ogg	USED-shipped
Amplified	ambient/soundscape/dark_signal/darksignal18.ogg	USED-shipped
Amplified	ambient/soundscape/dark_signal/darksignal2.ogg	USED-shipped
Amplified	ambient/soundscape/dark_signal/darksignal3.ogg	USED-shipped
Amplified	ambient/soundscape/dark_signal/darksignal4.ogg	USED-shipped
Amplified	ambient/soundscape/dark_signal/darksignal5.ogg	USED-shipped
Amplified	ambient/soundscape/dark_signal/darksignal6.ogg	USED-shipped
Amplified	ambient/soundscape/dark_signal/darksignal7.ogg	HELD-loop-surplus
Amplified	ambient/soundscape/dark_signal/darksignal8.ogg	USED-shipped
Amplified	ambient/soundscape/dark_signal/darksignal9.ogg	USED-shipped
Amplified	ambient/soundscape/dark_signal/radiosignal1.ogg	off-scope-or-dup
Amplified	ambient/soundscape/dark_signal/radiosignal10.ogg	off-scope-or-dup
Amplified	ambient/soundscape/dark_signal/radiosignal11.ogg	off-scope-or-dup
Amplified	ambient/soundscape/dark_signal/radiosignal12.ogg	off-scope-or-dup
Amplified	ambient/soundscape/dark_signal/radiosignal13.ogg	off-scope-or-dup
Amplified	ambient/soundscape/dark_signal/radiosignal14.ogg	off-scope-or-dup
Amplified	ambient/soundscape/dark_signal/radiosignal15.ogg	off-scope-or-dup
Amplified	ambient/soundscape/dark_signal/radiosignal16.ogg	off-scope-or-dup
Amplified	ambient/soundscape/dark_signal/radiosignal17.ogg	off-scope-or-dup
Amplified	ambient/soundscape/dark_signal/radiosignal18.ogg	off-scope-or-dup
Amplified	ambient/soundscape/dark_signal/radiosignal19.ogg	off-scope-or-dup
Amplified	ambient/soundscape/dark_signal/radiosignal2.ogg	off-scope-or-dup
Amplified	ambient/soundscape/dark_signal/radiosignal20.ogg	off-scope-or-dup
Amplified	ambient/soundscape/dark_signal/radiosignal21.ogg	off-scope-or-dup
Amplified	ambient/soundscape/dark_signal/radiosignal22.ogg	off-scope-or-dup
Amplified	ambient/soundscape/dark_signal/radiosignal23.ogg	off-scope-or-dup
Amplified	ambient/soundscape/dark_signal/radiosignal24.ogg	off-scope-or-dup
Amplified	ambient/soundscape/dark_signal/radiosignal25.ogg	off-scope-or-dup
Amplified	ambient/soundscape/dark_signal/radiosignal26.ogg	off-scope-or-dup
Amplified	ambient/soundscape/dark_signal/radiosignal27.ogg	off-scope-or-dup
Amplified	ambient/soundscape/dark_signal/radiosignal28.ogg	off-scope-or-dup
Amplified	ambient/soundscape/dark_signal/radiosignal29.ogg	off-scope-or-dup
Amplified	ambient/soundscape/dark_signal/radiosignal3.ogg	off-scope-or-dup
Amplified	ambient/soundscape/dark_signal/radiosignal30.ogg	off-scope-or-dup
Amplified	ambient/soundscape/dark_signal/radiosignal31.ogg	off-scope-or-dup
Amplified	ambient/soundscape/dark_signal/radiosignal32.ogg	off-scope-or-dup
Amplified	ambient/soundscape/dark_signal/radiosignal4.ogg	off-scope-or-dup
Amplified	ambient/soundscape/dark_signal/radiosignal5.ogg	off-scope-or-dup
Amplified	ambient/soundscape/dark_signal/radiosignal6.ogg	off-scope-or-dup
Amplified	ambient/soundscape/dark_signal/radiosignal7.ogg	off-scope-or-dup
Amplified	ambient/soundscape/dark_signal/radiosignal8.ogg	off-scope-or-dup
Amplified	ambient/soundscape/dark_signal/radiosignal9.ogg	off-scope-or-dup
Amplified	ambient/soundscape/foliage/bigsnap1.ogg	USED-shipped
Amplified	ambient/soundscape/foliage/bigsnap10.ogg	USED-shipped
Amplified	ambient/soundscape/foliage/bigsnap11.ogg	USED-shipped
Amplified	ambient/soundscape/foliage/bigsnap12.ogg	USED-shipped
Amplified	ambient/soundscape/foliage/bigsnap13.ogg	USED-shipped
Amplified	ambient/soundscape/foliage/bigsnap14.ogg	USED-shipped
Amplified	ambient/soundscape/foliage/bigsnap15.ogg	USED-shipped
Amplified	ambient/soundscape/foliage/bigsnap2.ogg	USED-shipped
Amplified	ambient/soundscape/foliage/bigsnap3.ogg	USED-shipped
Amplified	ambient/soundscape/foliage/bigsnap4.ogg	USED-shipped
Amplified	ambient/soundscape/foliage/bigsnap5.ogg	USED-shipped
Amplified	ambient/soundscape/foliage/bigsnap6.ogg	USED-shipped
Amplified	ambient/soundscape/foliage/bigsnap7.ogg	USED-shipped
Amplified	ambient/soundscape/foliage/bigsnap8.ogg	USED-shipped
Amplified	ambient/soundscape/foliage/bigsnap9.ogg	USED-shipped
Amplified	ambient/soundscape/foliage/chime1.ogg	off-scope-or-dup
Amplified	ambient/soundscape/foliage/chime2.ogg	off-scope-or-dup
Amplified	ambient/soundscape/foliage/chime3.ogg	off-scope-or-dup
Amplified	ambient/soundscape/foliage/chime4.ogg	off-scope-or-dup
Amplified	ambient/soundscape/foliage/chime5.ogg	off-scope-or-dup
Amplified	ambient/soundscape/foliage/chime6.ogg	off-scope-or-dup
Amplified	ambient/soundscape/foliage/chime7.ogg	off-scope-or-dup
Amplified	ambient/soundscape/foliage/chime8.ogg	off-scope-or-dup
Amplified	ambient/soundscape/foliage/chime9.ogg	off-scope-or-dup
Amplified	ambient/soundscape/foliage/Foliage1.ogg	off-scope-or-dup
Amplified	ambient/soundscape/foliage/Foliage10.ogg	off-scope-or-dup
Amplified	ambient/soundscape/foliage/Foliage11.ogg	USED-shipped
Amplified	ambient/soundscape/foliage/Foliage12.ogg	USED-shipped
Amplified	ambient/soundscape/foliage/Foliage13.ogg	USED-shipped
Amplified	ambient/soundscape/foliage/Foliage14.ogg	USED-shipped
Amplified	ambient/soundscape/foliage/Foliage15.ogg	USED-shipped
Amplified	ambient/soundscape/foliage/Foliage16.ogg	USED-shipped
Amplified	ambient/soundscape/foliage/Foliage17.ogg	USED-shipped
Amplified	ambient/soundscape/foliage/Foliage18.ogg	USED-shipped
Amplified	ambient/soundscape/foliage/Foliage2.ogg	off-scope-or-dup
Amplified	ambient/soundscape/foliage/Foliage3.ogg	off-scope-or-dup
Amplified	ambient/soundscape/foliage/Foliage4.ogg	off-scope-or-dup
Amplified	ambient/soundscape/foliage/Foliage5.ogg	off-scope-or-dup
Amplified	ambient/soundscape/foliage/Foliage6.ogg	off-scope-or-dup
Amplified	ambient/soundscape/foliage/Foliage7.ogg	off-scope-or-dup
Amplified	ambient/soundscape/foliage/Foliage8.ogg	off-scope-or-dup
Amplified	ambient/soundscape/foliage/Foliage9.ogg	off-scope-or-dup
Amplified	ambient/soundscape/foliage/snap1.ogg	USED-shipped
Amplified	ambient/soundscape/foliage/snap10.ogg	USED-shipped
Amplified	ambient/soundscape/foliage/snap11.ogg	USED-shipped
Amplified	ambient/soundscape/foliage/snap12.ogg	USED-shipped
Amplified	ambient/soundscape/foliage/snap13.ogg	USED-shipped
Amplified	ambient/soundscape/foliage/snap14.ogg	USED-shipped
Amplified	ambient/soundscape/foliage/snap15.ogg	USED-shipped
Amplified	ambient/soundscape/foliage/snap16.ogg	USED-shipped
Amplified	ambient/soundscape/foliage/snap17.ogg	USED-shipped
Amplified	ambient/soundscape/foliage/snap18.ogg	USED-shipped
Amplified	ambient/soundscape/foliage/snap19.ogg	USED-shipped
Amplified	ambient/soundscape/foliage/snap2.ogg	USED-shipped
Amplified	ambient/soundscape/foliage/snap3.ogg	USED-shipped
Amplified	ambient/soundscape/foliage/snap4.ogg	USED-shipped
Amplified	ambient/soundscape/foliage/snap5.ogg	USED-shipped
Amplified	ambient/soundscape/foliage/snap6.ogg	USED-shipped
Amplified	ambient/soundscape/foliage/snap7.ogg	USED-shipped
Amplified	ambient/soundscape/foliage/snap8.ogg	USED-shipped
Amplified	ambient/soundscape/foliage/snap9.ogg	USED-shipped
Amplified	ambient/soundscape/foliage/Snapmed1.ogg	USED-shipped
Amplified	ambient/soundscape/foliage/Snapmed10.ogg	USED-shipped
Amplified	ambient/soundscape/foliage/Snapmed11.ogg	USED-shipped
Amplified	ambient/soundscape/foliage/Snapmed12.ogg	USED-shipped
Amplified	ambient/soundscape/foliage/Snapmed13.ogg	USED-shipped
Amplified	ambient/soundscape/foliage/Snapmed2.ogg	USED-shipped
Amplified	ambient/soundscape/foliage/Snapmed3.ogg	USED-shipped
Amplified	ambient/soundscape/foliage/Snapmed4.ogg	USED-shipped
Amplified	ambient/soundscape/foliage/Snapmed5.ogg	USED-shipped
Amplified	ambient/soundscape/foliage/Snapmed6.ogg	USED-shipped
Amplified	ambient/soundscape/foliage/Snapmed7.ogg	USED-shipped
Amplified	ambient/soundscape/foliage/Snapmed8.ogg	USED-shipped
Amplified	ambient/soundscape/foliage/Snapmed9.ogg	USED-shipped
Amplified	ambient/soundscape/foliage/Spooksnap1.ogg	USED-shipped
Amplified	ambient/soundscape/foliage/Spooksnap2.ogg	USED-shipped
Amplified	ambient/soundscape/foliage/Spooksnap3.ogg	USED-shipped
Amplified	ambient/soundscape/foliage/Spooksnap4.ogg	USED-shipped
Amplified	ambient/soundscape/foliage/Spooksnap5.ogg	USED-shipped
Amplified	ambient/soundscape/foliage/Spooksnap6.ogg	USED-shipped
Amplified	ambient/soundscape/foliage/Spooksnap7.ogg	USED-shipped
Amplified	ambient/soundscape/foliage/spookSway1.ogg	USED-shipped
Amplified	ambient/soundscape/foliage/spookSway10.ogg	USED-shipped
Amplified	ambient/soundscape/foliage/spookSway11.ogg	USED-shipped
Amplified	ambient/soundscape/foliage/spookSway12.ogg	USED-shipped
Amplified	ambient/soundscape/foliage/spookSway13.ogg	USED-shipped
Amplified	ambient/soundscape/foliage/spookSway2.ogg	USED-shipped
Amplified	ambient/soundscape/foliage/spookSway3.ogg	USED-shipped
Amplified	ambient/soundscape/foliage/spookSway4.ogg	USED-shipped
Amplified	ambient/soundscape/foliage/spookSway5.ogg	USED-shipped
Amplified	ambient/soundscape/foliage/spookSway6.ogg	USED-shipped
Amplified	ambient/soundscape/foliage/spookSway7.ogg	USED-shipped
Amplified	ambient/soundscape/foliage/spookSway8.ogg	USED-shipped
Amplified	ambient/soundscape/foliage/spookSway9.ogg	USED-shipped
Amplified	ambient/soundscape/foliage/Sway_1.ogg	off-scope-or-dup
Amplified	ambient/soundscape/foliage/Sway_10.ogg	off-scope-or-dup
Amplified	ambient/soundscape/foliage/Sway_11.ogg	off-scope-or-dup
Amplified	ambient/soundscape/foliage/Sway_12.ogg	off-scope-or-dup
Amplified	ambient/soundscape/foliage/Sway_13.ogg	off-scope-or-dup
Amplified	ambient/soundscape/foliage/Sway_14.ogg	off-scope-or-dup
Amplified	ambient/soundscape/foliage/Sway_15.ogg	off-scope-or-dup
Amplified	ambient/soundscape/foliage/Sway_16.ogg	off-scope-or-dup
Amplified	ambient/soundscape/foliage/Sway_2.ogg	off-scope-or-dup
Amplified	ambient/soundscape/foliage/Sway_3.ogg	off-scope-or-dup
Amplified	ambient/soundscape/foliage/Sway_4.ogg	off-scope-or-dup
Amplified	ambient/soundscape/foliage/Sway_5.ogg	off-scope-or-dup
Amplified	ambient/soundscape/foliage/Sway_6.ogg	off-scope-or-dup
Amplified	ambient/soundscape/foliage/Sway_7.ogg	off-scope-or-dup
Amplified	ambient/soundscape/foliage/Sway_8.ogg	off-scope-or-dup
Amplified	ambient/soundscape/foliage/Sway_9.ogg	off-scope-or-dup
Amplified	ambient/soundscape/forest/sfx_1.ogg	off-scope-or-dup
Amplified	ambient/soundscape/forest/sfx_10.ogg	off-scope-or-dup
Amplified	ambient/soundscape/forest/sfx_11.ogg	off-scope-or-dup
Amplified	ambient/soundscape/forest/sfx_2.ogg	off-scope-or-dup
Amplified	ambient/soundscape/forest/sfx_3.ogg	off-scope-or-dup
Amplified	ambient/soundscape/forest/sfx_4.ogg	off-scope-or-dup
Amplified	ambient/soundscape/forest/sfx_5.ogg	off-scope-or-dup
Amplified	ambient/soundscape/forest/sfx_6.ogg	off-scope-or-dup
Amplified	ambient/soundscape/forest/sfx_7.ogg	off-scope-or-dup
Amplified	ambient/soundscape/forest/sfx_8.ogg	off-scope-or-dup
Amplified	ambient/soundscape/forest/sfx_9.ogg	off-scope-or-dup
Amplified	ambient/soundscape/forest_night/sfx_1.ogg	off-scope-or-dup
Amplified	ambient/soundscape/forest_night/sfx_2.ogg	off-scope-or-dup
Amplified	ambient/soundscape/forest_night/sfx_3.ogg	off-scope-or-dup
Amplified	ambient/soundscape/forest_night/sfx_4.ogg	off-scope-or-dup
Amplified	ambient/soundscape/forest_night/sfx_5.ogg	off-scope-or-dup
Amplified	ambient/soundscape/forest_night/sfx_6.ogg	off-scope-or-dup
Amplified	ambient/soundscape/insects/Bugsday1.ogg	BASE-DUP-excluded
Amplified	ambient/soundscape/insects/Bugsday10.ogg	BASE-DUP-excluded
Amplified	ambient/soundscape/insects/Bugsday11.ogg	BASE-DUP-excluded
Amplified	ambient/soundscape/insects/Bugsday12.ogg	BASE-DUP-excluded
Amplified	ambient/soundscape/insects/Bugsday13.ogg	BASE-DUP-excluded
Amplified	ambient/soundscape/insects/Bugsday14.ogg	BASE-DUP-excluded
Amplified	ambient/soundscape/insects/Bugsday15.ogg	BASE-DUP-excluded
Amplified	ambient/soundscape/insects/Bugsday16.ogg	BASE-DUP-excluded
Amplified	ambient/soundscape/insects/Bugsday17.ogg	BASE-DUP-excluded
Amplified	ambient/soundscape/insects/Bugsday18.ogg	BASE-DUP-excluded
Amplified	ambient/soundscape/insects/Bugsday19.ogg	BASE-DUP-excluded
Amplified	ambient/soundscape/insects/Bugsday2.ogg	BASE-DUP-excluded
Amplified	ambient/soundscape/insects/Bugsday20.ogg	BASE-DUP-excluded
Amplified	ambient/soundscape/insects/Bugsday21.ogg	off-scope-or-dup
Amplified	ambient/soundscape/insects/Bugsday22.ogg	off-scope-or-dup
Amplified	ambient/soundscape/insects/Bugsday23.ogg	off-scope-or-dup
Amplified	ambient/soundscape/insects/Bugsday24.ogg	off-scope-or-dup
Amplified	ambient/soundscape/insects/Bugsday25.ogg	off-scope-or-dup
Amplified	ambient/soundscape/insects/Bugsday26.ogg	off-scope-or-dup
Amplified	ambient/soundscape/insects/Bugsday27.ogg	off-scope-or-dup
Amplified	ambient/soundscape/insects/Bugsday28.ogg	off-scope-or-dup
Amplified	ambient/soundscape/insects/Bugsday29.ogg	off-scope-or-dup
Amplified	ambient/soundscape/insects/Bugsday3.ogg	BASE-DUP-excluded
Amplified	ambient/soundscape/insects/Bugsday30.ogg	off-scope-or-dup
Amplified	ambient/soundscape/insects/Bugsday31.ogg	off-scope-or-dup
Amplified	ambient/soundscape/insects/Bugsday32.ogg	off-scope-or-dup
Amplified	ambient/soundscape/insects/Bugsday33.ogg	off-scope-or-dup
Amplified	ambient/soundscape/insects/Bugsday34.ogg	off-scope-or-dup
Amplified	ambient/soundscape/insects/Bugsday35.ogg	off-scope-or-dup
Amplified	ambient/soundscape/insects/Bugsday36.ogg	off-scope-or-dup
Amplified	ambient/soundscape/insects/Bugsday37.ogg	off-scope-or-dup
Amplified	ambient/soundscape/insects/Bugsday38.ogg	off-scope-or-dup
Amplified	ambient/soundscape/insects/Bugsday39.ogg	off-scope-or-dup
Amplified	ambient/soundscape/insects/Bugsday4.ogg	BASE-DUP-excluded
Amplified	ambient/soundscape/insects/Bugsday40.ogg	off-scope-or-dup
Amplified	ambient/soundscape/insects/Bugsday41.ogg	off-scope-or-dup
Amplified	ambient/soundscape/insects/Bugsday5.ogg	BASE-DUP-excluded
Amplified	ambient/soundscape/insects/Bugsday6.ogg	BASE-DUP-excluded
Amplified	ambient/soundscape/insects/Bugsday7.ogg	BASE-DUP-excluded
Amplified	ambient/soundscape/insects/Bugsday8.ogg	BASE-DUP-excluded
Amplified	ambient/soundscape/insects/Bugsday9.ogg	BASE-DUP-excluded
Amplified	ambient/soundscape/insects/Bugsnight1.ogg	BASE-DUP-excluded
Amplified	ambient/soundscape/insects/Bugsnight10.ogg	BASE-DUP-excluded
Amplified	ambient/soundscape/insects/Bugsnight11.ogg	BASE-DUP-excluded
Amplified	ambient/soundscape/insects/Bugsnight12.ogg	BASE-DUP-excluded
Amplified	ambient/soundscape/insects/Bugsnight13.ogg	BASE-DUP-excluded
Amplified	ambient/soundscape/insects/Bugsnight14.ogg	BASE-DUP-excluded
Amplified	ambient/soundscape/insects/Bugsnight15.ogg	BASE-DUP-excluded
Amplified	ambient/soundscape/insects/Bugsnight16.ogg	BASE-DUP-excluded
Amplified	ambient/soundscape/insects/Bugsnight17.ogg	BASE-DUP-excluded
Amplified	ambient/soundscape/insects/Bugsnight18.ogg	off-scope-or-dup
Amplified	ambient/soundscape/insects/Bugsnight19.ogg	off-scope-or-dup
Amplified	ambient/soundscape/insects/Bugsnight2.ogg	BASE-DUP-excluded
Amplified	ambient/soundscape/insects/Bugsnight20.ogg	off-scope-or-dup
Amplified	ambient/soundscape/insects/Bugsnight21.ogg	off-scope-or-dup
Amplified	ambient/soundscape/insects/Bugsnight22.ogg	off-scope-or-dup
Amplified	ambient/soundscape/insects/Bugsnight23.ogg	off-scope-or-dup
Amplified	ambient/soundscape/insects/Bugsnight24.ogg	off-scope-or-dup
Amplified	ambient/soundscape/insects/Bugsnight25.ogg	off-scope-or-dup
Amplified	ambient/soundscape/insects/Bugsnight26.ogg	off-scope-or-dup
Amplified	ambient/soundscape/insects/Bugsnight27.ogg	off-scope-or-dup
Amplified	ambient/soundscape/insects/Bugsnight28.ogg	off-scope-or-dup
Amplified	ambient/soundscape/insects/Bugsnight3.ogg	BASE-DUP-excluded
Amplified	ambient/soundscape/insects/Bugsnight4.ogg	BASE-DUP-excluded
Amplified	ambient/soundscape/insects/Bugsnight5.ogg	BASE-DUP-excluded
Amplified	ambient/soundscape/insects/Bugsnight6.ogg	BASE-DUP-excluded
Amplified	ambient/soundscape/insects/Bugsnight7.ogg	BASE-DUP-excluded
Amplified	ambient/soundscape/insects/Bugsnight8.ogg	BASE-DUP-excluded
Amplified	ambient/soundscape/insects/Bugsnight9.ogg	BASE-DUP-excluded
Amplified	ambient/soundscape/insects/bugswamp1.ogg	off-scope-or-dup
Amplified	ambient/soundscape/insects/bugswamp10.ogg	off-scope-or-dup
Amplified	ambient/soundscape/insects/bugswamp11.ogg	off-scope-or-dup
Amplified	ambient/soundscape/insects/bugswamp12.ogg	off-scope-or-dup
Amplified	ambient/soundscape/insects/bugswamp13.ogg	off-scope-or-dup
Amplified	ambient/soundscape/insects/bugswamp14.ogg	off-scope-or-dup
Amplified	ambient/soundscape/insects/bugswamp15.ogg	off-scope-or-dup
Amplified	ambient/soundscape/insects/bugswamp16.ogg	off-scope-or-dup
Amplified	ambient/soundscape/insects/bugswamp17.ogg	off-scope-or-dup
Amplified	ambient/soundscape/insects/bugswamp18.ogg	off-scope-or-dup
Amplified	ambient/soundscape/insects/bugswamp19.ogg	off-scope-or-dup
Amplified	ambient/soundscape/insects/bugswamp2.ogg	off-scope-or-dup
Amplified	ambient/soundscape/insects/bugswamp20.ogg	off-scope-or-dup
Amplified	ambient/soundscape/insects/bugswamp21.ogg	off-scope-or-dup
Amplified	ambient/soundscape/insects/bugswamp22.ogg	off-scope-or-dup
Amplified	ambient/soundscape/insects/bugswamp23.ogg	off-scope-or-dup
Amplified	ambient/soundscape/insects/bugswamp24.ogg	off-scope-or-dup
Amplified	ambient/soundscape/insects/bugswamp25.ogg	off-scope-or-dup
Amplified	ambient/soundscape/insects/bugswamp26.ogg	off-scope-or-dup
Amplified	ambient/soundscape/insects/bugswamp27.ogg	off-scope-or-dup
Amplified	ambient/soundscape/insects/bugswamp28.ogg	off-scope-or-dup
Amplified	ambient/soundscape/insects/bugswamp3.ogg	off-scope-or-dup
Amplified	ambient/soundscape/insects/bugswamp4.ogg	off-scope-or-dup
Amplified	ambient/soundscape/insects/bugswamp5.ogg	off-scope-or-dup
Amplified	ambient/soundscape/insects/bugswamp6.ogg	off-scope-or-dup
Amplified	ambient/soundscape/insects/bugswamp7.ogg	off-scope-or-dup
Amplified	ambient/soundscape/insects/bugswamp8.ogg	off-scope-or-dup
Amplified	ambient/soundscape/insects/bugswamp9.ogg	off-scope-or-dup
Amplified	ambient/soundscape/insects/stereo/Bugday1.ogg	off-scope-or-dup
Amplified	ambient/soundscape/insects/stereo/Bugday10.ogg	off-scope-or-dup
Amplified	ambient/soundscape/insects/stereo/Bugday11.ogg	off-scope-or-dup
Amplified	ambient/soundscape/insects/stereo/Bugday12.ogg	off-scope-or-dup
Amplified	ambient/soundscape/insects/stereo/Bugday13.ogg	off-scope-or-dup
Amplified	ambient/soundscape/insects/stereo/Bugday14.ogg	off-scope-or-dup
Amplified	ambient/soundscape/insects/stereo/Bugday15.ogg	off-scope-or-dup
Amplified	ambient/soundscape/insects/stereo/Bugday16.ogg	off-scope-or-dup
Amplified	ambient/soundscape/insects/stereo/Bugday17.ogg	off-scope-or-dup
Amplified	ambient/soundscape/insects/stereo/Bugday18.ogg	off-scope-or-dup
Amplified	ambient/soundscape/insects/stereo/Bugday19.ogg	off-scope-or-dup
Amplified	ambient/soundscape/insects/stereo/Bugday2.ogg	off-scope-or-dup
Amplified	ambient/soundscape/insects/stereo/Bugday20.ogg	off-scope-or-dup
Amplified	ambient/soundscape/insects/stereo/Bugday21.ogg	off-scope-or-dup
Amplified	ambient/soundscape/insects/stereo/Bugday22.ogg	off-scope-or-dup
Amplified	ambient/soundscape/insects/stereo/Bugday23.ogg	off-scope-or-dup
Amplified	ambient/soundscape/insects/stereo/Bugday24.ogg	off-scope-or-dup
Amplified	ambient/soundscape/insects/stereo/Bugday25.ogg	off-scope-or-dup
Amplified	ambient/soundscape/insects/stereo/Bugday26.ogg	off-scope-or-dup
Amplified	ambient/soundscape/insects/stereo/Bugday27.ogg	off-scope-or-dup
Amplified	ambient/soundscape/insects/stereo/Bugday28.ogg	off-scope-or-dup
Amplified	ambient/soundscape/insects/stereo/Bugday29.ogg	off-scope-or-dup
Amplified	ambient/soundscape/insects/stereo/Bugday3.ogg	off-scope-or-dup
Amplified	ambient/soundscape/insects/stereo/Bugday30.ogg	off-scope-or-dup
Amplified	ambient/soundscape/insects/stereo/Bugday31.ogg	off-scope-or-dup
Amplified	ambient/soundscape/insects/stereo/Bugday4.ogg	off-scope-or-dup
Amplified	ambient/soundscape/insects/stereo/Bugday5.ogg	off-scope-or-dup
Amplified	ambient/soundscape/insects/stereo/Bugday6.ogg	off-scope-or-dup
Amplified	ambient/soundscape/insects/stereo/Bugday7.ogg	off-scope-or-dup
Amplified	ambient/soundscape/insects/stereo/Bugday8.ogg	off-scope-or-dup
Amplified	ambient/soundscape/insects/stereo/Bugday9.ogg	off-scope-or-dup
Amplified	ambient/soundscape/mutants/bloodsucker/distant_1.ogg	USED-shipped
Amplified	ambient/soundscape/mutants/bloodsucker/distant_2.ogg	USED-shipped
Amplified	ambient/soundscape/mutants/bloodsucker/distant_3.ogg	USED-shipped
Amplified	ambient/soundscape/mutants/bloodsucker/distant_4.ogg	USED-shipped
Amplified	ambient/soundscape/mutants/bloodsucker/distant_5.ogg	USED-shipped
Amplified	ambient/soundscape/mutants/boar/distant_1.ogg	USED-shipped
Amplified	ambient/soundscape/mutants/boar/distant_2.ogg	USED-shipped
Amplified	ambient/soundscape/mutants/boar/distant_3.ogg	USED-shipped
Amplified	ambient/soundscape/mutants/boar/distant_4.ogg	USED-shipped
Amplified	ambient/soundscape/mutants/boar/distant_5.ogg	USED-shipped
Amplified	ambient/soundscape/mutants/burer/distant_1.ogg	USED-shipped
Amplified	ambient/soundscape/mutants/burer/distant_2.ogg	USED-shipped
Amplified	ambient/soundscape/mutants/burer/distant_3.ogg	USED-shipped
Amplified	ambient/soundscape/mutants/burer/distant_4.ogg	USED-shipped
Amplified	ambient/soundscape/mutants/burer/distant_5.ogg	USED-shipped
Amplified	ambient/soundscape/mutants/burer/distant_6.ogg	USED-shipped
Amplified	ambient/soundscape/mutants/burer/distant_7.ogg	USED-shipped
Amplified	ambient/soundscape/mutants/cat/distant_1.ogg	USED-shipped
Amplified	ambient/soundscape/mutants/cat/distant_1b.ogg	USED-shipped
Amplified	ambient/soundscape/mutants/cat/distant_2.ogg	USED-shipped
Amplified	ambient/soundscape/mutants/cat/distant_2b.ogg	USED-shipped
Amplified	ambient/soundscape/mutants/cat/distant_3.ogg	USED-shipped
Amplified	ambient/soundscape/mutants/cat/distant_3b.ogg	USED-shipped
Amplified	ambient/soundscape/mutants/chimera/distant_1.ogg	USED-shipped
Amplified	ambient/soundscape/mutants/chimera/distant_2.ogg	USED-shipped
Amplified	ambient/soundscape/mutants/chimera/distant_3.ogg	USED-shipped
Amplified	ambient/soundscape/mutants/chimera/distant_4.ogg	USED-shipped
Amplified	ambient/soundscape/mutants/chimera/distant_5.ogg	USED-shipped
Amplified	ambient/soundscape/mutants/chimera/distant_6.ogg	USED-shipped
Amplified	ambient/soundscape/mutants/chimera/distant_7.ogg	USED-shipped
Amplified	ambient/soundscape/mutants/chimera/distant_8.ogg	USED-shipped
Amplified	ambient/soundscape/mutants/controller/distant_1.ogg	BASE-DUP-excluded
Amplified	ambient/soundscape/mutants/controller/distant_2.ogg	USED-shipped
Amplified	ambient/soundscape/mutants/controller/distant_3.ogg	BASE-DUP-excluded
Amplified	ambient/soundscape/mutants/controller/distant_4.ogg	BASE-DUP-excluded
Amplified	ambient/soundscape/mutants/controller/distant_5.ogg	USED-shipped
Amplified	ambient/soundscape/mutants/controller/distant_6.ogg	USED-shipped
Amplified	ambient/soundscape/mutants/controller/distant_7.ogg	USED-shipped
Amplified	ambient/soundscape/mutants/dog/distant_1.ogg	USED-shipped
Amplified	ambient/soundscape/mutants/dog/distant_2.ogg	USED-shipped
Amplified	ambient/soundscape/mutants/dog/distant_3.ogg	USED-shipped
Amplified	ambient/soundscape/mutants/dog/distant_4.ogg	USED-shipped
Amplified	ambient/soundscape/mutants/dog/distant_5.ogg	USED-shipped
Amplified	ambient/soundscape/mutants/dog/distant_6.ogg	USED-shipped
Amplified	ambient/soundscape/mutants/dog/distant_7.ogg	USED-shipped
Amplified	ambient/soundscape/mutants/dog/distant_8.ogg	USED-shipped
Amplified	ambient/soundscape/mutants/flesh/distant_1.ogg	USED-shipped
Amplified	ambient/soundscape/mutants/flesh/distant_2.ogg	USED-shipped
Amplified	ambient/soundscape/mutants/flesh/distant_3.ogg	USED-shipped
Amplified	ambient/soundscape/mutants/flesh/distant_4.ogg	USED-shipped
Amplified	ambient/soundscape/mutants/flesh/distant_5.ogg	USED-shipped
Amplified	ambient/soundscape/mutants/fracture/distant_1.ogg	USED-shipped
Amplified	ambient/soundscape/mutants/fracture/distant_2.ogg	USED-shipped
Amplified	ambient/soundscape/mutants/fracture/distant_3.ogg	USED-shipped
Amplified	ambient/soundscape/mutants/fracture/distant_4.ogg	USED-shipped
Amplified	ambient/soundscape/mutants/fracture/distant_5.ogg	USED-shipped
Amplified	ambient/soundscape/mutants/fracture/distant_6.ogg	USED-shipped
Amplified	ambient/soundscape/mutants/giant/distant_1.ogg	USED-shipped
Amplified	ambient/soundscape/mutants/giant/distant_2.ogg	USED-shipped
Amplified	ambient/soundscape/mutants/giant/distant_3.ogg	USED-shipped
Amplified	ambient/soundscape/mutants/giant/distant_4.ogg	USED-shipped
Amplified	ambient/soundscape/mutants/giant/distant_5.ogg	USED-shipped
Amplified	ambient/soundscape/mutants/lurker/back/distant_1b.ogg	USED-shipped
Amplified	ambient/soundscape/mutants/lurker/back/distant_2 lurk.ogg	USED-shipped
Amplified	ambient/soundscape/mutants/lurker/back/distant_2b.ogg	USED-shipped
Amplified	ambient/soundscape/mutants/lurker/distant_1.ogg	USED-shipped
Amplified	ambient/soundscape/mutants/lurker/distant_2.ogg	USED-shipped
Amplified	ambient/soundscape/mutants/lurker/distant_3.ogg	USED-shipped
Amplified	ambient/soundscape/mutants/lurker/distant_4.ogg	USED-shipped
Amplified	ambient/soundscape/mutants/lurker/olddistant_1.ogg	USED-shipped
Amplified	ambient/soundscape/mutants/poltergeist/distant_1.ogg	USED-shipped
Amplified	ambient/soundscape/mutants/poltergeist/distant_2.ogg	USED-shipped
Amplified	ambient/soundscape/mutants/poltergeist/distant_3.ogg	USED-shipped
Amplified	ambient/soundscape/mutants/poltergeist/distant_4.ogg	USED-shipped
Amplified	ambient/soundscape/mutants/poltergeist/distant_5.ogg	USED-shipped
Amplified	ambient/soundscape/mutants/poltergeist/distant_6.ogg	USED-shipped
Amplified	ambient/soundscape/mutants/poltergeist/distant_7.ogg	BASE-DUP-excluded
Amplified	ambient/soundscape/mutants/poltergeist/distant_8.ogg	USED-shipped
Amplified	ambient/soundscape/mutants/poltergeist/distant_9.ogg	USED-shipped
Amplified	ambient/soundscape/mutants/psysucker/distant_1.ogg	USED-shipped
Amplified	ambient/soundscape/mutants/psysucker/distant_2.ogg	USED-shipped
Amplified	ambient/soundscape/mutants/psysucker/distant_3.ogg	USED-shipped
Amplified	ambient/soundscape/mutants/psysucker/distant_4.ogg	USED-shipped
Amplified	ambient/soundscape/mutants/psysucker/distant_5.ogg	USED-shipped
Amplified	ambient/soundscape/mutants/snork/bck/distant_1b.ogg	BASE-DUP-excluded
Amplified	ambient/soundscape/mutants/snork/bck/distant_2b.ogg	USED-shipped
Amplified	ambient/soundscape/mutants/snork/bck/distant_3b.ogg	BASE-DUP-excluded
Amplified	ambient/soundscape/mutants/snork/bck/distant_4b.ogg	USED-shipped
Amplified	ambient/soundscape/mutants/snork/distant_1.ogg	USED-shipped
Amplified	ambient/soundscape/mutants/snork/distant_2.ogg	USED-shipped
Amplified	ambient/soundscape/mutants/snork/distant_3.ogg	USED-shipped
Amplified	ambient/soundscape/mutants/snork/distant_4.ogg	USED-shipped
Amplified	ambient/soundscape/mutants/snork/distant_5.ogg	USED-shipped
Amplified	ambient/soundscape/mutants/snork/distant_6.ogg	USED-shipped
Amplified	ambient/soundscape/mutants/wolf/distant_1.ogg	USED-shipped
Amplified	ambient/soundscape/mutants/wolf/distant_10.ogg	USED-shipped
Amplified	ambient/soundscape/mutants/wolf/distant_2.ogg	USED-shipped
Amplified	ambient/soundscape/mutants/wolf/distant_3.ogg	USED-shipped
Amplified	ambient/soundscape/mutants/wolf/distant_4.ogg	USED-shipped
Amplified	ambient/soundscape/mutants/wolf/distant_5.ogg	USED-shipped
Amplified	ambient/soundscape/mutants/wolf/distant_6.ogg	USED-shipped
Amplified	ambient/soundscape/mutants/wolf/distant_7.ogg	USED-shipped
Amplified	ambient/soundscape/mutants/wolf/distant_8.ogg	USED-shipped
Amplified	ambient/soundscape/mutants/wolf/distant_9.ogg	USED-shipped
Amplified	ambient/soundscape/mutants/zombie/distant_1.ogg	USED-shipped
Amplified	ambient/soundscape/mutants/zombie/distant_1b.ogg	INTRA-DUP-excluded
Amplified	ambient/soundscape/mutants/zombie/distant_2.ogg	USED-shipped
Amplified	ambient/soundscape/mutants/zombie/distant_3.ogg	USED-shipped
Amplified	ambient/soundscape/mutants/zombie/distant_4.ogg	USED-shipped
Amplified	ambient/soundscape/mutants/zombie/distant_5.ogg	USED-shipped
Amplified	ambient/soundscape/mutants/zombie/distant_6.ogg	USED-shipped
Amplified	ambient/soundscape/mutants/zombie/distant_7.ogg	USED-shipped
Amplified	ambient/soundscape/nature/close1.ogg	off-scope-or-dup
Amplified	ambient/soundscape/nature/close2.ogg	off-scope-or-dup
Amplified	ambient/soundscape/nature/close3.ogg	off-scope-or-dup
Amplified	ambient/soundscape/nature/close4.ogg	off-scope-or-dup
Amplified	ambient/soundscape/nature/close5.ogg	off-scope-or-dup
Amplified	ambient/soundscape/nature/close6.ogg	off-scope-or-dup
Amplified	ambient/soundscape/nature/close7.ogg	off-scope-or-dup
Amplified	ambient/soundscape/nature/close8.ogg	off-scope-or-dup
Amplified	ambient/soundscape/nature/medium1.ogg	off-scope-or-dup
Amplified	ambient/soundscape/nature/medium2.ogg	off-scope-or-dup
Amplified	ambient/soundscape/nature/medium3.ogg	off-scope-or-dup
Amplified	ambient/soundscape/nature/medium4.ogg	off-scope-or-dup
Amplified	ambient/soundscape/nature/medium5.ogg	off-scope-or-dup
Amplified	ambient/soundscape/nature/medium6.ogg	off-scope-or-dup
Amplified	ambient/soundscape/nature/new_thunder1_hec.ogg	HELD-loop-surplus
Amplified	ambient/soundscape/nature/new_thunder2_hec.ogg	HELD-loop-surplus
Amplified	ambient/soundscape/nature/new_thunder3_hec.ogg	HELD-loop-surplus
Amplified	ambient/soundscape/nature/new_thunder4_hec.ogg	HELD-loop-surplus
Amplified	ambient/soundscape/nature/pre_storm_1.ogg	USED-shipped
Amplified	ambient/soundscape/nature/pre_storm_2.ogg	HELD-loop-surplus
Amplified	ambient/soundscape/nature/pre_storm_3.ogg	USED-shipped
Amplified	ambient/soundscape/nature/pre_storm_4.ogg	HELD-loop-surplus
Amplified	ambient/soundscape/nature/pre_storm_5.ogg	HELD-loop-surplus
Amplified	ambient/soundscape/nature/storm_1.ogg	USED-shipped
Amplified	ambient/soundscape/nature/storm_2.ogg	USED-shipped
Amplified	ambient/soundscape/nature/storm_3.ogg	HELD-loop-surplus
Amplified	ambient/soundscape/nature/storm_4.ogg	USED-shipped
Amplified	ambient/soundscape/nature/storm_5.ogg	USED-shipped
Amplified	ambient/soundscape/nature/thunder-0-hec.ogg	HELD-loop-surplus
Amplified	ambient/soundscape/nature/thunder-0.ogg	HELD-loop-surplus
Amplified	ambient/soundscape/nature/thunder-1.ogg	HELD-loop-surplus
Amplified	ambient/soundscape/nature/thunder-2.ogg	HELD-loop-surplus
Amplified	ambient/soundscape/nature/thunder-3-hec.ogg	HELD-loop-surplus
Amplified	ambient/soundscape/nature/thunder-3.ogg	USED-shipped
Amplified	ambient/soundscape/nature/thunder-4.ogg	USED-shipped
Amplified	ambient/soundscape/nature/thunderfar_1.ogg	HELD-loop-surplus
Amplified	ambient/soundscape/nature/thunderfar_2.ogg	HELD-loop-surplus
Amplified	ambient/soundscape/nature/thunderfar_3.ogg	HELD-loop-surplus
Amplified	ambient/soundscape/nature/thunderfar_4.ogg	HELD-loop-surplus
Amplified	ambient/soundscape/nature/thundernew1.ogg	HELD-loop-surplus
Amplified	ambient/soundscape/nature/thundernew2.ogg	USED-shipped
Amplified	ambient/soundscape/nature/thundernew3.ogg	HELD-loop-surplus
Amplified	ambient/soundscape/nature/thundernew4.ogg	HELD-loop-surplus
Amplified	ambient/soundscape/nature/thundernew5.ogg	HELD-loop-surplus
Amplified	ambient/soundscape/nature/thundernew6.ogg	HELD-loop-surplus
Amplified	ambient/soundscape/nature/very_close1.ogg	off-scope-or-dup
Amplified	ambient/soundscape/nature/very_close2.ogg	off-scope-or-dup
Amplified	ambient/soundscape/nature/very_close3.ogg	off-scope-or-dup
Amplified	ambient/soundscape/nature/very_close4.ogg	off-scope-or-dup
Amplified	ambient/soundscape/nature/very_close5.ogg	off-scope-or-dup
Amplified	ambient/soundscape/nature/very_close6.ogg	off-scope-or-dup
Amplified	ambient/soundscape/nature/very_close7.ogg	off-scope-or-dup
Amplified	ambient/soundscape/nature/very_far1.ogg	off-scope-or-dup
Amplified	ambient/soundscape/nature/very_far2.ogg	off-scope-or-dup
Amplified	ambient/soundscape/nature/very_far3.ogg	off-scope-or-dup
Amplified	ambient/soundscape/nature/very_far4.ogg	off-scope-or-dup
Amplified	ambient/soundscape/nature/very_far5.ogg	off-scope-or-dup
Amplified	ambient/soundscape/nature/wind_dark/sound_01.ogg	BASE-DUP-excluded
Amplified	ambient/soundscape/nature/wind_dark/sound_02.ogg	BASE-DUP-excluded
Amplified	ambient/soundscape/nature/wind_dark/sound_03.ogg	BASE-DUP-excluded
Amplified	ambient/soundscape/nature/wind_dark/sound_04.ogg	BASE-DUP-excluded
Amplified	ambient/soundscape/nature/wind_dark/sound_05.ogg	BASE-DUP-excluded
Amplified	ambient/soundscape/nature/wind_dark/sound_06.ogg	BASE-DUP-excluded
Amplified	ambient/soundscape/nature/wind_forest/sound_01.ogg	BASE-DUP-excluded
Amplified	ambient/soundscape/nature/wind_forest/sound_02.ogg	BASE-DUP-excluded
Amplified	ambient/soundscape/nature/wind_forest/sound_03.ogg	BASE-DUP-excluded
Amplified	ambient/soundscape/nature/wind_forest/sound_04.ogg	BASE-DUP-excluded
Amplified	ambient/soundscape/nature/wind_forest/sound_05.ogg	BASE-DUP-excluded
Amplified	ambient/soundscape/nature/wind_gust/rnd_wind_1.ogg	BASE-DUP-excluded
Amplified	ambient/soundscape/nature/wind_gust/rnd_wind_2.ogg	BASE-DUP-excluded
Amplified	ambient/soundscape/nature/wind_gust/rnd_wind_2_restored.ogg	BASE-DUP-excluded
Amplified	ambient/soundscape/nature/wind_gust/rnd_wind_3.ogg	BASE-DUP-excluded
Amplified	ambient/soundscape/nature/wind_gust/rnd_wind_3_restored.ogg	BASE-DUP-excluded
Amplified	ambient/soundscape/nature/wind_gust/sound_01.ogg	off-scope-or-dup
Amplified	ambient/soundscape/nature/wind_gust/sound_02.ogg	off-scope-or-dup
Amplified	ambient/soundscape/nature/wind_gust/sound_03.ogg	off-scope-or-dup
Amplified	ambient/soundscape/nature/wind_gust/sound_04.ogg	off-scope-or-dup
Amplified	ambient/soundscape/nature/wind_gust/sound_05.ogg	off-scope-or-dup
Amplified	ambient/soundscape/nature/wind_gust/sound_06.ogg	off-scope-or-dup
Amplified	ambient/soundscape/nature/wind_gust/sound_07.ogg	off-scope-or-dup
Amplified	ambient/soundscape/nature/wind_gust/sound_08.ogg	off-scope-or-dup
Amplified	ambient/soundscape/nature/wind_gust/sound_09.ogg	off-scope-or-dup
Amplified	ambient/soundscape/nature/wind_gust/sound_10.ogg	off-scope-or-dup
Amplified	ambient/soundscape/nature/wind_gust/sound_11.ogg	off-scope-or-dup
Amplified	ambient/soundscape/nature/wind_gust/sound_12.ogg	off-scope-or-dup
Amplified	ambient/soundscape/nature/wind_gust/sound_13.ogg	off-scope-or-dup
Amplified	ambient/soundscape/nature/wind_gust/sound_14.ogg	off-scope-or-dup
Amplified	ambient/soundscape/nature/wind_gust/sound_15.ogg	off-scope-or-dup
Amplified	ambient/soundscape/nature/wind_gust/sound_16.ogg	off-scope-or-dup
Amplified	ambient/soundscape/nature/wind_gust/sound_17.ogg	off-scope-or-dup
Amplified	ambient/soundscape/nature/wind_gust/sound_18.ogg	off-scope-or-dup
Amplified	ambient/soundscape/nature/wind_gust/sound_19.ogg	off-scope-or-dup
Amplified	ambient/soundscape/nature/wind_gust/sound_20.ogg	off-scope-or-dup
Amplified	ambient/soundscape/nature/wind_gust/sound_21.ogg	off-scope-or-dup
Amplified	ambient/soundscape/nature/wind_gust/sound_22.ogg	off-scope-or-dup
Amplified	ambient/soundscape/nature/wind_gust/sound_23.ogg	off-scope-or-dup
Amplified	ambient/soundscape/nature/wind_gust/sound_24.ogg	off-scope-or-dup
Amplified	ambient/soundscape/nature/wind_gust/wind_gust_01.ogg	BASE-DUP-excluded
Amplified	ambient/soundscape/nature/wind_gust/wind_gust_02.ogg	BASE-DUP-excluded
Amplified	ambient/soundscape/nature/wind_gust/wind_gust_03.ogg	BASE-DUP-excluded
Amplified	ambient/soundscape/nature/wind_gust/wind_gust_04.ogg	BASE-DUP-excluded
Amplified	ambient/soundscape/nature/wind_gust/wind_gust_05.ogg	BASE-DUP-excluded
Amplified	ambient/soundscape/nature/wind_gust/wind_gust_06.ogg	BASE-DUP-excluded
Amplified	ambient/soundscape/nature/wind_heavy/sound_01.ogg	BASE-DUP-excluded
Amplified	ambient/soundscape/nature/wind_heavy/sound_02.ogg	BASE-DUP-excluded
Amplified	ambient/soundscape/nature/wind_heavy/sound_03.ogg	BASE-DUP-excluded
Amplified	ambient/soundscape/nature/wind_heavy/sound_04.ogg	BASE-DUP-excluded
Amplified	ambient/soundscape/nature/wind_normal/sound_01.ogg	BASE-DUP-excluded
Amplified	ambient/soundscape/nature/wind_normal/sound_02.ogg	BASE-DUP-excluded
Amplified	ambient/soundscape/nature/wind_normal/sound_03.ogg	BASE-DUP-excluded
Amplified	ambient/soundscape/nature/wind_normal/sound_04.ogg	BASE-DUP-excluded
Amplified	ambient/soundscape/nature/wind_normal/sound_05.ogg	BASE-DUP-excluded
Amplified	ambient/soundscape/nature/wind_normal/sound_06.ogg	BASE-DUP-excluded
Amplified	ambient/soundscape/nature/wind_normal/sound_07.ogg	BASE-DUP-excluded
Amplified	ambient/soundscape/nature/wind_normal/sound_08.ogg	BASE-DUP-excluded
Amplified	ambient/soundscape/nature/wind_normal/sound_09.ogg	BASE-DUP-excluded
Amplified	ambient/soundscape/nature/wind_normal/sound_10.ogg	BASE-DUP-excluded
Amplified	ambient/soundscape/nature/wind_normal/sound_11.ogg	BASE-DUP-excluded
Amplified	ambient/soundscape/nature/wind_normal/sound_12.ogg	BASE-DUP-excluded
Amplified	ambient/soundscape/nature/wind_normal/sound_13.ogg	BASE-DUP-excluded
Amplified	ambient/soundscape/nature/wind_normal/sound_14.ogg	BASE-DUP-excluded
Amplified	ambient/soundscape/nature/wind_normal/sound_15.ogg	BASE-DUP-excluded
Amplified	ambient/soundscape/nature/wind_normal/sound_16.ogg	BASE-DUP-excluded
Amplified	ambient/soundscape/nature/wind_tuman/sound_01.ogg	BASE-DUP-excluded
Amplified	ambient/soundscape/nature/wind_tuman/sound_02.ogg	BASE-DUP-excluded
Amplified	ambient/soundscape/nature/wind_tuman/sound_03.ogg	BASE-DUP-excluded
Amplified	ambient/soundscape/nature/wind_tuman/sound_04.ogg	BASE-DUP-excluded
Amplified	ambient/soundscape/nature/wind_tuman/sound_05.ogg	BASE-DUP-excluded
Amplified	ambient/soundscape/nature/wind_tuman/sound_06.ogg	BASE-DUP-excluded
Amplified	ambient/soundscape/nature/wind_tuman/sound_07.ogg	BASE-DUP-excluded
Amplified	ambient/soundscape/nature/wind_tuman/sound_08.ogg	BASE-DUP-excluded
Amplified	ambient/soundscape/nature/wind_tuman/sound_09.ogg	BASE-DUP-excluded
Amplified	ambient/soundscape/nature/wind_tuman/sound_10.ogg	BASE-DUP-excluded
Amplified	ambient/soundscape/nature/wind_tuman/sound_11.ogg	BASE-DUP-excluded
Amplified	ambient/soundscape/nature/wind_tuman/sound_12.ogg	BASE-DUP-excluded
Amplified	ambient/soundscape/nature/wind_tuman/sound_13.ogg	BASE-DUP-excluded
Amplified	ambient/soundscape/nature/wind_tuman/sound_14.ogg	BASE-DUP-excluded
Amplified	ambient/soundscape/rain/Rain_downpour.ogg	HELD-loop-surplus
Amplified	ambient/soundscape/rain/Rain_heavy.ogg	HELD-loop-surplus
Amplified	ambient/soundscape/rain/Rain_heavy_alt.ogg	HELD-loop-surplus
Amplified	ambient/soundscape/rain/Rain_inside_house.ogg	HELD-loop-surplus
Amplified	ambient/soundscape/rain/Rain_inside_medium.ogg	HELD-loop-surplus
Amplified	ambient/soundscape/rain/Rain_light.ogg	HELD-loop-surplus
Amplified	ambient/soundscape/rain/Rain_Metal_light.ogg	HELD-loop-surplus
Amplified	ambient/soundscape/rain/Rain_outside_medium.ogg	HELD-loop-surplus
Amplified	ambient/soundscape/rain/rain_roof_metal_high.ogg	HELD-loop-surplus
Amplified	ambient/soundscape/rain/Rain_storm.ogg	HELD-loop-surplus
Amplified	ambient/soundscape/rain/raingust1.ogg	HELD-loop-surplus
Amplified	ambient/soundscape/rain/raingust2.ogg	USED-shipped
Amplified	ambient/soundscape/rain/raingust3.ogg	HELD-loop-surplus
Amplified	ambient/soundscape/rain/raingust4.ogg	HELD-loop-surplus
Amplified	ambient/soundscape/rain/raingust5.ogg	HELD-loop-surplus
Amplified	ambient/soundscape/rain/raingust6.ogg	HELD-loop-surplus
Amplified	ambient/soundscape/rain/raingust7.ogg	USED-shipped
Amplified	ambient/soundscape/rain/raingust8.ogg	HELD-loop-surplus
Amplified	ambient/soundscape/rain/raingust9.ogg	HELD-loop-surplus
Amplified	ambient/soundscape/rain/raingustlite1.ogg	HELD-loop-surplus
Amplified	ambient/soundscape/rain/raingustlite2.ogg	USED-shipped
Amplified	ambient/soundscape/rain/raingustlite3.ogg	HELD-loop-surplus
Amplified	ambient/soundscape/rain/raingustlite4.ogg	HELD-loop-surplus
Amplified	ambient/soundscape/rain/raingustlite5.ogg	HELD-loop-surplus
Amplified	ambient/soundscape/rain/raingustlite6.ogg	HELD-loop-surplus
Amplified	ambient/soundscape/rain/raingustlite7.ogg	USED-shipped
Amplified	ambient/soundscape/rain/raingustlite8.ogg	HELD-loop-surplus
Amplified	ambient/soundscape/rain/raingustlite9.ogg	HELD-loop-surplus
Amplified	ambient/soundscape/rain/Urbanrain1.ogg	HELD-loop-surplus
Amplified	ambient/soundscape/rain/Urbanrain2.ogg	HELD-loop-surplus
Amplified	ambient/soundscape/rain/Urbanrain3.ogg	USED-shipped
Amplified	ambient/soundscape/rain/Urbanrain4.ogg	HELD-loop-surplus
Amplified	ambient/soundscape/rain/Urbanrain5.ogg	USED-shipped
Amplified	ambient/soundscape/rain/Urbanrain6.ogg	HELD-loop-surplus
Amplified	ambient/soundscape/rain/Urbanrain7.ogg	HELD-loop-surplus
Amplified	ambient/soundscape/rain/Urbanrain8.ogg	HELD-loop-surplus
Amplified	ambient/soundscape/rain/Urbanrainlite1.ogg	HELD-loop-surplus
Amplified	ambient/soundscape/rain/Urbanrainlite2.ogg	HELD-loop-surplus
Amplified	ambient/soundscape/rain/Urbanrainlite3.ogg	USED-shipped
Amplified	ambient/soundscape/rain/Urbanrainlite4.ogg	HELD-loop-surplus
Amplified	ambient/soundscape/rain/Urbanrainlite5.ogg	USED-shipped
Amplified	ambient/soundscape/rain/Urbanrainlite6.ogg	HELD-loop-surplus
Amplified	ambient/soundscape/rain/Urbanrainlite7.ogg	HELD-loop-surplus
Amplified	ambient/soundscape/rain/Urbanrainlite8.ogg	HELD-loop-surplus
Amplified	ambient/soundscape/Spoops/day_drones/drone1.ogg	HELD-loop-surplus
Amplified	ambient/soundscape/Spoops/day_drones/drone10.ogg	HELD-loop-surplus
Amplified	ambient/soundscape/Spoops/day_drones/drone11.ogg	HELD-loop-surplus
Amplified	ambient/soundscape/Spoops/day_drones/drone12.ogg	HELD-loop-surplus
Amplified	ambient/soundscape/Spoops/day_drones/drone13.ogg	HELD-loop-surplus
Amplified	ambient/soundscape/Spoops/day_drones/drone14.ogg	USED-shipped
Amplified	ambient/soundscape/Spoops/day_drones/drone15.ogg	INTRA-DUP-excluded
Amplified	ambient/soundscape/Spoops/day_drones/drone16.ogg	HELD-loop-surplus
Amplified	ambient/soundscape/Spoops/day_drones/drone17.ogg	BASE-DUP-excluded
Amplified	ambient/soundscape/Spoops/day_drones/drone18.ogg	BASE-DUP-excluded
Amplified	ambient/soundscape/Spoops/day_drones/drone19.ogg	USED-shipped
Amplified	ambient/soundscape/Spoops/day_drones/drone2.ogg	USED-shipped
Amplified	ambient/soundscape/Spoops/day_drones/drone20.ogg	HELD-loop-surplus
Amplified	ambient/soundscape/Spoops/day_drones/drone21.ogg	HELD-loop-surplus
Amplified	ambient/soundscape/Spoops/day_drones/drone22.ogg	HELD-loop-surplus
Amplified	ambient/soundscape/Spoops/day_drones/drone23.ogg	USED-shipped
Amplified	ambient/soundscape/Spoops/day_drones/drone24.ogg	USED-shipped
Amplified	ambient/soundscape/Spoops/day_drones/drone25.ogg	HELD-loop-surplus
Amplified	ambient/soundscape/Spoops/day_drones/drone3.ogg	USED-shipped
Amplified	ambient/soundscape/Spoops/day_drones/drone4.ogg	USED-shipped
Amplified	ambient/soundscape/Spoops/day_drones/drone5.ogg	HELD-loop-surplus
Amplified	ambient/soundscape/Spoops/day_drones/drone6.ogg	HELD-loop-surplus
Amplified	ambient/soundscape/Spoops/day_drones/drone7.ogg	USED-shipped
Amplified	ambient/soundscape/Spoops/day_drones/drone8.ogg	HELD-loop-surplus
Amplified	ambient/soundscape/Spoops/day_drones/drone9.ogg	HELD-loop-surplus
Amplified	ambient/soundscape/Spoops/day_spoops/sound1.ogg	USED-shipped
Amplified	ambient/soundscape/Spoops/day_spoops/sound10.ogg	USED-shipped
Amplified	ambient/soundscape/Spoops/day_spoops/sound11.ogg	USED-shipped
Amplified	ambient/soundscape/Spoops/day_spoops/sound12.ogg	USED-shipped
Amplified	ambient/soundscape/Spoops/day_spoops/sound13.ogg	USED-shipped
Amplified	ambient/soundscape/Spoops/day_spoops/sound14.ogg	USED-shipped
Amplified	ambient/soundscape/Spoops/day_spoops/sound15.ogg	USED-shipped
Amplified	ambient/soundscape/Spoops/day_spoops/sound16.ogg	USED-shipped
Amplified	ambient/soundscape/Spoops/day_spoops/sound17.ogg	USED-shipped
Amplified	ambient/soundscape/Spoops/day_spoops/sound18.ogg	USED-shipped
Amplified	ambient/soundscape/Spoops/day_spoops/sound19.ogg	HELD-loop-surplus
Amplified	ambient/soundscape/Spoops/day_spoops/sound2.ogg	USED-shipped
Amplified	ambient/soundscape/Spoops/day_spoops/sound20.ogg	USED-shipped
Amplified	ambient/soundscape/Spoops/day_spoops/sound21.ogg	USED-shipped
Amplified	ambient/soundscape/Spoops/day_spoops/sound22.ogg	USED-shipped
Amplified	ambient/soundscape/Spoops/day_spoops/sound23.ogg	USED-shipped
Amplified	ambient/soundscape/Spoops/day_spoops/sound24.ogg	USED-shipped
Amplified	ambient/soundscape/Spoops/day_spoops/sound25.ogg	USED-shipped
Amplified	ambient/soundscape/Spoops/day_spoops/sound26.ogg	USED-shipped
Amplified	ambient/soundscape/Spoops/day_spoops/sound27.ogg	BASE-DUP-excluded
Amplified	ambient/soundscape/Spoops/day_spoops/sound28.ogg	USED-shipped
Amplified	ambient/soundscape/Spoops/day_spoops/sound29.ogg	USED-shipped
Amplified	ambient/soundscape/Spoops/day_spoops/sound3.ogg	USED-shipped
Amplified	ambient/soundscape/Spoops/day_spoops/sound30.ogg	USED-shipped
Amplified	ambient/soundscape/Spoops/day_spoops/sound31.ogg	USED-shipped
Amplified	ambient/soundscape/Spoops/day_spoops/sound32.ogg	USED-shipped
Amplified	ambient/soundscape/Spoops/day_spoops/sound33.ogg	USED-shipped
Amplified	ambient/soundscape/Spoops/day_spoops/sound34.ogg	USED-shipped
Amplified	ambient/soundscape/Spoops/day_spoops/sound35.ogg	USED-shipped
Amplified	ambient/soundscape/Spoops/day_spoops/sound36.ogg	USED-shipped
Amplified	ambient/soundscape/Spoops/day_spoops/sound37.ogg	USED-shipped
Amplified	ambient/soundscape/Spoops/day_spoops/sound38.ogg	BASE-DUP-excluded
Amplified	ambient/soundscape/Spoops/day_spoops/sound39.ogg	BASE-DUP-excluded
Amplified	ambient/soundscape/Spoops/day_spoops/sound4.ogg	USED-shipped
Amplified	ambient/soundscape/Spoops/day_spoops/sound40.ogg	INTRA-DUP-excluded
Amplified	ambient/soundscape/Spoops/day_spoops/sound41.ogg	USED-shipped
Amplified	ambient/soundscape/Spoops/day_spoops/sound42.ogg	USED-shipped
Amplified	ambient/soundscape/Spoops/day_spoops/sound43.ogg	USED-shipped
Amplified	ambient/soundscape/Spoops/day_spoops/sound44.ogg	USED-shipped
Amplified	ambient/soundscape/Spoops/day_spoops/sound45.ogg	USED-shipped
Amplified	ambient/soundscape/Spoops/day_spoops/sound46.ogg	USED-shipped
Amplified	ambient/soundscape/Spoops/day_spoops/sound47.ogg	USED-shipped
Amplified	ambient/soundscape/Spoops/day_spoops/sound48.ogg	USED-shipped
Amplified	ambient/soundscape/Spoops/day_spoops/sound49.ogg	USED-shipped
Amplified	ambient/soundscape/Spoops/day_spoops/sound5.ogg	USED-shipped
Amplified	ambient/soundscape/Spoops/day_spoops/sound50.ogg	USED-shipped
Amplified	ambient/soundscape/Spoops/day_spoops/sound51.ogg	USED-shipped
Amplified	ambient/soundscape/Spoops/day_spoops/sound52.ogg	USED-shipped
Amplified	ambient/soundscape/Spoops/day_spoops/sound53.ogg	USED-shipped
Amplified	ambient/soundscape/Spoops/day_spoops/sound54.ogg	USED-shipped
Amplified	ambient/soundscape/Spoops/day_spoops/sound55.ogg	USED-shipped
Amplified	ambient/soundscape/Spoops/day_spoops/sound56.ogg	USED-shipped
Amplified	ambient/soundscape/Spoops/day_spoops/sound57.ogg	USED-shipped
Amplified	ambient/soundscape/Spoops/day_spoops/sound58.ogg	USED-shipped
Amplified	ambient/soundscape/Spoops/day_spoops/sound59.ogg	USED-shipped
Amplified	ambient/soundscape/Spoops/day_spoops/sound6.ogg	USED-shipped
Amplified	ambient/soundscape/Spoops/day_spoops/sound60.ogg	USED-shipped
Amplified	ambient/soundscape/Spoops/day_spoops/sound7.ogg	USED-shipped
Amplified	ambient/soundscape/Spoops/day_spoops/sound8.ogg	USED-shipped
Amplified	ambient/soundscape/Spoops/day_spoops/sound9.ogg	USED-shipped
Amplified	ambient/soundscape/Spoops/drones/drone1.ogg	HELD-loop-surplus
Amplified	ambient/soundscape/Spoops/drones/drone10.ogg	HELD-loop-surplus
Amplified	ambient/soundscape/Spoops/drones/drone11.ogg	USED-shipped
Amplified	ambient/soundscape/Spoops/drones/drone12.ogg	USED-shipped
Amplified	ambient/soundscape/Spoops/drones/drone13.ogg	USED-shipped
Amplified	ambient/soundscape/Spoops/drones/drone14.ogg	USED-shipped
Amplified	ambient/soundscape/Spoops/drones/drone15.ogg	USED-shipped
Amplified	ambient/soundscape/Spoops/drones/drone16.ogg	BASE-DUP-excluded
Amplified	ambient/soundscape/Spoops/drones/drone17.ogg	HELD-loop-surplus
Amplified	ambient/soundscape/Spoops/drones/drone18.ogg	BASE-DUP-excluded
Amplified	ambient/soundscape/Spoops/drones/drone19.ogg	USED-shipped
Amplified	ambient/soundscape/Spoops/drones/drone2.ogg	HELD-loop-surplus
Amplified	ambient/soundscape/Spoops/drones/drone20.ogg	HELD-loop-surplus
Amplified	ambient/soundscape/Spoops/drones/drone21.ogg	HELD-loop-surplus
Amplified	ambient/soundscape/Spoops/drones/drone22.ogg	HELD-loop-surplus
Amplified	ambient/soundscape/Spoops/drones/drone23.ogg	HELD-loop-surplus
Amplified	ambient/soundscape/Spoops/drones/drone24.ogg	HELD-loop-surplus
Amplified	ambient/soundscape/Spoops/drones/drone25.ogg	USED-shipped
Amplified	ambient/soundscape/Spoops/drones/drone26.ogg	USED-shipped
Amplified	ambient/soundscape/Spoops/drones/drone27.ogg	HELD-loop-surplus
Amplified	ambient/soundscape/Spoops/drones/drone28.ogg	HELD-loop-surplus
Amplified	ambient/soundscape/Spoops/drones/drone29.ogg	USED-shipped
Amplified	ambient/soundscape/Spoops/drones/drone3.ogg	HELD-loop-surplus
Amplified	ambient/soundscape/Spoops/drones/drone31.ogg	HELD-loop-surplus
Amplified	ambient/soundscape/Spoops/drones/drone32.ogg	HELD-loop-surplus
Amplified	ambient/soundscape/Spoops/drones/drone33.ogg	HELD-loop-surplus
Amplified	ambient/soundscape/Spoops/drones/drone34.ogg	HELD-loop-surplus
Amplified	ambient/soundscape/Spoops/drones/drone35.ogg	HELD-loop-surplus
Amplified	ambient/soundscape/Spoops/drones/drone36.ogg	HELD-loop-surplus
Amplified	ambient/soundscape/Spoops/drones/drone37.ogg	HELD-loop-surplus
Amplified	ambient/soundscape/Spoops/drones/drone38.ogg	HELD-loop-surplus
Amplified	ambient/soundscape/Spoops/drones/drone39.ogg	HELD-loop-surplus
Amplified	ambient/soundscape/Spoops/drones/drone4.ogg	HELD-loop-surplus
Amplified	ambient/soundscape/Spoops/drones/drone40.ogg	USED-shipped
Amplified	ambient/soundscape/Spoops/drones/drone41.ogg	HELD-loop-surplus
Amplified	ambient/soundscape/Spoops/drones/drone42.ogg	HELD-loop-surplus
Amplified	ambient/soundscape/Spoops/drones/drone5.ogg	HELD-loop-surplus
Amplified	ambient/soundscape/Spoops/drones/drone6.ogg	HELD-loop-surplus
Amplified	ambient/soundscape/Spoops/drones/drone7.ogg	HELD-loop-surplus
Amplified	ambient/soundscape/Spoops/drones/drone8.ogg	USED-shipped
Amplified	ambient/soundscape/Spoops/drones/drone9.ogg	USED-shipped
Amplified	ambient/soundscape/Spoops/night_spoops/sound1.ogg	USED-shipped
Amplified	ambient/soundscape/Spoops/night_spoops/sound10.ogg	BASE-DUP-excluded
Amplified	ambient/soundscape/Spoops/night_spoops/sound11.ogg	USED-shipped
Amplified	ambient/soundscape/Spoops/night_spoops/sound12.ogg	USED-shipped
Amplified	ambient/soundscape/Spoops/night_spoops/sound13.ogg	USED-shipped
Amplified	ambient/soundscape/Spoops/night_spoops/sound14.ogg	USED-shipped
Amplified	ambient/soundscape/Spoops/night_spoops/sound15.ogg	USED-shipped
Amplified	ambient/soundscape/Spoops/night_spoops/sound16.ogg	USED-shipped
Amplified	ambient/soundscape/Spoops/night_spoops/sound17.ogg	USED-shipped
Amplified	ambient/soundscape/Spoops/night_spoops/sound18.ogg	BASE-DUP-excluded
Amplified	ambient/soundscape/Spoops/night_spoops/sound19.ogg	USED-shipped
Amplified	ambient/soundscape/Spoops/night_spoops/sound2.ogg	USED-shipped
Amplified	ambient/soundscape/Spoops/night_spoops/sound20.ogg	BASE-DUP-excluded
Amplified	ambient/soundscape/Spoops/night_spoops/sound21.ogg	USED-shipped
Amplified	ambient/soundscape/Spoops/night_spoops/sound22.ogg	USED-shipped
Amplified	ambient/soundscape/Spoops/night_spoops/sound23.ogg	USED-shipped
Amplified	ambient/soundscape/Spoops/night_spoops/sound24.ogg	USED-shipped
Amplified	ambient/soundscape/Spoops/night_spoops/sound25.ogg	USED-shipped
Amplified	ambient/soundscape/Spoops/night_spoops/sound26.ogg	USED-shipped
Amplified	ambient/soundscape/Spoops/night_spoops/sound27.ogg	USED-shipped
Amplified	ambient/soundscape/Spoops/night_spoops/sound28.ogg	USED-shipped
Amplified	ambient/soundscape/Spoops/night_spoops/sound29.ogg	USED-shipped
Amplified	ambient/soundscape/Spoops/night_spoops/sound3.ogg	USED-shipped
Amplified	ambient/soundscape/Spoops/night_spoops/sound30.ogg	USED-shipped
Amplified	ambient/soundscape/Spoops/night_spoops/sound31.ogg	USED-shipped
Amplified	ambient/soundscape/Spoops/night_spoops/sound32.ogg	USED-shipped
Amplified	ambient/soundscape/Spoops/night_spoops/sound33.ogg	USED-shipped
Amplified	ambient/soundscape/Spoops/night_spoops/sound34.ogg	USED-shipped
Amplified	ambient/soundscape/Spoops/night_spoops/sound35.ogg	USED-shipped
Amplified	ambient/soundscape/Spoops/night_spoops/sound36.ogg	USED-shipped
Amplified	ambient/soundscape/Spoops/night_spoops/sound37.ogg	USED-shipped
Amplified	ambient/soundscape/Spoops/night_spoops/sound38.ogg	BASE-DUP-excluded
Amplified	ambient/soundscape/Spoops/night_spoops/sound39.ogg	USED-shipped
Amplified	ambient/soundscape/Spoops/night_spoops/sound4.ogg	USED-shipped
Amplified	ambient/soundscape/Spoops/night_spoops/sound40.ogg	USED-shipped
Amplified	ambient/soundscape/Spoops/night_spoops/sound41.ogg	USED-shipped
Amplified	ambient/soundscape/Spoops/night_spoops/sound42.ogg	USED-shipped
Amplified	ambient/soundscape/Spoops/night_spoops/sound43.ogg	USED-shipped
Amplified	ambient/soundscape/Spoops/night_spoops/sound44.ogg	USED-shipped
Amplified	ambient/soundscape/Spoops/night_spoops/sound46.ogg	USED-shipped
Amplified	ambient/soundscape/Spoops/night_spoops/sound47.ogg	USED-shipped
Amplified	ambient/soundscape/Spoops/night_spoops/sound48.ogg	USED-shipped
Amplified	ambient/soundscape/Spoops/night_spoops/sound49.ogg	USED-shipped
Amplified	ambient/soundscape/Spoops/night_spoops/sound5.ogg	USED-shipped
Amplified	ambient/soundscape/Spoops/night_spoops/sound50.ogg	USED-shipped
Amplified	ambient/soundscape/Spoops/night_spoops/sound51.ogg	USED-shipped
Amplified	ambient/soundscape/Spoops/night_spoops/sound52.ogg	USED-shipped
Amplified	ambient/soundscape/Spoops/night_spoops/sound53.ogg	USED-shipped
Amplified	ambient/soundscape/Spoops/night_spoops/sound54.ogg	USED-shipped
Amplified	ambient/soundscape/Spoops/night_spoops/sound55.ogg	USED-shipped
Amplified	ambient/soundscape/Spoops/night_spoops/sound56.ogg	USED-shipped
Amplified	ambient/soundscape/Spoops/night_spoops/sound6.ogg	USED-shipped
Amplified	ambient/soundscape/Spoops/night_spoops/sound7.ogg	USED-shipped
Amplified	ambient/soundscape/Spoops/night_spoops/sound8.ogg	USED-shipped
Amplified	ambient/soundscape/Spoops/night_spoops/sound9.ogg	USED-shipped
Amplified	ambient/soundscape/Spoops/Northern_spoops/sound1.ogg	USED-shipped
Amplified	ambient/soundscape/Spoops/Northern_spoops/sound10.ogg	USED-shipped
Amplified	ambient/soundscape/Spoops/Northern_spoops/sound11.ogg	USED-shipped
Amplified	ambient/soundscape/Spoops/Northern_spoops/sound12.ogg	USED-shipped
Amplified	ambient/soundscape/Spoops/Northern_spoops/sound13.ogg	USED-shipped
Amplified	ambient/soundscape/Spoops/Northern_spoops/sound14.ogg	USED-shipped
Amplified	ambient/soundscape/Spoops/Northern_spoops/sound15.ogg	USED-shipped
Amplified	ambient/soundscape/Spoops/Northern_spoops/sound16.ogg	USED-shipped
Amplified	ambient/soundscape/Spoops/Northern_spoops/sound17.ogg	USED-shipped
Amplified	ambient/soundscape/Spoops/Northern_spoops/sound18.ogg	BASE-DUP-excluded
Amplified	ambient/soundscape/Spoops/Northern_spoops/sound19.ogg	BASE-DUP-excluded
Amplified	ambient/soundscape/Spoops/Northern_spoops/sound2.ogg	USED-shipped
Amplified	ambient/soundscape/Spoops/Northern_spoops/sound20.ogg	USED-shipped
Amplified	ambient/soundscape/Spoops/Northern_spoops/sound21.ogg	USED-shipped
Amplified	ambient/soundscape/Spoops/Northern_spoops/sound22.ogg	USED-shipped
Amplified	ambient/soundscape/Spoops/Northern_spoops/sound23.ogg	USED-shipped
Amplified	ambient/soundscape/Spoops/Northern_spoops/sound24.ogg	USED-shipped
Amplified	ambient/soundscape/Spoops/Northern_spoops/sound25.ogg	USED-shipped
Amplified	ambient/soundscape/Spoops/Northern_spoops/sound26.ogg	USED-shipped
Amplified	ambient/soundscape/Spoops/Northern_spoops/sound27.ogg	USED-shipped
Amplified	ambient/soundscape/Spoops/Northern_spoops/sound28.ogg	USED-shipped
Amplified	ambient/soundscape/Spoops/Northern_spoops/sound29.ogg	INTRA-DUP-excluded
Amplified	ambient/soundscape/Spoops/Northern_spoops/sound3.ogg	USED-shipped
Amplified	ambient/soundscape/Spoops/Northern_spoops/sound30.ogg	INTRA-DUP-excluded
Amplified	ambient/soundscape/Spoops/Northern_spoops/sound31.ogg	INTRA-DUP-excluded
Amplified	ambient/soundscape/Spoops/Northern_spoops/sound32.ogg	USED-shipped
Amplified	ambient/soundscape/Spoops/Northern_spoops/sound33.ogg	USED-shipped
Amplified	ambient/soundscape/Spoops/Northern_spoops/sound34.ogg	USED-shipped
Amplified	ambient/soundscape/Spoops/Northern_spoops/sound35.ogg	USED-shipped
Amplified	ambient/soundscape/Spoops/Northern_spoops/sound36.ogg	USED-shipped
Amplified	ambient/soundscape/Spoops/Northern_spoops/sound37.ogg	USED-shipped
Amplified	ambient/soundscape/Spoops/Northern_spoops/sound38.ogg	USED-shipped
Amplified	ambient/soundscape/Spoops/Northern_spoops/sound39.ogg	USED-shipped
Amplified	ambient/soundscape/Spoops/Northern_spoops/sound4.ogg	USED-shipped
Amplified	ambient/soundscape/Spoops/Northern_spoops/sound40.ogg	USED-shipped
Amplified	ambient/soundscape/Spoops/Northern_spoops/sound41.ogg	USED-shipped
Amplified	ambient/soundscape/Spoops/Northern_spoops/sound42.ogg	USED-shipped
Amplified	ambient/soundscape/Spoops/Northern_spoops/sound43.ogg	USED-shipped
Amplified	ambient/soundscape/Spoops/Northern_spoops/sound44.ogg	USED-shipped
Amplified	ambient/soundscape/Spoops/Northern_spoops/sound45.ogg	USED-shipped
Amplified	ambient/soundscape/Spoops/Northern_spoops/sound46.ogg	USED-shipped
Amplified	ambient/soundscape/Spoops/Northern_spoops/sound47.ogg	HELD-loop-surplus
Amplified	ambient/soundscape/Spoops/Northern_spoops/sound48.ogg	USED-shipped
Amplified	ambient/soundscape/Spoops/Northern_spoops/sound49.ogg	BASE-DUP-excluded
Amplified	ambient/soundscape/Spoops/Northern_spoops/sound5.ogg	USED-shipped
Amplified	ambient/soundscape/Spoops/Northern_spoops/sound50.ogg	USED-shipped
Amplified	ambient/soundscape/Spoops/Northern_spoops/sound51.ogg	USED-shipped
Amplified	ambient/soundscape/Spoops/Northern_spoops/sound52.ogg	USED-shipped
Amplified	ambient/soundscape/Spoops/Northern_spoops/sound53.ogg	USED-shipped
Amplified	ambient/soundscape/Spoops/Northern_spoops/sound54.ogg	USED-shipped
Amplified	ambient/soundscape/Spoops/Northern_spoops/sound6.ogg	USED-shipped
Amplified	ambient/soundscape/Spoops/Northern_spoops/sound7.ogg	USED-shipped
Amplified	ambient/soundscape/Spoops/Northern_spoops/sound8.ogg	USED-shipped
Amplified	ambient/soundscape/Spoops/Northern_spoops/sound9.ogg	USED-shipped
Amplified	ambient/soundscape/Spoops/urban_drones/drone1.ogg	USED-shipped
Amplified	ambient/soundscape/Spoops/urban_drones/drone10.ogg	HELD-loop-surplus
Amplified	ambient/soundscape/Spoops/urban_drones/drone11.ogg	HELD-loop-surplus
Amplified	ambient/soundscape/Spoops/urban_drones/drone12.ogg	USED-shipped
Amplified	ambient/soundscape/Spoops/urban_drones/drone13.ogg	USED-shipped
Amplified	ambient/soundscape/Spoops/urban_drones/drone14.ogg	HELD-loop-surplus
Amplified	ambient/soundscape/Spoops/urban_drones/drone15.ogg	HELD-loop-surplus
Amplified	ambient/soundscape/Spoops/urban_drones/drone16.ogg	HELD-loop-surplus
Amplified	ambient/soundscape/Spoops/urban_drones/drone17.ogg	HELD-loop-surplus
Amplified	ambient/soundscape/Spoops/urban_drones/drone18.ogg	HELD-loop-surplus
Amplified	ambient/soundscape/Spoops/urban_drones/drone19.ogg	HELD-loop-surplus
Amplified	ambient/soundscape/Spoops/urban_drones/drone2.ogg	USED-shipped
Amplified	ambient/soundscape/Spoops/urban_drones/drone20.ogg	HELD-loop-surplus
Amplified	ambient/soundscape/Spoops/urban_drones/drone21.ogg	USED-shipped
Amplified	ambient/soundscape/Spoops/urban_drones/drone22.ogg	BASE-DUP-excluded
Amplified	ambient/soundscape/Spoops/urban_drones/drone23.ogg	BASE-DUP-excluded
Amplified	ambient/soundscape/Spoops/urban_drones/drone24.ogg	HELD-loop-surplus
Amplified	ambient/soundscape/Spoops/urban_drones/drone25.ogg	HELD-loop-surplus
Amplified	ambient/soundscape/Spoops/urban_drones/drone26.ogg	USED-shipped
Amplified	ambient/soundscape/Spoops/urban_drones/drone27.ogg	USED-shipped
Amplified	ambient/soundscape/Spoops/urban_drones/drone28.ogg	HELD-loop-surplus
Amplified	ambient/soundscape/Spoops/urban_drones/drone29.ogg	USED-shipped
Amplified	ambient/soundscape/Spoops/urban_drones/drone3.ogg	USED-shipped
Amplified	ambient/soundscape/Spoops/urban_drones/drone30.ogg	HELD-loop-surplus
Amplified	ambient/soundscape/Spoops/urban_drones/drone31.ogg	USED-shipped
Amplified	ambient/soundscape/Spoops/urban_drones/drone32.ogg	USED-shipped
Amplified	ambient/soundscape/Spoops/urban_drones/drone33.ogg	USED-shipped
Amplified	ambient/soundscape/Spoops/urban_drones/drone34.ogg	USED-shipped
Amplified	ambient/soundscape/Spoops/urban_drones/drone35.ogg	HELD-loop-surplus
Amplified	ambient/soundscape/Spoops/urban_drones/drone36.ogg	USED-shipped
Amplified	ambient/soundscape/Spoops/urban_drones/drone37.ogg	USED-shipped
Amplified	ambient/soundscape/Spoops/urban_drones/drone38.ogg	USED-shipped
Amplified	ambient/soundscape/Spoops/urban_drones/drone39.ogg	BASE-DUP-excluded
Amplified	ambient/soundscape/Spoops/urban_drones/drone4.ogg	USED-shipped
Amplified	ambient/soundscape/Spoops/urban_drones/drone40.ogg	USED-shipped
Amplified	ambient/soundscape/Spoops/urban_drones/drone41.ogg	USED-shipped
Amplified	ambient/soundscape/Spoops/urban_drones/drone42.ogg	USED-shipped
Amplified	ambient/soundscape/Spoops/urban_drones/drone43.ogg	HELD-loop-surplus
Amplified	ambient/soundscape/Spoops/urban_drones/drone44.ogg	USED-shipped
Amplified	ambient/soundscape/Spoops/urban_drones/drone45.ogg	USED-shipped
Amplified	ambient/soundscape/Spoops/urban_drones/drone46.ogg	USED-shipped
Amplified	ambient/soundscape/Spoops/urban_drones/drone47.ogg	USED-shipped
Amplified	ambient/soundscape/Spoops/urban_drones/drone48.ogg	USED-shipped
Amplified	ambient/soundscape/Spoops/urban_drones/drone49.ogg	USED-shipped
Amplified	ambient/soundscape/Spoops/urban_drones/drone5.ogg	HELD-loop-surplus
Amplified	ambient/soundscape/Spoops/urban_drones/drone50.ogg	USED-shipped
Amplified	ambient/soundscape/Spoops/urban_drones/drone51.ogg	USED-shipped
Amplified	ambient/soundscape/Spoops/urban_drones/drone52.ogg	USED-shipped
Amplified	ambient/soundscape/Spoops/urban_drones/drone53.ogg	USED-shipped
Amplified	ambient/soundscape/Spoops/urban_drones/drone54.ogg	USED-shipped
Amplified	ambient/soundscape/Spoops/urban_drones/drone55.ogg	USED-shipped
Amplified	ambient/soundscape/Spoops/urban_drones/drone56.ogg	USED-shipped
Amplified	ambient/soundscape/Spoops/urban_drones/drone57.ogg	BASE-DUP-excluded
Amplified	ambient/soundscape/Spoops/urban_drones/drone6.ogg	USED-shipped
Amplified	ambient/soundscape/Spoops/urban_drones/drone7.ogg	HELD-loop-surplus
Amplified	ambient/soundscape/Spoops/urban_drones/drone8.ogg	HELD-loop-surplus
Amplified	ambient/soundscape/Spoops/urban_drones/drone9.ogg	HELD-loop-surplus
Amplified	ambient/soundscape/Spoops/urban_spoops_night/sound_1.ogg	USED-shipped
Amplified	ambient/soundscape/Spoops/urban_spoops_night/sound_10.ogg	USED-shipped
Amplified	ambient/soundscape/Spoops/urban_spoops_night/sound_11.ogg	USED-shipped
Amplified	ambient/soundscape/Spoops/urban_spoops_night/sound_12.ogg	USED-shipped
Amplified	ambient/soundscape/Spoops/urban_spoops_night/sound_13.ogg	USED-shipped
Amplified	ambient/soundscape/Spoops/urban_spoops_night/sound_14.ogg	USED-shipped
Amplified	ambient/soundscape/Spoops/urban_spoops_night/sound_15.ogg	INTRA-DUP-excluded
Amplified	ambient/soundscape/Spoops/urban_spoops_night/sound_16.ogg	USED-shipped
Amplified	ambient/soundscape/Spoops/urban_spoops_night/sound_17.ogg	USED-shipped
Amplified	ambient/soundscape/Spoops/urban_spoops_night/sound_18.ogg	USED-shipped
Amplified	ambient/soundscape/Spoops/urban_spoops_night/sound_19.ogg	USED-shipped
Amplified	ambient/soundscape/Spoops/urban_spoops_night/sound_2.ogg	USED-shipped
Amplified	ambient/soundscape/Spoops/urban_spoops_night/sound_20.ogg	USED-shipped
Amplified	ambient/soundscape/Spoops/urban_spoops_night/sound_21.ogg	USED-shipped
Amplified	ambient/soundscape/Spoops/urban_spoops_night/sound_22.ogg	USED-shipped
Amplified	ambient/soundscape/Spoops/urban_spoops_night/sound_23.ogg	USED-shipped
Amplified	ambient/soundscape/Spoops/urban_spoops_night/sound_24.ogg	USED-shipped
Amplified	ambient/soundscape/Spoops/urban_spoops_night/sound_25.ogg	USED-shipped
Amplified	ambient/soundscape/Spoops/urban_spoops_night/sound_26.ogg	USED-shipped
Amplified	ambient/soundscape/Spoops/urban_spoops_night/sound_27.ogg	USED-shipped
Amplified	ambient/soundscape/Spoops/urban_spoops_night/sound_28.ogg	USED-shipped
Amplified	ambient/soundscape/Spoops/urban_spoops_night/sound_3.ogg	USED-shipped
Amplified	ambient/soundscape/Spoops/urban_spoops_night/sound_30.ogg	USED-shipped
Amplified	ambient/soundscape/Spoops/urban_spoops_night/sound_31.ogg	USED-shipped
Amplified	ambient/soundscape/Spoops/urban_spoops_night/sound_32.ogg	USED-shipped
Amplified	ambient/soundscape/Spoops/urban_spoops_night/sound_33.ogg	USED-shipped
Amplified	ambient/soundscape/Spoops/urban_spoops_night/sound_34.ogg	USED-shipped
Amplified	ambient/soundscape/Spoops/urban_spoops_night/sound_35.ogg	USED-shipped
Amplified	ambient/soundscape/Spoops/urban_spoops_night/sound_36.ogg	USED-shipped
Amplified	ambient/soundscape/Spoops/urban_spoops_night/sound_37.ogg	USED-shipped
Amplified	ambient/soundscape/Spoops/urban_spoops_night/sound_38.ogg	BASE-DUP-excluded
Amplified	ambient/soundscape/Spoops/urban_spoops_night/sound_39.ogg	USED-shipped
Amplified	ambient/soundscape/Spoops/urban_spoops_night/sound_4.ogg	USED-shipped
Amplified	ambient/soundscape/Spoops/urban_spoops_night/sound_40.ogg	USED-shipped
Amplified	ambient/soundscape/Spoops/urban_spoops_night/sound_41.ogg	USED-shipped
Amplified	ambient/soundscape/Spoops/urban_spoops_night/sound_42.ogg	USED-shipped
Amplified	ambient/soundscape/Spoops/urban_spoops_night/sound_43.ogg	USED-shipped
Amplified	ambient/soundscape/Spoops/urban_spoops_night/sound_44.ogg	USED-shipped
Amplified	ambient/soundscape/Spoops/urban_spoops_night/sound_45.ogg	USED-shipped
Amplified	ambient/soundscape/Spoops/urban_spoops_night/sound_46.ogg	USED-shipped
Amplified	ambient/soundscape/Spoops/urban_spoops_night/sound_47.ogg	USED-shipped
Amplified	ambient/soundscape/Spoops/urban_spoops_night/sound_48.ogg	USED-shipped
Amplified	ambient/soundscape/Spoops/urban_spoops_night/sound_49.ogg	HELD-loop-surplus
Amplified	ambient/soundscape/Spoops/urban_spoops_night/sound_5.ogg	USED-shipped
Amplified	ambient/soundscape/Spoops/urban_spoops_night/sound_50.ogg	USED-shipped
Amplified	ambient/soundscape/Spoops/urban_spoops_night/sound_51.ogg	USED-shipped
Amplified	ambient/soundscape/Spoops/urban_spoops_night/sound_52.ogg	USED-shipped
Amplified	ambient/soundscape/Spoops/urban_spoops_night/sound_53.ogg	USED-shipped
Amplified	ambient/soundscape/Spoops/urban_spoops_night/sound_54.ogg	USED-shipped
Amplified	ambient/soundscape/Spoops/urban_spoops_night/sound_55.ogg	USED-shipped
Amplified	ambient/soundscape/Spoops/urban_spoops_night/sound_56.ogg	USED-shipped
Amplified	ambient/soundscape/Spoops/urban_spoops_night/sound_57.ogg	USED-shipped
Amplified	ambient/soundscape/Spoops/urban_spoops_night/sound_58.ogg	USED-shipped
Amplified	ambient/soundscape/Spoops/urban_spoops_night/sound_59.ogg	BASE-DUP-excluded
Amplified	ambient/soundscape/Spoops/urban_spoops_night/sound_6.ogg	USED-shipped
Amplified	ambient/soundscape/Spoops/urban_spoops_night/sound_60.ogg	USED-shipped
Amplified	ambient/soundscape/Spoops/urban_spoops_night/sound_61.ogg	USED-shipped
Amplified	ambient/soundscape/Spoops/urban_spoops_night/sound_62.ogg	USED-shipped
Amplified	ambient/soundscape/Spoops/urban_spoops_night/sound_63.ogg	USED-shipped
Amplified	ambient/soundscape/Spoops/urban_spoops_night/sound_64.ogg	USED-shipped
Amplified	ambient/soundscape/Spoops/urban_spoops_night/sound_65.ogg	USED-shipped
Amplified	ambient/soundscape/Spoops/urban_spoops_night/sound_66.ogg	USED-shipped
Amplified	ambient/soundscape/Spoops/urban_spoops_night/sound_67.ogg	USED-shipped
Amplified	ambient/soundscape/Spoops/urban_spoops_night/sound_7.ogg	USED-shipped
Amplified	ambient/soundscape/Spoops/urban_spoops_night/sound_8.ogg	USED-shipped
Amplified	ambient/soundscape/Spoops/urban_spoops_night/sound_9.ogg	USED-shipped
Amplified	ambient/soundscape/storm_debris/stormdebris1 .ogg	USED-shipped
Amplified	ambient/soundscape/storm_debris/stormdebris10.ogg	HELD-loop-surplus
Amplified	ambient/soundscape/storm_debris/stormdebris11.ogg	USED-shipped
Amplified	ambient/soundscape/storm_debris/stormdebris12.ogg	USED-shipped
Amplified	ambient/soundscape/storm_debris/stormdebris13.ogg	USED-shipped
Amplified	ambient/soundscape/storm_debris/stormdebris14.ogg	HELD-loop-surplus
Amplified	ambient/soundscape/storm_debris/stormdebris15.ogg	HELD-loop-surplus
Amplified	ambient/soundscape/storm_debris/stormdebris16.ogg	HELD-loop-surplus
Amplified	ambient/soundscape/storm_debris/stormdebris17.ogg	HELD-loop-surplus
Amplified	ambient/soundscape/storm_debris/stormdebris18.ogg	HELD-loop-surplus
Amplified	ambient/soundscape/storm_debris/stormdebris19.ogg	HELD-loop-surplus
Amplified	ambient/soundscape/storm_debris/stormdebris2.ogg	USED-shipped
Amplified	ambient/soundscape/storm_debris/stormdebris20.ogg	USED-shipped
Amplified	ambient/soundscape/storm_debris/stormdebris21.ogg	HELD-loop-surplus
Amplified	ambient/soundscape/storm_debris/stormdebris22.ogg	HELD-loop-surplus
Amplified	ambient/soundscape/storm_debris/stormdebris23.ogg	HELD-loop-surplus
Amplified	ambient/soundscape/storm_debris/stormdebris24.ogg	HELD-loop-surplus
Amplified	ambient/soundscape/storm_debris/stormdebris25.ogg	HELD-loop-surplus
Amplified	ambient/soundscape/storm_debris/stormdebris26.ogg	HELD-loop-surplus
Amplified	ambient/soundscape/storm_debris/stormdebris3.ogg	USED-shipped
Amplified	ambient/soundscape/storm_debris/stormdebris4.ogg	USED-shipped
Amplified	ambient/soundscape/storm_debris/stormdebris5.ogg	HELD-loop-surplus
Amplified	ambient/soundscape/storm_debris/stormdebris6.ogg	USED-shipped
Amplified	ambient/soundscape/storm_debris/stormdebris7.ogg	USED-shipped
Amplified	ambient/soundscape/storm_debris/stormdebris8.ogg	USED-shipped
Amplified	ambient/soundscape/storm_debris/stormdebris9.ogg	USED-shipped
Amplified	ambient/soundscape/swamp/sfx_1.ogg	off-scope-or-dup
Amplified	ambient/soundscape/swamp/sfx_10.ogg	off-scope-or-dup
Amplified	ambient/soundscape/swamp/sfx_11.ogg	off-scope-or-dup
Amplified	ambient/soundscape/swamp/sfx_2.ogg	off-scope-or-dup
Amplified	ambient/soundscape/swamp/sfx_3.ogg	off-scope-or-dup
Amplified	ambient/soundscape/swamp/sfx_4.ogg	off-scope-or-dup
Amplified	ambient/soundscape/swamp/sfx_5.ogg	off-scope-or-dup
Amplified	ambient/soundscape/swamp/sfx_6.ogg	off-scope-or-dup
Amplified	ambient/soundscape/swamp/sfx_7.ogg	off-scope-or-dup
Amplified	ambient/soundscape/swamp/sfx_8.ogg	off-scope-or-dup
Amplified	ambient/soundscape/swamp/sfx_9.ogg	off-scope-or-dup
Amplified	ambient/soundscape/swamp_night/sfx_1.ogg	off-scope-or-dup
Amplified	ambient/soundscape/swamp_night/sfx_10.ogg	off-scope-or-dup
Amplified	ambient/soundscape/swamp_night/sfx_11.ogg	off-scope-or-dup
Amplified	ambient/soundscape/swamp_night/sfx_12.ogg	off-scope-or-dup
Amplified	ambient/soundscape/swamp_night/sfx_13.ogg	off-scope-or-dup
Amplified	ambient/soundscape/swamp_night/sfx_14.ogg	off-scope-or-dup
Amplified	ambient/soundscape/swamp_night/sfx_2.ogg	off-scope-or-dup
Amplified	ambient/soundscape/swamp_night/sfx_3.ogg	off-scope-or-dup
Amplified	ambient/soundscape/swamp_night/sfx_4.ogg	off-scope-or-dup
Amplified	ambient/soundscape/swamp_night/sfx_5.ogg	off-scope-or-dup
Amplified	ambient/soundscape/swamp_night/sfx_6.ogg	off-scope-or-dup
Amplified	ambient/soundscape/swamp_night/sfx_7.ogg	off-scope-or-dup
Amplified	ambient/soundscape/swamp_night/sfx_8.ogg	off-scope-or-dup
Amplified	ambient/soundscape/swamp_night/sfx_9.ogg	off-scope-or-dup
Amplified	ambient/soundscape/thunder/thunder_1.ogg	USED-shipped
Amplified	ambient/soundscape/thunder/thunder_10.ogg	USED-shipped
Amplified	ambient/soundscape/thunder/thunder_11.ogg	USED-effect-unshipped
Amplified	ambient/soundscape/thunder/thunder_12.ogg	HELD-loop-surplus
Amplified	ambient/soundscape/thunder/thunder_13.ogg	USED-shipped
Amplified	ambient/soundscape/thunder/thunder_14.ogg	USED-shipped
Amplified	ambient/soundscape/thunder/thunder_15.ogg	INTRA-DUP-excluded
Amplified	ambient/soundscape/thunder/thunder_16.ogg	USED-shipped
Amplified	ambient/soundscape/thunder/thunder_17.ogg	USED-effect-unshipped
Amplified	ambient/soundscape/thunder/thunder_18.ogg	INTRA-DUP-excluded
Amplified	ambient/soundscape/thunder/thunder_19.ogg	HELD-loop-surplus
Amplified	ambient/soundscape/thunder/thunder_2.ogg	USED-shipped
Amplified	ambient/soundscape/thunder/thunder_20.ogg	USED-effect-unshipped
Amplified	ambient/soundscape/thunder/thunder_21.ogg	INTRA-DUP-excluded
Amplified	ambient/soundscape/thunder/thunder_22.ogg	USED-effect-unshipped
Amplified	ambient/soundscape/thunder/thunder_23.ogg	HELD-loop-surplus
Amplified	ambient/soundscape/thunder/thunder_24.ogg	USED-shipped
Amplified	ambient/soundscape/thunder/thunder_25.ogg	INTRA-DUP-excluded
Amplified	ambient/soundscape/thunder/thunder_26.ogg	USED-effect-unshipped
Amplified	ambient/soundscape/thunder/thunder_3.ogg	USED-shipped
Amplified	ambient/soundscape/thunder/thunder_4.ogg	INTRA-DUP-excluded
Amplified	ambient/soundscape/thunder/thunder_5.ogg	USED-shipped
Amplified	ambient/soundscape/thunder/thunder_6.ogg	USED-shipped
Amplified	ambient/soundscape/thunder/thunder_7.ogg	USED-shipped
Amplified	ambient/soundscape/thunder/thunder_8.ogg	USED-shipped
Amplified	ambient/soundscape/thunder/thunder_9.ogg	USED-shipped
Amplified	ambient/soundscape/thunder/thunderfar_1.ogg	USED-shipped
Amplified	ambient/soundscape/thunder/thunderfar_10.ogg	USED-shipped
Amplified	ambient/soundscape/thunder/thunderfar_11.ogg	USED-shipped
Amplified	ambient/soundscape/thunder/thunderfar_12.ogg	USED-shipped
Amplified	ambient/soundscape/thunder/thunderfar_13.ogg	USED-shipped
Amplified	ambient/soundscape/thunder/thunderfar_14.ogg	USED-effect-unshipped
Amplified	ambient/soundscape/thunder/thunderfar_15.ogg	USED-shipped
Amplified	ambient/soundscape/thunder/thunderfar_16.ogg	USED-shipped
Amplified	ambient/soundscape/thunder/thunderfar_17.ogg	HELD-loop-surplus
Amplified	ambient/soundscape/thunder/thunderfar_18.ogg	HELD-loop-surplus
Amplified	ambient/soundscape/thunder/thunderfar_19.ogg	USED-shipped
Amplified	ambient/soundscape/thunder/thunderfar_2.ogg	USED-shipped
Amplified	ambient/soundscape/thunder/thunderfar_20.ogg	USED-shipped
Amplified	ambient/soundscape/thunder/thunderfar_21.ogg	USED-shipped
Amplified	ambient/soundscape/thunder/thunderfar_22.ogg	HELD-loop-surplus
Amplified	ambient/soundscape/thunder/thunderfar_23.ogg	USED-shipped
Amplified	ambient/soundscape/thunder/thunderfar_24.ogg	USED-shipped
Amplified	ambient/soundscape/thunder/thunderfar_25.ogg	HELD-loop-surplus
Amplified	ambient/soundscape/thunder/thunderfar_26.ogg	HELD-loop-surplus
Amplified	ambient/soundscape/thunder/thunderfar_3.ogg	USED-effect-unshipped
Amplified	ambient/soundscape/thunder/thunderfar_4.ogg	HELD-loop-surplus
Amplified	ambient/soundscape/thunder/thunderfar_5.ogg	USED-shipped
Amplified	ambient/soundscape/thunder/thunderfar_6.ogg	HELD-loop-surplus
Amplified	ambient/soundscape/thunder/thunderfar_7.ogg	HELD-loop-surplus
Amplified	ambient/soundscape/thunder/thunderfar_8.ogg	USED-effect-unshipped
Amplified	ambient/soundscape/thunder/thunderfar_9.ogg	USED-effect-unshipped
Amplified	ambient/soundscape/underground/spooks_above/amb_dark/sound_01.ogg	INTRA-DUP-excluded
Amplified	ambient/soundscape/underground/spooks_above/amb_dark/sound_02.ogg	INTRA-DUP-excluded
Amplified	ambient/soundscape/underground/spooks_above/amb_dark/sound_03.ogg	INTRA-DUP-excluded
Amplified	ambient/soundscape/underground/spooks_above/amb_dark/sound_04.ogg	USED-shipped
Amplified	ambient/soundscape/underground/spooks_above/amb_dark/sound_05.ogg	INTRA-DUP-excluded
Amplified	ambient/soundscape/underground/spooks_above/amb_dark/sound_06.ogg	INTRA-DUP-excluded
Amplified	ambient/soundscape/underground/spooks_above/amb_dark/sound_07.ogg	INTRA-DUP-excluded
Amplified	ambient/soundscape/underground/spooks_above/amb_dark/sound_08.ogg	INTRA-DUP-excluded
Amplified	ambient/soundscape/underground/spooks_above/amb_dark/sound_09.ogg	INTRA-DUP-excluded
Amplified	ambient/soundscape/underground/spooks_above/amb_dark/sound_10.ogg	INTRA-DUP-excluded
Amplified	ambient/soundscape/underground/spooks_above/amb_dark/sound_11.ogg	INTRA-DUP-excluded
Amplified	ambient/soundscape/underground/spooks_above/amb_dark/sound_12.ogg	INTRA-DUP-excluded
Amplified	ambient/soundscape/underground/spooks_above/amb_dark/sound_13.ogg	INTRA-DUP-excluded
Amplified	ambient/soundscape/underground/spooks_above/amb_dark/sound_14.ogg	INTRA-DUP-excluded
Amplified	ambient/soundscape/underground/spooks_above/amb_dark/sound_15.ogg	INTRA-DUP-excluded
Amplified	ambient/soundscape/underground/spooks_above/amb_dark/sound_16.ogg	INTRA-DUP-excluded
Amplified	ambient/soundscape/underground/spooks_above/amb_night/sound_01.ogg	USED-shipped
Amplified	ambient/soundscape/underground/spooks_above/amb_night/sound_02.ogg	INTRA-DUP-excluded
Amplified	ambient/soundscape/underground/spooks_above/amb_night/sound_03.ogg	INTRA-DUP-excluded
Amplified	ambient/soundscape/underground/spooks_above/amb_night/sound_04.ogg	INTRA-DUP-excluded
Amplified	ambient/soundscape/underground/spooks_above/amb_night/sound_05.ogg	USED-shipped
Amplified	ambient/soundscape/underground/spooks_above/amb_night/sound_06.ogg	INTRA-DUP-excluded
Amplified	ambient/soundscape/underground/spooks_above/amb_night/sound_07.ogg	INTRA-DUP-excluded
Amplified	ambient/soundscape/underground/spooks_above/amb_night/sound_08.ogg	USED-shipped
Amplified	ambient/soundscape/underground/spooks_above/amb_night/sound_09.ogg	INTRA-DUP-excluded
Amplified	ambient/soundscape/underground/spooks_above/amb_night/sound_10.ogg	INTRA-DUP-excluded
Amplified	ambient/soundscape/underground/spooks_above/drone/sound_01.ogg	BASE-DUP-excluded
Amplified	ambient/soundscape/underground/spooks_above/drone/sound_02.ogg	BASE-DUP-excluded
Amplified	ambient/soundscape/underground/spooks_above/drone/sound_03.ogg	BASE-DUP-excluded
Amplified	ambient/soundscape/underground/spooks_above/drone/sound_04.ogg	BASE-DUP-excluded
Amplified	ambient/soundscape/underground/spooks_above/drone/sound_05.ogg	BASE-DUP-excluded
Amplified	ambient/soundscape/underground/spooks_above/drone/sound_06.ogg	BASE-DUP-excluded
Amplified	ambient/soundscape/underground/spooks_above/drone/sound_07.ogg	USED-shipped
Amplified	ambient/soundscape/underground/spooks_above/drone/sound_08.ogg	BASE-DUP-excluded
Amplified	ambient/soundscape/underground/spooks_above/drone/sound_09.ogg	BASE-DUP-excluded
Amplified	ambient/soundscape/underground/spooks_above/drone/sound_10.ogg	BASE-DUP-excluded
Amplified	ambient/soundscape/underground/spooks_above/drone/sound_11.ogg	BASE-DUP-excluded
Amplified	ambient/soundscape/underground/spooks_above/mutants/sound_01.ogg	BASE-DUP-excluded
Amplified	ambient/soundscape/underground/spooks_above/mutants/sound_02.ogg	BASE-DUP-excluded
Amplified	ambient/soundscape/underground/spooks_above/mutants/sound_03.ogg	BASE-DUP-excluded
Amplified	ambient/soundscape/underground/spooks_above/mutants/sound_04.ogg	BASE-DUP-excluded
Amplified	ambient/soundscape/underground/spooks_above/mutants/sound_05.ogg	BASE-DUP-excluded
Amplified	ambient/soundscape/underground/spooks_above/mutants/sound_06.ogg	BASE-DUP-excluded
Amplified	ambient/soundscape/underground/spooks_above/mutants/sound_07.ogg	BASE-DUP-excluded
Amplified	ambient/soundscape/underground/spooks_above/mutants/sound_08.ogg	BASE-DUP-excluded
Amplified	ambient/soundscape/underground/spooks_above/mutants/sound_09.ogg	BASE-DUP-excluded
Amplified	ambient/soundscape/underground/spooks_above/mutants/sound_10.ogg	BASE-DUP-excluded
Amplified	ambient/soundscape/underground/spooks_above/mutants/sound_11.ogg	BASE-DUP-excluded
Amplified	ambient/soundscape/underground/spooks_above/mutants/sound_12.ogg	BASE-DUP-excluded
Amplified	ambient/soundscape/underground/spooks_above/mutants/sound_13.ogg	BASE-DUP-excluded
Amplified	ambient/soundscape/underground/spooks_above/mutants/sound_14.ogg	BASE-DUP-excluded
Amplified	ambient/soundscape/underground/spooks_above/mutants/sound_15.ogg	BASE-DUP-excluded
Amplified	ambient/soundscape/underground/spooks_above/mutants/sound_16.ogg	BASE-DUP-excluded
Amplified	ambient/soundscape/underground/spooks_above/mutants/sound_17.ogg	BASE-DUP-excluded
Amplified	ambient/soundscape/underground/spooks_above/mutants/sound_18.ogg	BASE-DUP-excluded
Amplified	ambient/soundscape/underground/spooks_above/mutants/sound_19.ogg	BASE-DUP-excluded
Amplified	ambient/soundscape/underground/spooks_above/mutants/sound_20.ogg	BASE-DUP-excluded
Amplified	ambient/soundscape/underground/spooks_above/mutants/sound_21.ogg	BASE-DUP-excluded
Amplified	ambient/soundscape/underground/spooks_above/mutants/sound_22.ogg	BASE-DUP-excluded
Amplified	ambient/soundscape/underground/spooks_above/mutants/sound_23.ogg	BASE-DUP-excluded
Amplified	ambient/soundscape/underground/spooks_above/mutants/sound_24.ogg	BASE-DUP-excluded
Amplified	ambient/soundscape/underground/spooks_above/mutants/sound_25.ogg	BASE-DUP-excluded
Amplified	ambient/soundscape/underground/spooks_above/mutants/sound_26.ogg	BASE-DUP-excluded
Amplified	ambient/soundscape/underground/spooks_above/mutants/sound_27.ogg	BASE-DUP-excluded
Amplified	ambient/soundscape/underground/spooks_above/mutants/sound_28.ogg	BASE-DUP-excluded
Amplified	ambient/soundscape/underground/spooks_above/mutants/sound_29.ogg	BASE-DUP-excluded
Amplified	ambient/soundscape/underground/spooks_above/mutants/sound_30.ogg	BASE-DUP-excluded
Amplified	ambient/soundscape/underground/spooks_above/mutants/sound_31.ogg	BASE-DUP-excluded
Amplified	ambient/soundscape/underground/spooks_above/mutants/sound_32.ogg	BASE-DUP-excluded
Amplified	ambient/soundscape/underground/spooks_above/mutants/sound_33.ogg	BASE-DUP-excluded
Amplified	ambient/soundscape/underground/spooks_above/mutants/sound_34.ogg	BASE-DUP-excluded
Amplified	ambient/soundscape/underground/spooks_above/mutants/sound_35.ogg	BASE-DUP-excluded
Amplified	ambient/soundscape/underground/spooks_above/mutants/sound_36.ogg	BASE-DUP-excluded
Amplified	ambient/soundscape/underground/spooks_above/mutants/sound_37.ogg	BASE-DUP-excluded
Amplified	ambient/soundscape/underground/spooks_above/mutants/sound_38.ogg	BASE-DUP-excluded
Amplified	ambient/soundscape/underground/spooks_above/mutants/sound_39.ogg	BASE-DUP-excluded
Amplified	ambient/soundscape/underground/spooks_above/mutants/sound_40.ogg	BASE-DUP-excluded
Amplified	ambient/soundscape/underground/spooks_above/screams/sound_01.ogg	INTRA-DUP-excluded
Amplified	ambient/soundscape/underground/spooks_above/screams/sound_02.ogg	USED-shipped
Amplified	ambient/soundscape/underground/spooks_above/screams/sound_03.ogg	INTRA-DUP-excluded
Amplified	ambient/soundscape/underground/spooks_above/screams/sound_04.ogg	INTRA-DUP-excluded
Amplified	ambient/soundscape/underground/spooks_above/screams/sound_05.ogg	INTRA-DUP-excluded
Amplified	ambient/soundscape/underground/spooks_above/screams/sound_06.ogg	INTRA-DUP-excluded
Amplified	ambient/soundscape/underground/spooks_above/screams/sound_07.ogg	INTRA-DUP-excluded
Amplified	ambient/soundscape/underground/spooks_above/screams/sound_08.ogg	INTRA-DUP-excluded
Amplified	ambient/soundscape/underground/spooks_above/screams/sound_09.ogg	INTRA-DUP-excluded
Amplified	ambient/soundscape/underground/spooks_above/screams/sound_10.ogg	INTRA-DUP-excluded
Amplified	ambient/soundscape/underground/spooks_above/screams/sound_11.ogg	INTRA-DUP-excluded
Amplified	ambient/soundscape/underground/spooks_above/screams/sound_12.ogg	INTRA-DUP-excluded
Amplified	ambient/soundscape/underground/spooks_above/screams/sound_13.ogg	INTRA-DUP-excluded
Amplified	ambient/soundscape/underground/spooks_above/screams/sound_14.ogg	INTRA-DUP-excluded
Amplified	ambient/soundscape/underground/spooks_above/screams/sound_15.ogg	INTRA-DUP-excluded
Amplified	ambient/soundscape/underground/spooks_above/screams/sound_16.ogg	INTRA-DUP-excluded
Amplified	ambient/soundscape/underground/spooks_above/screams/sound_17.ogg	INTRA-DUP-excluded
Amplified	ambient/soundscape/underground/spooks_above/screams/sound_18.ogg	INTRA-DUP-excluded
Amplified	ambient/soundscape/underground/spooks_above/screams/sound_19.ogg	INTRA-DUP-excluded
Amplified	ambient/soundscape/underground/spooks_above/screams/sound_20.ogg	INTRA-DUP-excluded
Amplified	ambient/soundscape/underground/spooks_above/screams/sound_21.ogg	INTRA-DUP-excluded
Amplified	ambient/soundscape/underground/spooks_above/screams/sound_22.ogg	INTRA-DUP-excluded
Amplified	ambient/soundscape/underground/spooks_above/screams/sound_23.ogg	INTRA-DUP-excluded
Amplified	ambient/soundscape/underground/spooks_above/screams/sound_24.ogg	INTRA-DUP-excluded
Amplified	ambient/soundscape/underground/spooks_above/screams/sound_25.ogg	INTRA-DUP-excluded
Amplified	ambient/soundscape/underground/spooks_above/shooting/sound_01.ogg	BASE-DUP-excluded
Amplified	ambient/soundscape/underground/spooks_above/shooting/sound_02.ogg	BASE-DUP-excluded
Amplified	ambient/soundscape/underground/spooks_above/shooting/sound_03.ogg	BASE-DUP-excluded
Amplified	ambient/soundscape/underground/spooks_above/shooting/sound_04.ogg	INTRA-DUP-excluded
Amplified	ambient/soundscape/underground/spooks_above/shooting/sound_05.ogg	BASE-DUP-excluded
Amplified	ambient/soundscape/underground/spooks_above/shooting/sound_06.ogg	BASE-DUP-excluded
Amplified	ambient/soundscape/underground/spooks_above/shooting/sound_07.ogg	BASE-DUP-excluded
Amplified	ambient/soundscape/underground/spooks_above/shooting/sound_08.ogg	INTRA-DUP-excluded
Amplified	ambient/soundscape/underground/spooks_above/shooting/sound_09.ogg	INTRA-DUP-excluded
Amplified	ambient/soundscape/underground/spooks_above/shooting/sound_10.ogg	BASE-DUP-excluded
Amplified	ambient/soundscape/underground/spooks_above/shooting/sound_11.ogg	BASE-DUP-excluded
Amplified	ambient/soundscape/underground/spooks_above/shooting/sound_12.ogg	INTRA-DUP-excluded
Amplified	ambient/soundscape/underground/spooks_above/shooting/sound_13.ogg	BASE-DUP-excluded
Amplified	ambient/soundscape/underground/spooks_above/shooting/sound_14.ogg	BASE-DUP-excluded
Amplified	ambient/soundscape/underground/spooks_above/shooting/sound_15.ogg	BASE-DUP-excluded
Amplified	ambient/soundscape/underground/spooks_above/shooting/sound_16.ogg	BASE-DUP-excluded
Amplified	ambient/soundscape/underground/spooks_above/shooting/sound_17.ogg	BASE-DUP-excluded
Amplified	ambient/soundscape/underground/spooks_above/shooting/sound_18.ogg	BASE-DUP-excluded
Amplified	ambient/soundscape/underground/spooks_above/shooting/sound_19.ogg	BASE-DUP-excluded
Amplified	ambient/soundscape/underground/spooks_above/shooting/sound_20.ogg	USED-shipped
Amplified	ambient/soundscape/underground/spooks_above/shooting/sound_21.ogg	BASE-DUP-excluded
Amplified	ambient/soundscape/underground/spooks_above/shooting/sound_22.ogg	INTRA-DUP-excluded
Amplified	ambient/soundscape/underground/spooks_above/shooting/sound_23.ogg	USED-shipped
Amplified	ambient/soundscape/underground/spooks_above/shooting/sound_24.ogg	BASE-DUP-excluded
Amplified	ambient/soundscape/underground/spooks_above/shooting/sound_25.ogg	BASE-DUP-excluded
Amplified	ambient/soundscape/underground/spooks_above/shooting/sound_26.ogg	USED-shipped
Amplified	ambient/soundscape/underground/spooks_above/shooting/sound_27.ogg	BASE-DUP-excluded
Amplified	ambient/soundscape/underground/spooks_above/shooting/sound_28.ogg	BASE-DUP-excluded
Amplified	ambient/soundscape/underground/spooks_above/shooting/sound_29.ogg	USED-shipped
Amplified	ambient/soundscape/underground/spooks_above/shooting/sound_30.ogg	BASE-DUP-excluded
Amplified	ambient/soundscape/underground/spooks_above/shooting/sound_31.ogg	USED-shipped
Amplified	ambient/soundscape/underground/spooks_above/shooting/sound_32.ogg	BASE-DUP-excluded
Amplified	ambient/soundscape/underground/spooks_above/shooting/sound_33.ogg	USED-shipped
Amplified	ambient/soundscape/underground/spooks_above/shooting/sound_34.ogg	BASE-DUP-excluded
Amplified	ambient/soundscape/underground/spooks_above/shooting/sound_35.ogg	BASE-DUP-excluded
Amplified	ambient/soundscape/underground/spooks_above/shooting/sound_36.ogg	BASE-DUP-excluded
Amplified	ambient/soundscape/underground/spooks_above/shooting/sound_37.ogg	BASE-DUP-excluded
Amplified	ambient/soundscape/underground/spooks_above/spooks/sound_01.ogg	USED-shipped
Amplified	ambient/soundscape/underground/spooks_above/spooks/sound_02.ogg	USED-shipped
Amplified	ambient/soundscape/underground/spooks_above/spooks/sound_03.ogg	USED-shipped
Amplified	ambient/soundscape/underground/spooks_above/spooks/sound_04.ogg	USED-shipped
Amplified	ambient/soundscape/underground/spooks_above/spooks/sound_05.ogg	USED-shipped
Amplified	ambient/soundscape/underground/spooks_above/spooks/sound_06.ogg	USED-shipped
Amplified	ambient/soundscape/underground/spooks_above/spooks/sound_07.ogg	USED-shipped
Amplified	ambient/soundscape/underground/spooks_above/spooks/sound_08.ogg	USED-shipped
Amplified	ambient/soundscape/underground/spooks_above/spooks/sound_09.ogg	USED-shipped
Amplified	ambient/soundscape/underground/spooks_above/spooks/sound_10.ogg	USED-shipped
Amplified	ambient/soundscape/underground/spooks_above/spooks/sound_11.ogg	USED-shipped
Amplified	ambient/soundscape/underground/spooks_above/spooks/sound_12.ogg	USED-shipped
Amplified	ambient/soundscape/underground/spooks_above/spooks/sound_13.ogg	USED-shipped
Amplified	ambient/soundscape/underground/spooks_above/spooks/sound_14.ogg	USED-shipped
Amplified	ambient/soundscape/underground/spooks_above/spooks/sound_15.ogg	USED-shipped
Amplified	ambient/soundscape/underground/spooks_above/spooks/sound_16.ogg	USED-shipped
Amplified	ambient/soundscape/underground/spooks_above/spooks/sound_17.ogg	USED-shipped
Amplified	ambient/soundscape/underground/spooks_above/spooks/sound_18.ogg	USED-shipped
Amplified	ambient/soundscape/underground/spooks_above/spooks/sound_19.ogg	USED-shipped
Amplified	ambient/soundscape/underground/spooks_above/spooks/sound_20.ogg	USED-shipped
Amplified	ambient/soundscape/underground/spooks_above/spooks/sound_21.ogg	USED-shipped
Amplified	ambient/soundscape/underground/spooks_above/spooks/sound_22.ogg	USED-shipped
Amplified	ambient/soundscape/underground/spooks_above/spooks/sound_23.ogg	BASE-DUP-excluded
Amplified	ambient/soundscape/underground/spooks_above/spooks/sound_24.ogg	BASE-DUP-excluded
Amplified	ambient/soundscape/underground/spooks_above/spooks/sound_25.ogg	USED-shipped
Amplified	ambient/soundscape/underground/spooks_above/spooks/sound_26.ogg	USED-shipped
Amplified	ambient/soundscape/underground/spooks_above/spooks/sound_27.ogg	USED-shipped
Amplified	ambient/soundscape/underground/spooks_above/spooks/sound_28.ogg	BASE-DUP-excluded
Amplified	ambient/soundscape/underground/spooks_above/spooks/sound_29.ogg	BASE-DUP-excluded
Amplified	ambient/soundscape/underground/spooks_above/spooks/sound_30.ogg	BASE-DUP-excluded
Amplified	ambient/soundscape/underground/spooks_above/spooks/sound_31.ogg	BASE-DUP-excluded
Amplified	ambient/soundscape/underground/spooks_above/spooks/sound_32.ogg	USED-shipped
Amplified	ambient/soundscape/underground/spooks_above/spooks/sound_33.ogg	BASE-DUP-excluded
Amplified	ambient/soundscape/underground/spooks_above/spooks/sound_34.ogg	BASE-DUP-excluded
Amplified	ambient/soundscape/underground/spooks_above/spooks/sound_35.ogg	USED-shipped
Amplified	ambient/soundscape/underground/spooks_above/spooks/sound_36.ogg	USED-shipped
Amplified	ambient/soundscape/underground/spooks_above/spooks/sound_37.ogg	BASE-DUP-excluded
Amplified	ambient/soundscape/underground/spooks_above/spooks/~sound_21.ogg	USED-shipped
Amplified	ambient/soundscape/underground/spooks_above/steam_1.ogg	USED-shipped
Amplified	ambient/soundscape/underground/spooks_above/under_1.ogg	BASE-DUP-excluded
Amplified	ambient/soundscape/underground/spooks_above/under_10.ogg	BASE-DUP-excluded
Amplified	ambient/soundscape/underground/spooks_above/under_11.ogg	BASE-DUP-excluded
Amplified	ambient/soundscape/underground/spooks_above/under_12.ogg	BASE-DUP-excluded
Amplified	ambient/soundscape/underground/spooks_above/under_13.ogg	BASE-DUP-excluded
Amplified	ambient/soundscape/underground/spooks_above/under_14.ogg	BASE-DUP-excluded
Amplified	ambient/soundscape/underground/spooks_above/under_15.ogg	BASE-DUP-excluded
Amplified	ambient/soundscape/underground/spooks_above/under_16.ogg	BASE-DUP-excluded
Amplified	ambient/soundscape/underground/spooks_above/under_17.ogg	BASE-DUP-excluded
Amplified	ambient/soundscape/underground/spooks_above/under_18.ogg	BASE-DUP-excluded
Amplified	ambient/soundscape/underground/spooks_above/under_19.ogg	BASE-DUP-excluded
Amplified	ambient/soundscape/underground/spooks_above/under_2.ogg	BASE-DUP-excluded
Amplified	ambient/soundscape/underground/spooks_above/under_20.ogg	BASE-DUP-excluded
Amplified	ambient/soundscape/underground/spooks_above/under_21.ogg	USED-shipped
Amplified	ambient/soundscape/underground/spooks_above/under_22.ogg	BASE-DUP-excluded
Amplified	ambient/soundscape/underground/spooks_above/under_23.ogg	USED-shipped
Amplified	ambient/soundscape/underground/spooks_above/under_24.ogg	USED-shipped
Amplified	ambient/soundscape/underground/spooks_above/under_25.ogg	BASE-DUP-excluded
Amplified	ambient/soundscape/underground/spooks_above/under_26.ogg	BASE-DUP-excluded
Amplified	ambient/soundscape/underground/spooks_above/under_27.ogg	BASE-DUP-excluded
Amplified	ambient/soundscape/underground/spooks_above/under_28.ogg	BASE-DUP-excluded
Amplified	ambient/soundscape/underground/spooks_above/under_29.ogg	USED-shipped
Amplified	ambient/soundscape/underground/spooks_above/under_3.ogg	BASE-DUP-excluded
Amplified	ambient/soundscape/underground/spooks_above/under_30.ogg	BASE-DUP-excluded
Amplified	ambient/soundscape/underground/spooks_above/under_31.ogg	BASE-DUP-excluded
Amplified	ambient/soundscape/underground/spooks_above/under_32.ogg	BASE-DUP-excluded
Amplified	ambient/soundscape/underground/spooks_above/under_33.ogg	BASE-DUP-excluded
Amplified	ambient/soundscape/underground/spooks_above/under_34.ogg	USED-shipped
Amplified	ambient/soundscape/underground/spooks_above/under_4.ogg	BASE-DUP-excluded
Amplified	ambient/soundscape/underground/spooks_above/under_5.ogg	BASE-DUP-excluded
Amplified	ambient/soundscape/underground/spooks_above/under_6.ogg	BASE-DUP-excluded
Amplified	ambient/soundscape/underground/spooks_above/under_7.ogg	BASE-DUP-excluded
Amplified	ambient/soundscape/underground/spooks_above/under_8.ogg	BASE-DUP-excluded
Amplified	ambient/soundscape/underground/spooks_above/under_9.ogg	BASE-DUP-excluded
Amplified	ambient/soundscape/underground/spooks_below/ambient/sound_01.ogg	BASE-DUP-excluded
Amplified	ambient/soundscape/underground/spooks_below/ambient/sound_02.ogg	BASE-DUP-excluded
Amplified	ambient/soundscape/underground/spooks_below/ambient/sound_03.ogg	BASE-DUP-excluded
Amplified	ambient/soundscape/underground/spooks_below/ambient/sound_04.ogg	BASE-DUP-excluded
Amplified	ambient/soundscape/underground/spooks_below/ambient/sound_05.ogg	BASE-DUP-excluded
Amplified	ambient/soundscape/underground/spooks_below/ambient/sound_06.ogg	BASE-DUP-excluded
Amplified	ambient/soundscape/underground/spooks_below/ambient/sound_07.ogg	BASE-DUP-excluded
Amplified	ambient/soundscape/underground/spooks_below/ambient/sound_08.ogg	BASE-DUP-excluded
Amplified	ambient/soundscape/underground/spooks_below/ambient/sound_09.ogg	BASE-DUP-excluded
Amplified	ambient/soundscape/underground/spooks_below/ambient/sound_10.ogg	BASE-DUP-excluded
Amplified	ambient/soundscape/underground/spooks_below/ambient/sound_11.ogg	BASE-DUP-excluded
Amplified	ambient/soundscape/underground/spooks_below/ambient/sound_12.ogg	BASE-DUP-excluded
Amplified	ambient/soundscape/underground/spooks_below/banging/sound_01.ogg	BASE-DUP-excluded
Amplified	ambient/soundscape/underground/spooks_below/banging/sound_02.ogg	BASE-DUP-excluded
Amplified	ambient/soundscape/underground/spooks_below/banging/sound_03.ogg	BASE-DUP-excluded
Amplified	ambient/soundscape/underground/spooks_below/banging/sound_04.ogg	BASE-DUP-excluded
Amplified	ambient/soundscape/underground/spooks_below/banging/sound_05.ogg	BASE-DUP-excluded
Amplified	ambient/soundscape/underground/spooks_below/banging/sound_06.ogg	BASE-DUP-excluded
Amplified	ambient/soundscape/underground/spooks_below/banging/sound_07.ogg	BASE-DUP-excluded
Amplified	ambient/soundscape/underground/spooks_below/drone/sound_01.ogg	BASE-DUP-excluded
Amplified	ambient/soundscape/underground/spooks_below/drone/sound_02.ogg	BASE-DUP-excluded
Amplified	ambient/soundscape/underground/spooks_below/drone/sound_03.ogg	BASE-DUP-excluded
Amplified	ambient/soundscape/underground/spooks_below/drone/sound_04.ogg	BASE-DUP-excluded
Amplified	ambient/soundscape/underground/spooks_below/drone/sound_05.ogg	BASE-DUP-excluded
Amplified	ambient/soundscape/underground/spooks_below/drone/sound_06.ogg	BASE-DUP-excluded
Amplified	ambient/soundscape/underground/spooks_below/drone/sound_07.ogg	USED-shipped
Amplified	ambient/soundscape/underground/spooks_below/drone/sound_08.ogg	BASE-DUP-excluded
Amplified	ambient/soundscape/underground/spooks_below/drone/sound_09.ogg	BASE-DUP-excluded
Amplified	ambient/soundscape/underground/spooks_below/drone/sound_10.ogg	BASE-DUP-excluded
Amplified	ambient/soundscape/underground/spooks_below/drone/sound_11.ogg	BASE-DUP-excluded
Amplified	ambient/soundscape/underground/spooks_below/lab/sound_01.ogg	BASE-DUP-excluded
Amplified	ambient/soundscape/underground/spooks_below/lab/sound_02.ogg	BASE-DUP-excluded
Amplified	ambient/soundscape/underground/spooks_below/lab/sound_03.ogg	BASE-DUP-excluded
Amplified	ambient/soundscape/underground/spooks_below/lab/sound_04.ogg	BASE-DUP-excluded
Amplified	ambient/soundscape/underground/spooks_below/lab/sound_05.ogg	BASE-DUP-excluded
Amplified	ambient/soundscape/underground/spooks_below/lab/sound_06.ogg	BASE-DUP-excluded
Amplified	ambient/soundscape/underground/spooks_below/machine/sound_01.ogg	BASE-DUP-excluded
Amplified	ambient/soundscape/underground/spooks_below/machine/sound_02.ogg	BASE-DUP-excluded
Amplified	ambient/soundscape/underground/spooks_below/machine/sound_03.ogg	BASE-DUP-excluded
Amplified	ambient/soundscape/underground/spooks_below/machine/sound_04.ogg	BASE-DUP-excluded
Amplified	ambient/soundscape/underground/spooks_below/machine/sound_05.ogg	BASE-DUP-excluded
Amplified	ambient/soundscape/underground/spooks_below/machine/sound_06.ogg	BASE-DUP-excluded
Amplified	ambient/soundscape/underground/spooks_below/machine/sound_07.ogg	BASE-DUP-excluded
Amplified	ambient/soundscape/underground/spooks_below/machine/sound_08.ogg	BASE-DUP-excluded
Amplified	ambient/soundscape/underground/spooks_below/machine/sound_09.ogg	BASE-DUP-excluded
Amplified	ambient/soundscape/underground/spooks_below/machine/sound_10.ogg	BASE-DUP-excluded
Amplified	ambient/soundscape/underground/spooks_below/machine/sound_11.ogg	BASE-DUP-excluded
Amplified	ambient/soundscape/underground/spooks_below/machine/sound_12.ogg	BASE-DUP-excluded
Amplified	ambient/soundscape/underground/spooks_below/metal/sound_01.ogg	BASE-DUP-excluded
Amplified	ambient/soundscape/underground/spooks_below/metal/sound_02.ogg	BASE-DUP-excluded
Amplified	ambient/soundscape/underground/spooks_below/metal/sound_03.ogg	BASE-DUP-excluded
Amplified	ambient/soundscape/underground/spooks_below/metal/sound_04.ogg	BASE-DUP-excluded
Amplified	ambient/soundscape/underground/spooks_below/metal/sound_05.ogg	BASE-DUP-excluded
Amplified	ambient/soundscape/underground/spooks_below/metal/sound_06.ogg	BASE-DUP-excluded
Amplified	ambient/soundscape/underground/spooks_below/metal/sound_07.ogg	BASE-DUP-excluded
Amplified	ambient/soundscape/underground/spooks_below/metal/sound_08.ogg	BASE-DUP-excluded
Amplified	ambient/soundscape/underground/spooks_below/metal/sound_09.ogg	BASE-DUP-excluded
Amplified	ambient/soundscape/underground/spooks_below/metal/sound_10.ogg	BASE-DUP-excluded
Amplified	ambient/soundscape/underground/spooks_below/metal/sound_11.ogg	BASE-DUP-excluded
Amplified	ambient/soundscape/underground/spooks_below/metal/sound_12.ogg	BASE-DUP-excluded
Amplified	ambient/soundscape/underground/spooks_below/metal/sound_13.ogg	BASE-DUP-excluded
Amplified	ambient/soundscape/underground/spooks_below/metal/sound_14.ogg	BASE-DUP-excluded
Amplified	ambient/soundscape/underground/spooks_below/noise/sound_01.ogg	BASE-DUP-excluded
Amplified	ambient/soundscape/underground/spooks_below/noise/sound_02.ogg	BASE-DUP-excluded
Amplified	ambient/soundscape/underground/spooks_below/noise/sound_03.ogg	BASE-DUP-excluded
Amplified	ambient/soundscape/underground/spooks_below/noise/sound_04.ogg	BASE-DUP-excluded
Amplified	ambient/soundscape/underground/spooks_below/noise/sound_05.ogg	BASE-DUP-excluded
Amplified	ambient/soundscape/underground/spooks_below/noise/sound_06.ogg	BASE-DUP-excluded
Amplified	ambient/soundscape/underground/spooks_below/noise/sound_07.ogg	BASE-DUP-excluded
Amplified	ambient/soundscape/underground/spooks_below/noise/sound_08.ogg	BASE-DUP-excluded
Amplified	ambient/soundscape/underground/spooks_below/noise/sound_09.ogg	BASE-DUP-excluded
Amplified	ambient/soundscape/underground/spooks_below/noise/sound_10.ogg	BASE-DUP-excluded
Amplified	ambient/soundscape/underground/spooks_below/noise/sound_11.ogg	BASE-DUP-excluded
Amplified	ambient/soundscape/underground/spooks_below/noise/sound_12.ogg	BASE-DUP-excluded
Amplified	ambient/soundscape/underground/spooks_below/noise/sound_13.ogg	BASE-DUP-excluded
Amplified	ambient/soundscape/underground/spooks_below/noise/sound_14.ogg	BASE-DUP-excluded
Amplified	ambient/soundscape/underground/spooks_below/noise/sound_15.ogg	BASE-DUP-excluded
Amplified	ambient/soundscape/underground/spooks_below/noise/sound_16.ogg	BASE-DUP-excluded
Amplified	ambient/soundscape/underground/spooks_below/noise/sound_17.ogg	BASE-DUP-excluded
Amplified	ambient/soundscape/underground/spooks_below/noise/sound_18.ogg	BASE-DUP-excluded
Amplified	ambient/soundscape/underground/spooks_below/noise/sound_19.ogg	BASE-DUP-excluded
Amplified	ambient/soundscape/underground/spooks_below/noise/sound_20.ogg	BASE-DUP-excluded
Amplified	ambient/soundscape/underground/spooks_below/noise/sound_21.ogg	BASE-DUP-excluded
Amplified	ambient/soundscape/underground/spooks_below/noise/sound_22.ogg	BASE-DUP-excluded
Amplified	ambient/soundscape/underground/spooks_below/noise/sound_23.ogg	BASE-DUP-excluded
Amplified	ambient/soundscape/underground/spooks_below/noise/sound_24.ogg	BASE-DUP-excluded
Amplified	ambient/soundscape/underground/spooks_below/noise/sound_25.ogg	BASE-DUP-excluded
Amplified	ambient/soundscape/underground/spooks_below/noise/sound_26.ogg	BASE-DUP-excluded
Amplified	ambient/soundscape/underground/spooks_below/noise/sound_27.ogg	BASE-DUP-excluded
Amplified	ambient/soundscape/underground/spooks_below/noise/sound_28.ogg	BASE-DUP-excluded
Amplified	ambient/soundscape/underground/spooks_below/rats/sound_01.ogg	BASE-DUP-excluded
Amplified	ambient/soundscape/underground/spooks_below/rats/sound_02.ogg	BASE-DUP-excluded
Amplified	ambient/soundscape/underground/spooks_below/rats/sound_03.ogg	BASE-DUP-excluded
Amplified	ambient/soundscape/underground/spooks_below/rats/sound_04.ogg	BASE-DUP-excluded
Amplified	ambient/soundscape/underground/spooks_below/rats/sound_05.ogg	BASE-DUP-excluded
Amplified	ambient/soundscape/underground/spooks_below/rats/sound_06.ogg	BASE-DUP-excluded
Amplified	ambient/soundscape/underground/spooks_below/rats/sound_07.ogg	USED-shipped
Amplified	ambient/soundscape/underground/spooks_below/spooks/sound_01.ogg	BASE-DUP-excluded
Amplified	ambient/soundscape/underground/spooks_below/spooks/sound_02.ogg	BASE-DUP-excluded
Amplified	ambient/soundscape/underground/spooks_below/spooks/sound_03.ogg	BASE-DUP-excluded
Amplified	ambient/soundscape/underground/spooks_below/spooks/sound_04.ogg	BASE-DUP-excluded
Amplified	ambient/soundscape/underground/spooks_below/spooks/sound_05.ogg	BASE-DUP-excluded
Amplified	ambient/soundscape/underground/spooks_below/spooks/sound_06.ogg	BASE-DUP-excluded
Amplified	ambient/soundscape/underground/spooks_below/spooks/sound_07.ogg	BASE-DUP-excluded
Amplified	ambient/soundscape/underground/spooks_below/spooks/sound_08.ogg	BASE-DUP-excluded
Amplified	ambient/soundscape/underground/spooks_below/spooks/sound_09.ogg	BASE-DUP-excluded
Amplified	ambient/soundscape/underground/spooks_below/spooks/sound_10.ogg	BASE-DUP-excluded
Amplified	ambient/soundscape/underground/spooks_below/spooks/sound_11.ogg	BASE-DUP-excluded
Amplified	ambient/soundscape/underground/spooks_below/spooks/sound_12.ogg	BASE-DUP-excluded
Amplified	ambient/soundscape/underground/spooks_below/spooks/sound_13.ogg	BASE-DUP-excluded
Amplified	ambient/soundscape/underground/spooks_below/spooks/sound_14.ogg	BASE-DUP-excluded
Amplified	ambient/soundscape/underground/spooks_below/spooks/sound_15.ogg	BASE-DUP-excluded
Amplified	ambient/soundscape/underground/spooks_below/spooks/sound_16.ogg	BASE-DUP-excluded
Amplified	ambient/soundscape/underground/spooks_below/spooks/sound_17.ogg	BASE-DUP-excluded
Amplified	ambient/soundscape/underground/spooks_below/spooks/sound_18.ogg	BASE-DUP-excluded
Amplified	ambient/soundscape/underground/spooks_below/spooks/sound_19.ogg	BASE-DUP-excluded
Amplified	ambient/soundscape/underground/spooks_below/spooks/sound_20.ogg	BASE-DUP-excluded
Amplified	ambient/soundscape/underground/spooks_below/spooks/sound_21.ogg	BASE-DUP-excluded
Amplified	ambient/soundscape/underground/spooks_below/spooks/sound_22.ogg	BASE-DUP-excluded
Amplified	ambient/soundscape/underground/spooks_below/spooks/~sound_21.ogg	USED-shipped
Amplified	ambient/soundscape/underground/spooks_below/water_drip/sound_01.ogg	BASE-DUP-excluded
Amplified	ambient/soundscape/underground/spooks_below/water_drip/sound_02.ogg	BASE-DUP-excluded
Amplified	ambient/soundscape/underground/spooks_below/water_drip/sound_03.ogg	BASE-DUP-excluded
Amplified	ambient/soundscape/underground/spooks_below/water_drip/sound_04.ogg	BASE-DUP-excluded
Amplified	ambient/soundscape/underground/spooks_below/water_drip/sound_05.ogg	BASE-DUP-excluded
Amplified	ambient/soundscape/underground/spooks_below/water_drip/sound_06.ogg	BASE-DUP-excluded
Amplified	ambient/soundscape/underground/spooks_below/water_drip/sound_07.ogg	BASE-DUP-excluded
Amplified	ambient/soundscape/underground/spooks_below/water_drip/sound_08.ogg	BASE-DUP-excluded
Amplified	ambient/soundscape/underground/spooks_below/water_drip/sound_09.ogg	BASE-DUP-excluded
Amplified	ambient/soundscape/underground/spooks_below/water_drip/sound_10.ogg	BASE-DUP-excluded
Amplified	ambient/soundscape/underground/spooks_below/water_drip/sound_11.ogg	BASE-DUP-excluded
Amplified	ambient/soundscape/underground/under_1.ogg	BASE-DUP-excluded
Amplified	ambient/soundscape/underground/under_10.ogg	BASE-DUP-excluded
Amplified	ambient/soundscape/underground/under_100.ogg	USED-effect-unshipped
Amplified	ambient/soundscape/underground/under_11.ogg	BASE-DUP-excluded
Amplified	ambient/soundscape/underground/under_12.ogg	BASE-DUP-excluded
Amplified	ambient/soundscape/underground/under_13.ogg	BASE-DUP-excluded
Amplified	ambient/soundscape/underground/under_14.ogg	BASE-DUP-excluded
Amplified	ambient/soundscape/underground/under_15.ogg	BASE-DUP-excluded
Amplified	ambient/soundscape/underground/under_16.ogg	BASE-DUP-excluded
Amplified	ambient/soundscape/underground/under_17.ogg	BASE-DUP-excluded
Amplified	ambient/soundscape/underground/under_18.ogg	BASE-DUP-excluded
Amplified	ambient/soundscape/underground/under_19.ogg	BASE-DUP-excluded
Amplified	ambient/soundscape/underground/under_2.ogg	BASE-DUP-excluded
Amplified	ambient/soundscape/underground/under_20.ogg	USED-shipped
Amplified	ambient/soundscape/underground/under_21.ogg	USED-effect-unshipped
Amplified	ambient/soundscape/underground/under_22.ogg	BASE-DUP-excluded
Amplified	ambient/soundscape/underground/under_23.ogg	USED-effect-unshipped
Amplified	ambient/soundscape/underground/under_24.ogg	BASE-DUP-excluded
Amplified	ambient/soundscape/underground/under_25.ogg	BASE-DUP-excluded
Amplified	ambient/soundscape/underground/under_26.ogg	BASE-DUP-excluded
Amplified	ambient/soundscape/underground/under_27.ogg	BASE-DUP-excluded
Amplified	ambient/soundscape/underground/under_28.ogg	BASE-DUP-excluded
Amplified	ambient/soundscape/underground/under_29.ogg	BASE-DUP-excluded
Amplified	ambient/soundscape/underground/under_3.ogg	BASE-DUP-excluded
Amplified	ambient/soundscape/underground/under_30.ogg	BASE-DUP-excluded
Amplified	ambient/soundscape/underground/under_31.ogg	HELD-loop-surplus
Amplified	ambient/soundscape/underground/under_32.ogg	INTRA-DUP-excluded
Amplified	ambient/soundscape/underground/under_33.ogg	HELD-loop-surplus
Amplified	ambient/soundscape/underground/under_34.ogg	HELD-loop-surplus
Amplified	ambient/soundscape/underground/under_35.ogg	HELD-loop-surplus
Amplified	ambient/soundscape/underground/under_36.ogg	HELD-loop-surplus
Amplified	ambient/soundscape/underground/under_37.ogg	HELD-loop-surplus
Amplified	ambient/soundscape/underground/under_38.ogg	USED-effect-unshipped
Amplified	ambient/soundscape/underground/under_39.ogg	HELD-loop-surplus
Amplified	ambient/soundscape/underground/under_4.ogg	BASE-DUP-excluded
Amplified	ambient/soundscape/underground/under_40.ogg	USED-effect-unshipped
Amplified	ambient/soundscape/underground/under_41.ogg	USED-effect-unshipped
Amplified	ambient/soundscape/underground/under_42.ogg	HELD-loop-surplus
Amplified	ambient/soundscape/underground/under_43.ogg	HELD-loop-surplus
Amplified	ambient/soundscape/underground/under_44.ogg	HELD-loop-surplus
Amplified	ambient/soundscape/underground/under_45.ogg	HELD-loop-surplus
Amplified	ambient/soundscape/underground/under_47.ogg	HELD-loop-surplus
Amplified	ambient/soundscape/underground/under_48.ogg	HELD-loop-surplus
Amplified	ambient/soundscape/underground/under_49.ogg	HELD-loop-surplus
Amplified	ambient/soundscape/underground/under_5.ogg	BASE-DUP-excluded
Amplified	ambient/soundscape/underground/under_50.ogg	USED-effect-unshipped
Amplified	ambient/soundscape/underground/under_51.ogg	USED-effect-unshipped
Amplified	ambient/soundscape/underground/under_52.ogg	USED-effect-unshipped
Amplified	ambient/soundscape/underground/under_53.ogg	BASE-DUP-excluded
Amplified	ambient/soundscape/underground/under_54.ogg	HELD-loop-surplus
Amplified	ambient/soundscape/underground/under_55.ogg	HELD-loop-surplus
Amplified	ambient/soundscape/underground/under_56.ogg	HELD-loop-surplus
Amplified	ambient/soundscape/underground/under_57.ogg	USED-effect-unshipped
Amplified	ambient/soundscape/underground/under_58.ogg	USED-effect-unshipped
Amplified	ambient/soundscape/underground/under_59.ogg	HELD-loop-surplus
Amplified	ambient/soundscape/underground/under_6.ogg	BASE-DUP-excluded
Amplified	ambient/soundscape/underground/under_60.ogg	USED-effect-unshipped
Amplified	ambient/soundscape/underground/under_61.ogg	HELD-loop-surplus
Amplified	ambient/soundscape/underground/under_62.ogg	BASE-DUP-excluded
Amplified	ambient/soundscape/underground/under_63.ogg	USED-effect-unshipped
Amplified	ambient/soundscape/underground/under_64.ogg	HELD-loop-surplus
Amplified	ambient/soundscape/underground/under_65.ogg	HELD-loop-surplus
Amplified	ambient/soundscape/underground/under_66.ogg	HELD-loop-surplus
Amplified	ambient/soundscape/underground/under_67.ogg	HELD-loop-surplus
Amplified	ambient/soundscape/underground/under_68.ogg	HELD-loop-surplus
Amplified	ambient/soundscape/underground/under_69.ogg	USED-effect-unshipped
Amplified	ambient/soundscape/underground/under_7.ogg	BASE-DUP-excluded
Amplified	ambient/soundscape/underground/under_70.ogg	USED-effect-unshipped
Amplified	ambient/soundscape/underground/under_71.ogg	USED-effect-unshipped
Amplified	ambient/soundscape/underground/under_72.ogg	USED-effect-unshipped
Amplified	ambient/soundscape/underground/under_73.ogg	USED-effect-unshipped
Amplified	ambient/soundscape/underground/under_74.ogg	HELD-loop-surplus
Amplified	ambient/soundscape/underground/under_75.ogg	USED-effect-unshipped
Amplified	ambient/soundscape/underground/under_76.ogg	HELD-loop-surplus
Amplified	ambient/soundscape/underground/under_77.ogg	USED-effect-unshipped
Amplified	ambient/soundscape/underground/under_78.ogg	HELD-loop-surplus
Amplified	ambient/soundscape/underground/under_79.ogg	USED-effect-unshipped
Amplified	ambient/soundscape/underground/under_8.ogg	BASE-DUP-excluded
Amplified	ambient/soundscape/underground/under_80.ogg	USED-effect-unshipped
Amplified	ambient/soundscape/underground/under_81.ogg	HELD-loop-surplus
Amplified	ambient/soundscape/underground/under_82.ogg	HELD-loop-surplus
Amplified	ambient/soundscape/underground/under_83.ogg	BASE-DUP-excluded
Amplified	ambient/soundscape/underground/under_84.ogg	HELD-loop-surplus
Amplified	ambient/soundscape/underground/under_85.ogg	HELD-loop-surplus
Amplified	ambient/soundscape/underground/under_86.ogg	HELD-loop-surplus
Amplified	ambient/soundscape/underground/under_87.ogg	HELD-loop-surplus
Amplified	ambient/soundscape/underground/under_88.ogg	USED-effect-unshipped
Amplified	ambient/soundscape/underground/under_89.ogg	HELD-loop-surplus
Amplified	ambient/soundscape/underground/under_9.ogg	BASE-DUP-excluded
Amplified	ambient/soundscape/underground/under_90.ogg	BASE-DUP-excluded
Amplified	ambient/soundscape/underground/under_91.ogg	HELD-loop-surplus
Amplified	ambient/soundscape/underground/under_92.ogg	USED-effect-unshipped
Amplified	ambient/soundscape/underground/under_93.ogg	USED-effect-unshipped
Amplified	ambient/soundscape/underground/under_94.ogg	USED-effect-unshipped
Amplified	ambient/soundscape/underground/under_95.ogg	USED-effect-unshipped
Amplified	ambient/soundscape/underground/under_96.ogg	USED-effect-unshipped
Amplified	ambient/soundscape/underground/under_97.ogg	USED-effect-unshipped
Amplified	ambient/soundscape/underground/under_98.ogg	USED-effect-unshipped
Amplified	ambient/soundscape/underground/under_99.ogg	USED-effect-unshipped
Amplified	ambient/soundscape/urban/ambienturban_1.ogg	BASE-DUP-excluded
Amplified	ambient/soundscape/urban/ambienturban_10.ogg	BASE-DUP-excluded
Amplified	ambient/soundscape/urban/ambienturban_11.ogg	BASE-DUP-excluded
Amplified	ambient/soundscape/urban/ambienturban_12.ogg	BASE-DUP-excluded
Amplified	ambient/soundscape/urban/ambienturban_13.ogg	BASE-DUP-excluded
Amplified	ambient/soundscape/urban/ambienturban_14.ogg	BASE-DUP-excluded
Amplified	ambient/soundscape/urban/ambienturban_15.ogg	BASE-DUP-excluded
Amplified	ambient/soundscape/urban/ambienturban_16.ogg	off-scope-or-dup
Amplified	ambient/soundscape/urban/ambienturban_17.ogg	BASE-DUP-excluded
Amplified	ambient/soundscape/urban/ambienturban_18.ogg	BASE-DUP-excluded
Amplified	ambient/soundscape/urban/ambienturban_19.ogg	BASE-DUP-excluded
Amplified	ambient/soundscape/urban/ambienturban_2.ogg	BASE-DUP-excluded
Amplified	ambient/soundscape/urban/ambienturban_20.ogg	BASE-DUP-excluded
Amplified	ambient/soundscape/urban/ambienturban_21.ogg	BASE-DUP-excluded
Amplified	ambient/soundscape/urban/ambienturban_22.ogg	BASE-DUP-excluded
Amplified	ambient/soundscape/urban/ambienturban_23.ogg	BASE-DUP-excluded
Amplified	ambient/soundscape/urban/ambienturban_24.ogg	BASE-DUP-excluded
Amplified	ambient/soundscape/urban/ambienturban_25.ogg	BASE-DUP-excluded
Amplified	ambient/soundscape/urban/ambienturban_26.ogg	BASE-DUP-excluded
Amplified	ambient/soundscape/urban/ambienturban_27.ogg	BASE-DUP-excluded
Amplified	ambient/soundscape/urban/ambienturban_28.ogg	off-scope-or-dup
Amplified	ambient/soundscape/urban/ambienturban_29.ogg	off-scope-or-dup
Amplified	ambient/soundscape/urban/ambienturban_3.ogg	BASE-DUP-excluded
Amplified	ambient/soundscape/urban/ambienturban_30.ogg	off-scope-or-dup
Amplified	ambient/soundscape/urban/ambienturban_31.ogg	off-scope-or-dup
Amplified	ambient/soundscape/urban/ambienturban_32.ogg	off-scope-or-dup
Amplified	ambient/soundscape/urban/ambienturban_33.ogg	off-scope-or-dup
Amplified	ambient/soundscape/urban/ambienturban_34.ogg	off-scope-or-dup
Amplified	ambient/soundscape/urban/ambienturban_35.ogg	off-scope-or-dup
Amplified	ambient/soundscape/urban/ambienturban_36.ogg	off-scope-or-dup
Amplified	ambient/soundscape/urban/ambienturban_37.ogg	off-scope-or-dup
Amplified	ambient/soundscape/urban/ambienturban_38.ogg	off-scope-or-dup
Amplified	ambient/soundscape/urban/ambienturban_39.ogg	off-scope-or-dup
Amplified	ambient/soundscape/urban/ambienturban_4.ogg	BASE-DUP-excluded
Amplified	ambient/soundscape/urban/ambienturban_40.ogg	off-scope-or-dup
Amplified	ambient/soundscape/urban/ambienturban_41.ogg	off-scope-or-dup
Amplified	ambient/soundscape/urban/ambienturban_42.ogg	off-scope-or-dup
Amplified	ambient/soundscape/urban/ambienturban_43.ogg	off-scope-or-dup
Amplified	ambient/soundscape/urban/ambienturban_44.ogg	off-scope-or-dup
Amplified	ambient/soundscape/urban/ambienturban_45.ogg	off-scope-or-dup
Amplified	ambient/soundscape/urban/ambienturban_46.ogg	off-scope-or-dup
Amplified	ambient/soundscape/urban/ambienturban_47.ogg	off-scope-or-dup
Amplified	ambient/soundscape/urban/ambienturban_48.ogg	off-scope-or-dup
Amplified	ambient/soundscape/urban/ambienturban_49.ogg	off-scope-or-dup
Amplified	ambient/soundscape/urban/ambienturban_5.ogg	BASE-DUP-excluded
Amplified	ambient/soundscape/urban/ambienturban_50.ogg	off-scope-or-dup
Amplified	ambient/soundscape/urban/ambienturban_51.ogg	off-scope-or-dup
Amplified	ambient/soundscape/urban/ambienturban_52.ogg	off-scope-or-dup
Amplified	ambient/soundscape/urban/ambienturban_54.ogg	off-scope-or-dup
Amplified	ambient/soundscape/urban/ambienturban_55.ogg	off-scope-or-dup
Amplified	ambient/soundscape/urban/ambienturban_56.ogg	off-scope-or-dup
Amplified	ambient/soundscape/urban/ambienturban_57.ogg	off-scope-or-dup
Amplified	ambient/soundscape/urban/ambienturban_58.ogg	off-scope-or-dup
Amplified	ambient/soundscape/urban/ambienturban_59.ogg	off-scope-or-dup
Amplified	ambient/soundscape/urban/ambienturban_6.ogg	BASE-DUP-excluded
Amplified	ambient/soundscape/urban/ambienturban_60.ogg	off-scope-or-dup
Amplified	ambient/soundscape/urban/ambienturban_61.ogg	off-scope-or-dup
Amplified	ambient/soundscape/urban/ambienturban_62.ogg	off-scope-or-dup
Amplified	ambient/soundscape/urban/ambienturban_63.ogg	off-scope-or-dup
Amplified	ambient/soundscape/urban/ambienturban_64.ogg	off-scope-or-dup
Amplified	ambient/soundscape/urban/ambienturban_65.ogg	off-scope-or-dup
Amplified	ambient/soundscape/urban/ambienturban_66.ogg	off-scope-or-dup
Amplified	ambient/soundscape/urban/ambienturban_67.ogg	USED-shipped
Amplified	ambient/soundscape/urban/ambienturban_68.ogg	off-scope-or-dup
Amplified	ambient/soundscape/urban/ambienturban_69.ogg	USED-shipped
Amplified	ambient/soundscape/urban/ambienturban_7.ogg	BASE-DUP-excluded
Amplified	ambient/soundscape/urban/ambienturban_70.ogg	USED-shipped
Amplified	ambient/soundscape/urban/ambienturban_71.ogg	USED-shipped
Amplified	ambient/soundscape/urban/ambienturban_72.ogg	USED-shipped
Amplified	ambient/soundscape/urban/ambienturban_73.ogg	USED-shipped
Amplified	ambient/soundscape/urban/ambienturban_74.ogg	HELD-loop-surplus
Amplified	ambient/soundscape/urban/ambienturban_75.ogg	USED-shipped
Amplified	ambient/soundscape/urban/ambienturban_76.ogg	off-scope-or-dup
Amplified	ambient/soundscape/urban/ambienturban_77.ogg	off-scope-or-dup
Amplified	ambient/soundscape/urban/ambienturban_78.ogg	off-scope-or-dup
Amplified	ambient/soundscape/urban/ambienturban_79.ogg	off-scope-or-dup
Amplified	ambient/soundscape/urban/ambienturban_8.ogg	BASE-DUP-excluded
Amplified	ambient/soundscape/urban/ambienturban_80.ogg	off-scope-or-dup
Amplified	ambient/soundscape/urban/ambienturban_81.ogg	off-scope-or-dup
Amplified	ambient/soundscape/urban/ambienturban_82.ogg	off-scope-or-dup
Amplified	ambient/soundscape/urban/ambienturban_83.ogg	off-scope-or-dup
Amplified	ambient/soundscape/urban/ambienturban_84.ogg	off-scope-or-dup
Amplified	ambient/soundscape/urban/ambienturban_85.ogg	off-scope-or-dup
Amplified	ambient/soundscape/urban/ambienturban_86.ogg	off-scope-or-dup
Amplified	ambient/soundscape/urban/ambienturban_87.ogg	off-scope-or-dup
Amplified	ambient/soundscape/urban/ambienturban_88.ogg	off-scope-or-dup
Amplified	ambient/soundscape/urban/ambienturban_89.ogg	off-scope-or-dup
Amplified	ambient/soundscape/urban/ambienturban_9.ogg	BASE-DUP-excluded
Amplified	ambient/soundscape/urban/ambienturban_90.ogg	off-scope-or-dup
Amplified	ambient/soundscape/urban_debris/Urbandebris1.ogg	USED-shipped
Amplified	ambient/soundscape/urban_debris/Urbandebris10.ogg	USED-shipped
Amplified	ambient/soundscape/urban_debris/Urbandebris2.ogg	USED-shipped
Amplified	ambient/soundscape/urban_debris/Urbandebris3.ogg	USED-shipped
Amplified	ambient/soundscape/urban_debris/Urbandebris4.ogg	USED-shipped
Amplified	ambient/soundscape/urban_debris/Urbandebris5.ogg	USED-shipped
Amplified	ambient/soundscape/urban_debris/Urbandebris6.ogg	USED-shipped
Amplified	ambient/soundscape/urban_debris/Urbandebris7.ogg	USED-shipped
Amplified	ambient/soundscape/urban_debris/Urbandebris8.ogg	USED-shipped
Amplified	ambient/soundscape/urban_debris/Urbandebris9.ogg	USED-shipped
Amplified	ambient/soundscape/wind/emissionwind1.ogg	EMISSION-excluded
Amplified	ambient/soundscape/wind/emissionwind10.ogg	EMISSION-excluded
Amplified	ambient/soundscape/wind/emissionwind11.ogg	EMISSION-excluded
Amplified	ambient/soundscape/wind/emissionwind12.ogg	EMISSION-excluded
Amplified	ambient/soundscape/wind/emissionwind13.ogg	EMISSION-excluded
Amplified	ambient/soundscape/wind/emissionwind2.ogg	EMISSION-excluded
Amplified	ambient/soundscape/wind/emissionwind3.ogg	EMISSION-excluded
Amplified	ambient/soundscape/wind/emissionwind4.ogg	EMISSION-excluded
Amplified	ambient/soundscape/wind/emissionwind5.ogg	EMISSION-excluded
Amplified	ambient/soundscape/wind/emissionwind6.ogg	EMISSION-excluded
Amplified	ambient/soundscape/wind/emissionwind7.ogg	EMISSION-excluded
Amplified	ambient/soundscape/wind/emissionwind9.ogg	EMISSION-excluded
Amplified	ambient/soundscape/wind/fieldgust1.ogg	off-scope-or-dup
Amplified	ambient/soundscape/wind/fieldgust10.ogg	off-scope-or-dup
Amplified	ambient/soundscape/wind/fieldgust11.ogg	off-scope-or-dup
Amplified	ambient/soundscape/wind/fieldgust12.ogg	off-scope-or-dup
Amplified	ambient/soundscape/wind/fieldgust13.ogg	off-scope-or-dup
Amplified	ambient/soundscape/wind/fieldgust14.ogg	off-scope-or-dup
Amplified	ambient/soundscape/wind/fieldgust2.ogg	off-scope-or-dup
Amplified	ambient/soundscape/wind/fieldgust3.ogg	off-scope-or-dup
Amplified	ambient/soundscape/wind/fieldgust4.ogg	off-scope-or-dup
Amplified	ambient/soundscape/wind/fieldgust5.ogg	off-scope-or-dup
Amplified	ambient/soundscape/wind/fieldgust6.ogg	off-scope-or-dup
Amplified	ambient/soundscape/wind/fieldgust7.ogg	off-scope-or-dup
Amplified	ambient/soundscape/wind/fieldgust8.ogg	off-scope-or-dup
Amplified	ambient/soundscape/wind/fieldgust9.ogg	off-scope-or-dup
Amplified	ambient/soundscape/wind/Forestgust1.ogg	off-scope-or-dup
Amplified	ambient/soundscape/wind/Forestgust10.ogg	off-scope-or-dup
Amplified	ambient/soundscape/wind/Forestgust11.ogg	off-scope-or-dup
Amplified	ambient/soundscape/wind/Forestgust12.ogg	off-scope-or-dup
Amplified	ambient/soundscape/wind/Forestgust2.ogg	off-scope-or-dup
Amplified	ambient/soundscape/wind/Forestgust3.ogg	off-scope-or-dup
Amplified	ambient/soundscape/wind/Forestgust4.ogg	off-scope-or-dup
Amplified	ambient/soundscape/wind/Forestgust5.ogg	off-scope-or-dup
Amplified	ambient/soundscape/wind/Forestgust6.ogg	off-scope-or-dup
Amplified	ambient/soundscape/wind/Forestgust7.ogg	off-scope-or-dup
Amplified	ambient/soundscape/wind/Forestgust8.ogg	off-scope-or-dup
Amplified	ambient/soundscape/wind/Forestgust9.ogg	off-scope-or-dup
Amplified	ambient/soundscape/wind/Galewind1.ogg	HELD-loop-surplus
Amplified	ambient/soundscape/wind/Galewind10.ogg	HELD-loop-surplus
Amplified	ambient/soundscape/wind/Galewind11.ogg	HELD-loop-surplus
Amplified	ambient/soundscape/wind/Galewind12.ogg	HELD-loop-surplus
Amplified	ambient/soundscape/wind/Galewind13.ogg	HELD-loop-surplus
Amplified	ambient/soundscape/wind/Galewind14.ogg	HELD-loop-surplus
Amplified	ambient/soundscape/wind/Galewind15.ogg	HELD-loop-surplus
Amplified	ambient/soundscape/wind/Galewind16.ogg	HELD-loop-surplus
Amplified	ambient/soundscape/wind/Galewind17.ogg	HELD-loop-surplus
Amplified	ambient/soundscape/wind/Galewind18.ogg	HELD-loop-surplus
Amplified	ambient/soundscape/wind/Galewind19.ogg	off-scope-or-dup
Amplified	ambient/soundscape/wind/Galewind2.ogg	HELD-loop-surplus
Amplified	ambient/soundscape/wind/Galewind3.ogg	HELD-loop-surplus
Amplified	ambient/soundscape/wind/Galewind4.ogg	HELD-loop-surplus
Amplified	ambient/soundscape/wind/Galewind5.ogg	HELD-loop-surplus
Amplified	ambient/soundscape/wind/Galewind6.ogg	HELD-loop-surplus
Amplified	ambient/soundscape/wind/Galewind7.ogg	HELD-loop-surplus
Amplified	ambient/soundscape/wind/Galewind8.ogg	HELD-loop-surplus
Amplified	ambient/soundscape/wind/Galewind9.ogg	HELD-loop-surplus
Amplified	ambient/soundscape/wind/housewind01.ogg	off-scope-or-dup
Amplified	ambient/soundscape/wind/housewind02.ogg	off-scope-or-dup
Amplified	ambient/soundscape/wind/housewind03.ogg	off-scope-or-dup
Amplified	ambient/soundscape/wind/housewind04.ogg	off-scope-or-dup
Amplified	ambient/soundscape/wind/housewind05.ogg	off-scope-or-dup
Amplified	ambient/soundscape/wind/housewind06.ogg	off-scope-or-dup
Amplified	ambient/soundscape/wind/housewind07.ogg	off-scope-or-dup
Amplified	ambient/soundscape/wind/housewind08.ogg	off-scope-or-dup
Amplified	ambient/soundscape/wind/housewind09.ogg	off-scope-or-dup
Amplified	ambient/soundscape/wind/housewind10.ogg	off-scope-or-dup
Amplified	ambient/soundscape/wind/housewind11.ogg	off-scope-or-dup
Amplified	ambient/soundscape/wind/housewind12.ogg	off-scope-or-dup
Amplified	ambient/soundscape/wind/housewind13.ogg	off-scope-or-dup
Amplified	ambient/soundscape/wind/housewind14.ogg	off-scope-or-dup
Amplified	ambient/soundscape/wind/housewind15.ogg	off-scope-or-dup
Amplified	ambient/soundscape/wind/housewind16.ogg	off-scope-or-dup
Amplified	ambient/soundscape/wind/housewind17.ogg	off-scope-or-dup
Amplified	ambient/soundscape/wind/housewind18.ogg	off-scope-or-dup
Amplified	ambient/soundscape/wind/housewind19.ogg	off-scope-or-dup
Amplified	ambient/soundscape/wind/housewind20.ogg	off-scope-or-dup
Amplified	ambient/soundscape/wind/housewind21.ogg	off-scope-or-dup
Amplified	ambient/soundscape/wind/housewind22.ogg	off-scope-or-dup
Amplified	ambient/soundscape/wind/Leavegust1.ogg	off-scope-or-dup
Amplified	ambient/soundscape/wind/Leavegust10.ogg	off-scope-or-dup
Amplified	ambient/soundscape/wind/Leavegust11.ogg	off-scope-or-dup
Amplified	ambient/soundscape/wind/Leavegust12.ogg	off-scope-or-dup
Amplified	ambient/soundscape/wind/Leavegust13.ogg	off-scope-or-dup
Amplified	ambient/soundscape/wind/Leavegust14.ogg	off-scope-or-dup
Amplified	ambient/soundscape/wind/Leavegust15.ogg	off-scope-or-dup
Amplified	ambient/soundscape/wind/Leavegust16.ogg	off-scope-or-dup
Amplified	ambient/soundscape/wind/Leavegust2.ogg	off-scope-or-dup
Amplified	ambient/soundscape/wind/Leavegust3.ogg	off-scope-or-dup
Amplified	ambient/soundscape/wind/Leavegust4.ogg	off-scope-or-dup
Amplified	ambient/soundscape/wind/Leavegust5.ogg	off-scope-or-dup
Amplified	ambient/soundscape/wind/Leavegust6.ogg	off-scope-or-dup
Amplified	ambient/soundscape/wind/Leavegust7.ogg	off-scope-or-dup
Amplified	ambient/soundscape/wind/Leavegust8.ogg	off-scope-or-dup
Amplified	ambient/soundscape/wind/Leavegust9.ogg	off-scope-or-dup
Amplified	ambient/soundscape/wind/Lushgust1.ogg	off-scope-or-dup
Amplified	ambient/soundscape/wind/lushgust2.ogg	off-scope-or-dup
Amplified	ambient/soundscape/wind/lushgust3.ogg	off-scope-or-dup
Amplified	ambient/soundscape/wind/lushgust4.ogg	off-scope-or-dup
Amplified	ambient/soundscape/wind/lushgust5.ogg	off-scope-or-dup
Amplified	ambient/soundscape/wind/lushgust6.ogg	off-scope-or-dup
Amplified	ambient/soundscape/wind/lushgust7.ogg	off-scope-or-dup
Amplified	ambient/soundscape/wind/lushgust8.ogg	off-scope-or-dup
Amplified	ambient/soundscape/wind/Oakgust1.ogg	off-scope-or-dup
Amplified	ambient/soundscape/wind/Oakgust10.ogg	off-scope-or-dup
Amplified	ambient/soundscape/wind/Oakgust11.ogg	off-scope-or-dup
Amplified	ambient/soundscape/wind/Oakgust12.ogg	off-scope-or-dup
Amplified	ambient/soundscape/wind/Oakgust2.ogg	off-scope-or-dup
Amplified	ambient/soundscape/wind/Oakgust3.ogg	off-scope-or-dup
Amplified	ambient/soundscape/wind/Oakgust4.ogg	off-scope-or-dup
Amplified	ambient/soundscape/wind/Oakgust5.ogg	off-scope-or-dup
Amplified	ambient/soundscape/wind/Oakgust6.ogg	off-scope-or-dup
Amplified	ambient/soundscape/wind/Oakgust7.ogg	off-scope-or-dup
Amplified	ambient/soundscape/wind/Oakgust8.ogg	off-scope-or-dup
Amplified	ambient/soundscape/wind/Oakgust9.ogg	off-scope-or-dup
Amplified	ambient/soundscape/wind/smallgust1.ogg	off-scope-or-dup
Amplified	ambient/soundscape/wind/smallgust2.ogg	off-scope-or-dup
Amplified	ambient/soundscape/wind/smallgust3.ogg	off-scope-or-dup
Amplified	ambient/soundscape/wind/smallgust4.ogg	off-scope-or-dup
Amplified	ambient/soundscape/wind/smallgust5.ogg	off-scope-or-dup
Amplified	ambient/soundscape/wind/smallgust6.ogg	off-scope-or-dup
Amplified	ambient/soundscape/wind/smallgust7.ogg	off-scope-or-dup
Amplified	ambient/soundscape/wind/smallgust8.ogg	off-scope-or-dup
Amplified	ambient/soundscape/wind/smallgust9.ogg	off-scope-or-dup
Amplified	ambient/soundscape/wind/Spookgust1.ogg	HELD-loop-surplus
Amplified	ambient/soundscape/wind/Spookgust10.ogg	HELD-loop-surplus
Amplified	ambient/soundscape/wind/Spookgust11.ogg	USED-shipped
Amplified	ambient/soundscape/wind/Spookgust12.ogg	HELD-loop-surplus
Amplified	ambient/soundscape/wind/Spookgust13.ogg	HELD-loop-surplus
Amplified	ambient/soundscape/wind/Spookgust14.ogg	HELD-loop-surplus
Amplified	ambient/soundscape/wind/Spookgust15.ogg	HELD-loop-surplus
Amplified	ambient/soundscape/wind/Spookgust16.ogg	HELD-loop-surplus
Amplified	ambient/soundscape/wind/Spookgust17.ogg	HELD-loop-surplus
Amplified	ambient/soundscape/wind/Spookgust18.ogg	USED-shipped
Amplified	ambient/soundscape/wind/Spookgust19.ogg	USED-shipped
Amplified	ambient/soundscape/wind/Spookgust2.ogg	HELD-loop-surplus
Amplified	ambient/soundscape/wind/Spookgust20.ogg	USED-shipped
Amplified	ambient/soundscape/wind/Spookgust21.ogg	USED-shipped
Amplified	ambient/soundscape/wind/Spookgust22.ogg	USED-shipped
Amplified	ambient/soundscape/wind/Spookgust23.ogg	USED-shipped
Amplified	ambient/soundscape/wind/Spookgust3.ogg	USED-shipped
Amplified	ambient/soundscape/wind/Spookgust4.ogg	USED-shipped
Amplified	ambient/soundscape/wind/Spookgust5.ogg	USED-shipped
Amplified	ambient/soundscape/wind/Spookgust6.ogg	HELD-loop-surplus
Amplified	ambient/soundscape/wind/Spookgust7.ogg	HELD-loop-surplus
Amplified	ambient/soundscape/wind/Spookgust8.ogg	HELD-loop-surplus
Amplified	ambient/soundscape/wind/Spookgust9.ogg	HELD-loop-surplus
Amplified	ambient/soundscape/wind/Spookgustu1.ogg	USED-shipped
Amplified	ambient/soundscape/wind/Spookgustu2.ogg	USED-shipped
Amplified	ambient/soundscape/wind/Spookgustu3.ogg	USED-shipped
Amplified	ambient/soundscape/wind/Spookgustu4.ogg	USED-shipped
Amplified	ambient/soundscape/wind/Spookgustu5.ogg	USED-shipped
Amplified	ambient/soundscape/wind/Spookgustu6.ogg	USED-shipped
Amplified	ambient/soundscape/wind/stormtree1.ogg	USED-shipped
Amplified	ambient/soundscape/wind/stormtree10.ogg	USED-shipped
Amplified	ambient/soundscape/wind/stormtree11.ogg	USED-shipped
Amplified	ambient/soundscape/wind/stormtree12.ogg	USED-shipped
Amplified	ambient/soundscape/wind/stormtree13.ogg	USED-shipped
Amplified	ambient/soundscape/wind/stormtree2.ogg	USED-shipped
Amplified	ambient/soundscape/wind/stormtree3.ogg	USED-shipped
Amplified	ambient/soundscape/wind/stormtree4.ogg	USED-shipped
Amplified	ambient/soundscape/wind/stormtree5.ogg	USED-shipped
Amplified	ambient/soundscape/wind/stormtree6.ogg	USED-shipped
Amplified	ambient/soundscape/wind/stormtree7.ogg	USED-shipped
Amplified	ambient/soundscape/wind/stormtree8.ogg	USED-shipped
Amplified	ambient/soundscape/wind/stormtree9.ogg	USED-shipped
Amplified	ambient/soundscape/wind/strongust1.ogg	HELD-loop-surplus
Amplified	ambient/soundscape/wind/strongust10.ogg	HELD-loop-surplus
Amplified	ambient/soundscape/wind/strongust11.ogg	off-scope-or-dup
Amplified	ambient/soundscape/wind/strongust12.ogg	off-scope-or-dup
Amplified	ambient/soundscape/wind/strongust13.ogg	off-scope-or-dup
Amplified	ambient/soundscape/wind/strongust2.ogg	HELD-loop-surplus
Amplified	ambient/soundscape/wind/strongust3.ogg	HELD-loop-surplus
Amplified	ambient/soundscape/wind/strongust4.ogg	USED-shipped
Amplified	ambient/soundscape/wind/strongust5.ogg	HELD-loop-surplus
Amplified	ambient/soundscape/wind/strongust6.ogg	HELD-loop-surplus
Amplified	ambient/soundscape/wind/strongust7.ogg	HELD-loop-surplus
Amplified	ambient/soundscape/wind/strongust8.ogg	HELD-loop-surplus
Amplified	ambient/soundscape/wind/strongust9.ogg	HELD-loop-surplus
Amplified	ambient/soundscape/wind/swampgust1.ogg	off-scope-or-dup
Amplified	ambient/soundscape/wind/swampgust2.ogg	off-scope-or-dup
Amplified	ambient/soundscape/wind/swampgust3.ogg	off-scope-or-dup
Amplified	ambient/soundscape/wind/swampgust4.ogg	off-scope-or-dup
Amplified	ambient/soundscape/wind/swampgust5.ogg	off-scope-or-dup
Amplified	ambient/soundscape/wind/swampgust6.ogg	off-scope-or-dup
Amplified	ambient/soundscape/wind/swampgust7.ogg	off-scope-or-dup
Amplified	ambient/soundscape/wind/Trashgust1.ogg	off-scope-or-dup
Amplified	ambient/soundscape/wind/Trashgust10.ogg	off-scope-or-dup
Amplified	ambient/soundscape/wind/Trashgust11.ogg	off-scope-or-dup
Amplified	ambient/soundscape/wind/Trashgust12.ogg	off-scope-or-dup
Amplified	ambient/soundscape/wind/Trashgust13.ogg	off-scope-or-dup
Amplified	ambient/soundscape/wind/Trashgust2.ogg	off-scope-or-dup
Amplified	ambient/soundscape/wind/Trashgust3.ogg	off-scope-or-dup
Amplified	ambient/soundscape/wind/Trashgust4.ogg	off-scope-or-dup
Amplified	ambient/soundscape/wind/Trashgust5.ogg	off-scope-or-dup
Amplified	ambient/soundscape/wind/Trashgust6.ogg	off-scope-or-dup
Amplified	ambient/soundscape/wind/Trashgust7.ogg	off-scope-or-dup
Amplified	ambient/soundscape/wind/Trashgust8.ogg	off-scope-or-dup
Amplified	ambient/soundscape/wind/Trashgust9.ogg	off-scope-or-dup
Amplified	ambient/soundscape/wind/treegust1.ogg	off-scope-or-dup
Amplified	ambient/soundscape/wind/treegust2.ogg	off-scope-or-dup
Amplified	ambient/soundscape/wind/treegust3.ogg	off-scope-or-dup
Amplified	ambient/soundscape/wind/treegust4.ogg	off-scope-or-dup
Amplified	ambient/soundscape/wind/treegust5.ogg	off-scope-or-dup
Amplified	ambient/soundscape/wind/treegust6.ogg	off-scope-or-dup
Amplified	ambient/soundscape/wind/treegust7.ogg	off-scope-or-dup
Amplified	ambient/soundscape/wind/treegust8.ogg	off-scope-or-dup
Amplified	ambient/soundscape/wind/treegust9.ogg	off-scope-or-dup
Amplified	ambient/soundscape/wind/Urbangust1.ogg	off-scope-or-dup
Amplified	ambient/soundscape/wind/Urbangust10.ogg	off-scope-or-dup
Amplified	ambient/soundscape/wind/Urbangust11.ogg	off-scope-or-dup
Amplified	ambient/soundscape/wind/Urbangust12.ogg	off-scope-or-dup
Amplified	ambient/soundscape/wind/Urbangust13.ogg	off-scope-or-dup
Amplified	ambient/soundscape/wind/Urbangust14.ogg	off-scope-or-dup
Amplified	ambient/soundscape/wind/Urbangust15.ogg	off-scope-or-dup
Amplified	ambient/soundscape/wind/Urbangust16.ogg	off-scope-or-dup
Amplified	ambient/soundscape/wind/Urbangust17.ogg	off-scope-or-dup
Amplified	ambient/soundscape/wind/Urbangust18.ogg	off-scope-or-dup
Amplified	ambient/soundscape/wind/Urbangust19.ogg	off-scope-or-dup
Amplified	ambient/soundscape/wind/Urbangust2.ogg	off-scope-or-dup
Amplified	ambient/soundscape/wind/Urbangust20.ogg	off-scope-or-dup
Amplified	ambient/soundscape/wind/Urbangust3.ogg	off-scope-or-dup
Amplified	ambient/soundscape/wind/Urbangust4.ogg	off-scope-or-dup
Amplified	ambient/soundscape/wind/Urbangust5.ogg	off-scope-or-dup
Amplified	ambient/soundscape/wind/Urbangust6.ogg	off-scope-or-dup
Amplified	ambient/soundscape/wind/Urbangust7.ogg	off-scope-or-dup
Amplified	ambient/soundscape/wind/Urbangust8.ogg	off-scope-or-dup
Amplified	ambient/soundscape/wind/Urbangust9.ogg	off-scope-or-dup
Amplified	ambient/soundscape/wind/Urbanstorm1.ogg	HELD-loop-surplus
Amplified	ambient/soundscape/wind/Urbanstorm10.ogg	HELD-loop-surplus
Amplified	ambient/soundscape/wind/Urbanstorm11.ogg	HELD-loop-surplus
Amplified	ambient/soundscape/wind/Urbanstorm12.ogg	USED-shipped
Amplified	ambient/soundscape/wind/Urbanstorm13.ogg	USED-shipped
Amplified	ambient/soundscape/wind/Urbanstorm14.ogg	USED-shipped
Amplified	ambient/soundscape/wind/Urbanstorm15.ogg	HELD-loop-surplus
Amplified	ambient/soundscape/wind/Urbanstorm2.ogg	HELD-loop-surplus
Amplified	ambient/soundscape/wind/Urbanstorm3.ogg	HELD-loop-surplus
Amplified	ambient/soundscape/wind/Urbanstorm4.ogg	HELD-loop-surplus
Amplified	ambient/soundscape/wind/Urbanstorm5.ogg	HELD-loop-surplus
Amplified	ambient/soundscape/wind/Urbanstorm6.ogg	HELD-loop-surplus
Amplified	ambient/soundscape/wind/Urbanstorm7.ogg	HELD-loop-surplus
Amplified	ambient/soundscape/wind/Urbanstorm8.ogg	HELD-loop-surplus
Amplified	ambient/soundscape/wind/Urbanstorm9.ogg	HELD-loop-surplus
Amplified	ambient/soundscape/wind/windbush_1.ogg	off-scope-or-dup
Amplified	ambient/soundscape/wind/windbush_2.ogg	off-scope-or-dup
Amplified	ambient/soundscape/wind/windbush_3.ogg	off-scope-or-dup
Amplified	ambient/soundscape/wind/windbush_4.ogg	off-scope-or-dup
Amplified	ambient/soundscape/wind/windbush_5.ogg	off-scope-or-dup
Amplified	ambient/soundscape/wind/Windgust1.ogg	off-scope-or-dup
Amplified	ambient/soundscape/wind/Windgust10.ogg	off-scope-or-dup
Amplified	ambient/soundscape/wind/Windgust11.ogg	off-scope-or-dup
Amplified	ambient/soundscape/wind/Windgust12.ogg	off-scope-or-dup
Amplified	ambient/soundscape/wind/Windgust13.ogg	off-scope-or-dup
Amplified	ambient/soundscape/wind/Windgust14.ogg	off-scope-or-dup
Amplified	ambient/soundscape/wind/Windgust15.ogg	off-scope-or-dup
Amplified	ambient/soundscape/wind/Windgust2.ogg	off-scope-or-dup
Amplified	ambient/soundscape/wind/Windgust3.ogg	off-scope-or-dup
Amplified	ambient/soundscape/wind/Windgust4.ogg	off-scope-or-dup
Amplified	ambient/soundscape/wind/Windgust5.ogg	off-scope-or-dup
Amplified	ambient/soundscape/wind/Windgust6.ogg	off-scope-or-dup
Amplified	ambient/soundscape/wind/Windgust7.ogg	off-scope-or-dup
Amplified	ambient/soundscape/wind/Windgust8.ogg	off-scope-or-dup
Amplified	ambient/soundscape/wind/Windgust9.ogg	off-scope-or-dup
Amplified	ambient/soundscape/wind/windtree_1.ogg	off-scope-or-dup
Amplified	ambient/soundscape/wind/windtree_10.ogg	off-scope-or-dup
Amplified	ambient/soundscape/wind/windtree_11.ogg	off-scope-or-dup
Amplified	ambient/soundscape/wind/windtree_12.ogg	off-scope-or-dup
Amplified	ambient/soundscape/wind/windtree_2.ogg	off-scope-or-dup
Amplified	ambient/soundscape/wind/windtree_3.ogg	off-scope-or-dup
Amplified	ambient/soundscape/wind/windtree_4.ogg	off-scope-or-dup
Amplified	ambient/soundscape/wind/windtree_5.ogg	off-scope-or-dup
Amplified	ambient/soundscape/wind/windtree_6.ogg	off-scope-or-dup
Amplified	ambient/soundscape/wind/windtree_7.ogg	off-scope-or-dup
Amplified	ambient/soundscape/wind/windtree_8.ogg	off-scope-or-dup
Amplified	ambient/soundscape/wind/windtree_9.ogg	off-scope-or-dup
Amplified	ambient/soundscape/wind/windtreestorm_1.ogg	BASE-DUP-excluded
Amplified	ambient/soundscape/wind/windtreestorm_10.ogg	BASE-DUP-excluded
Amplified	ambient/soundscape/wind/windtreestorm_11.ogg	BASE-DUP-excluded
Amplified	ambient/soundscape/wind/windtreestorm_12.ogg	BASE-DUP-excluded
Amplified	ambient/soundscape/wind/windtreestorm_2.ogg	BASE-DUP-excluded
Amplified	ambient/soundscape/wind/windtreestorm_3.ogg	BASE-DUP-excluded
Amplified	ambient/soundscape/wind/windtreestorm_4.ogg	BASE-DUP-excluded
Amplified	ambient/soundscape/wind/windtreestorm_5.ogg	BASE-DUP-excluded
Amplified	ambient/soundscape/wind/windtreestorm_7.ogg	BASE-DUP-excluded
Amplified	ambient/soundscape/wind/windtreestorm_8.ogg	BASE-DUP-excluded
Amplified	ambient/soundscape/wind/windtreestorm_9.ogg	BASE-DUP-excluded
Amplified	ambient/soundscape/wind/windwhistle1.ogg	off-scope-or-dup
Amplified	ambient/soundscape/wind/windwhistle2.ogg	off-scope-or-dup
Amplified	ambient/soundscape/wind/windwhistle3.ogg	off-scope-or-dup
Amplified	ambient/soundscape/wind/windwhistle4.ogg	off-scope-or-dup
Amplified	ambient/soundscape/wind/windwhistle5.ogg	off-scope-or-dup
Amplified	ambient/soundscape/wind/windwhistle6.ogg	off-scope-or-dup
Amplified	ambient/soundscape/wind/windwhistle7.ogg	off-scope-or-dup
Amplified	ambient/soundscape/wind/Woodsgust1.ogg	off-scope-or-dup
Amplified	ambient/soundscape/wind/Woodsgust10.ogg	off-scope-or-dup
Amplified	ambient/soundscape/wind/Woodsgust11.ogg	off-scope-or-dup
Amplified	ambient/soundscape/wind/Woodsgust2.ogg	off-scope-or-dup
Amplified	ambient/soundscape/wind/Woodsgust3.ogg	off-scope-or-dup
Amplified	ambient/soundscape/wind/Woodsgust4.ogg	off-scope-or-dup
Amplified	ambient/soundscape/wind/Woodsgust5.ogg	off-scope-or-dup
Amplified	ambient/soundscape/wind/Woodsgust6.ogg	off-scope-or-dup
Amplified	ambient/soundscape/wind/Woodsgust7.ogg	off-scope-or-dup
Amplified	ambient/soundscape/wind/Woodsgust8.ogg	off-scope-or-dup
Amplified	ambient/soundscape/wind/Woodsgust9.ogg	off-scope-or-dup
Amplified	ambient/special/esc_generator.ogg	off-scope-or-dup
Amplified	ambient/special/light_humming.ogg	off-scope-or-dup
Amplified	ambient/special/marsh_generator.ogg	BASE-DUP-excluded
Amplified	ambient/suck1.ogg	BASE-DUP-excluded
Amplified	ambient/trx/background/forest_day.ogg	BASE-DUP-excluded
Amplified	ambient/trx/background/forest_evening.ogg	BASE-DUP-excluded
Amplified	ambient/trx/background/forest_morning.ogg	BASE-DUP-excluded
Amplified	ambient/trx/background/forest_night.ogg	BASE-DUP-excluded
Amplified	ambient/trx/background/forest_tuman.ogg	BASE-DUP-excluded
Amplified	ambient/trx/background/underground.ogg	BASE-DUP-excluded
Amplified	ambient/trx/background/underground_2.ogg	BASE-DUP-excluded
Amplified	ambient/trx/background/whisper_day.ogg	HELD-loop-surplus
Amplified	ambient/trx/background/whisper_evening.ogg	HELD-loop-surplus
Amplified	ambient/trx/background/whisper_morning.ogg	HELD-loop-surplus
Amplified	ambient/trx/background/whisper_night.ogg	HELD-loop-surplus
Amplified	ambient/trx/background/whisper_tuman.ogg	HELD-loop-surplus
Amplified	ambient/trx/background/winds.ogg	BASE-DUP-excluded
Amplified	ambient/trx/nature/wind_dark/sound_01.ogg	BASE-DUP-excluded
Amplified	ambient/trx/nature/wind_dark/sound_02.ogg	BASE-DUP-excluded
Amplified	ambient/trx/nature/wind_dark/sound_03.ogg	BASE-DUP-excluded
Amplified	ambient/trx/nature/wind_dark/sound_04.ogg	BASE-DUP-excluded
Amplified	ambient/trx/nature/wind_dark/sound_05.ogg	BASE-DUP-excluded
Amplified	ambient/trx/nature/wind_dark/sound_06.ogg	BASE-DUP-excluded
Amplified	ambient/trx/nature/wind_forest/sound_01.ogg	BASE-DUP-excluded
Amplified	ambient/trx/nature/wind_forest/sound_02.ogg	BASE-DUP-excluded
Amplified	ambient/trx/nature/wind_forest/sound_03.ogg	BASE-DUP-excluded
Amplified	ambient/trx/nature/wind_forest/sound_04.ogg	BASE-DUP-excluded
Amplified	ambient/trx/nature/wind_forest/sound_05.ogg	BASE-DUP-excluded
Amplified	ambient/trx/nature/wind_gust/rnd_wind_1.ogg	BASE-DUP-excluded
Amplified	ambient/trx/nature/wind_gust/rnd_wind_2.ogg	BASE-DUP-excluded
Amplified	ambient/trx/nature/wind_gust/rnd_wind_2_restored.ogg	BASE-DUP-excluded
Amplified	ambient/trx/nature/wind_gust/rnd_wind_3.ogg	BASE-DUP-excluded
Amplified	ambient/trx/nature/wind_gust/rnd_wind_3_restored.ogg	BASE-DUP-excluded
Amplified	ambient/trx/nature/wind_gust/sound_01.ogg	off-scope-or-dup
Amplified	ambient/trx/nature/wind_gust/sound_02.ogg	off-scope-or-dup
Amplified	ambient/trx/nature/wind_gust/sound_03.ogg	off-scope-or-dup
Amplified	ambient/trx/nature/wind_gust/sound_04.ogg	off-scope-or-dup
Amplified	ambient/trx/nature/wind_gust/sound_05.ogg	off-scope-or-dup
Amplified	ambient/trx/nature/wind_gust/sound_06.ogg	off-scope-or-dup
Amplified	ambient/trx/nature/wind_gust/sound_07.ogg	off-scope-or-dup
Amplified	ambient/trx/nature/wind_gust/sound_08.ogg	off-scope-or-dup
Amplified	ambient/trx/nature/wind_gust/sound_09.ogg	off-scope-or-dup
Amplified	ambient/trx/nature/wind_gust/sound_10.ogg	off-scope-or-dup
Amplified	ambient/trx/nature/wind_gust/sound_11.ogg	off-scope-or-dup
Amplified	ambient/trx/nature/wind_gust/sound_12.ogg	off-scope-or-dup
Amplified	ambient/trx/nature/wind_gust/sound_13.ogg	off-scope-or-dup
Amplified	ambient/trx/nature/wind_gust/sound_14.ogg	off-scope-or-dup
Amplified	ambient/trx/nature/wind_gust/sound_15.ogg	off-scope-or-dup
Amplified	ambient/trx/nature/wind_gust/sound_16.ogg	off-scope-or-dup
Amplified	ambient/trx/nature/wind_gust/sound_17.ogg	off-scope-or-dup
Amplified	ambient/trx/nature/wind_gust/sound_18.ogg	off-scope-or-dup
Amplified	ambient/trx/nature/wind_gust/sound_19.ogg	off-scope-or-dup
Amplified	ambient/trx/nature/wind_gust/sound_20.ogg	off-scope-or-dup
Amplified	ambient/trx/nature/wind_gust/sound_21.ogg	off-scope-or-dup
Amplified	ambient/trx/nature/wind_gust/sound_22.ogg	off-scope-or-dup
Amplified	ambient/trx/nature/wind_gust/sound_23.ogg	off-scope-or-dup
Amplified	ambient/trx/nature/wind_gust/sound_24.ogg	off-scope-or-dup
Amplified	ambient/trx/nature/wind_gust/wind_gust_01.ogg	BASE-DUP-excluded
Amplified	ambient/trx/nature/wind_gust/wind_gust_02.ogg	BASE-DUP-excluded
Amplified	ambient/trx/nature/wind_gust/wind_gust_03.ogg	BASE-DUP-excluded
Amplified	ambient/trx/nature/wind_gust/wind_gust_04.ogg	BASE-DUP-excluded
Amplified	ambient/trx/nature/wind_gust/wind_gust_05.ogg	BASE-DUP-excluded
Amplified	ambient/trx/nature/wind_gust/wind_gust_06.ogg	BASE-DUP-excluded
Amplified	ambient/trx/nature/wind_heavy/sound_01.ogg	BASE-DUP-excluded
Amplified	ambient/trx/nature/wind_heavy/sound_02.ogg	BASE-DUP-excluded
Amplified	ambient/trx/nature/wind_heavy/sound_03.ogg	BASE-DUP-excluded
Amplified	ambient/trx/nature/wind_heavy/sound_04.ogg	BASE-DUP-excluded
Amplified	ambient/trx/nature/wind_normal/sound_01.ogg	BASE-DUP-excluded
Amplified	ambient/trx/nature/wind_normal/sound_02.ogg	BASE-DUP-excluded
Amplified	ambient/trx/nature/wind_normal/sound_03.ogg	BASE-DUP-excluded
Amplified	ambient/trx/nature/wind_normal/sound_04.ogg	BASE-DUP-excluded
Amplified	ambient/trx/nature/wind_normal/sound_05.ogg	BASE-DUP-excluded
Amplified	ambient/trx/nature/wind_normal/sound_06.ogg	BASE-DUP-excluded
Amplified	ambient/trx/nature/wind_normal/sound_07.ogg	BASE-DUP-excluded
Amplified	ambient/trx/nature/wind_normal/sound_08.ogg	BASE-DUP-excluded
Amplified	ambient/trx/nature/wind_normal/sound_09.ogg	BASE-DUP-excluded
Amplified	ambient/trx/nature/wind_normal/sound_10.ogg	BASE-DUP-excluded
Amplified	ambient/trx/nature/wind_normal/sound_11.ogg	BASE-DUP-excluded
Amplified	ambient/trx/nature/wind_normal/sound_12.ogg	BASE-DUP-excluded
Amplified	ambient/trx/nature/wind_normal/sound_13.ogg	BASE-DUP-excluded
Amplified	ambient/trx/nature/wind_normal/sound_14.ogg	BASE-DUP-excluded
Amplified	ambient/trx/nature/wind_normal/sound_15.ogg	BASE-DUP-excluded
Amplified	ambient/trx/nature/wind_normal/sound_16.ogg	BASE-DUP-excluded
Amplified	ambient/trx/nature/wind_tuman/sound_01.ogg	BASE-DUP-excluded
Amplified	ambient/trx/nature/wind_tuman/sound_02.ogg	BASE-DUP-excluded
Amplified	ambient/trx/nature/wind_tuman/sound_03.ogg	BASE-DUP-excluded
Amplified	ambient/trx/nature/wind_tuman/sound_04.ogg	BASE-DUP-excluded
Amplified	ambient/trx/nature/wind_tuman/sound_05.ogg	BASE-DUP-excluded
Amplified	ambient/trx/nature/wind_tuman/sound_06.ogg	BASE-DUP-excluded
Amplified	ambient/trx/nature/wind_tuman/sound_07.ogg	BASE-DUP-excluded
Amplified	ambient/trx/nature/wind_tuman/sound_08.ogg	BASE-DUP-excluded
Amplified	ambient/trx/nature/wind_tuman/sound_09.ogg	BASE-DUP-excluded
Amplified	ambient/trx/nature/wind_tuman/sound_10.ogg	BASE-DUP-excluded
Amplified	ambient/trx/nature/wind_tuman/sound_11.ogg	BASE-DUP-excluded
Amplified	ambient/trx/nature/wind_tuman/sound_12.ogg	BASE-DUP-excluded
Amplified	ambient/trx/nature/wind_tuman/sound_13.ogg	BASE-DUP-excluded
Amplified	ambient/trx/nature/wind_tuman/sound_14.ogg	BASE-DUP-excluded
Amplified	ambient/trx/spooks_above/amb_dark/sound_01.ogg	USED-shipped
Amplified	ambient/trx/spooks_above/amb_dark/sound_02.ogg	USED-shipped
Amplified	ambient/trx/spooks_above/amb_dark/sound_03.ogg	USED-shipped
Amplified	ambient/trx/spooks_above/amb_dark/sound_04.ogg	USED-shipped
Amplified	ambient/trx/spooks_above/amb_dark/sound_05.ogg	USED-shipped
Amplified	ambient/trx/spooks_above/amb_dark/sound_06.ogg	USED-shipped
Amplified	ambient/trx/spooks_above/amb_dark/sound_07.ogg	USED-shipped
Amplified	ambient/trx/spooks_above/amb_dark/sound_08.ogg	USED-shipped
Amplified	ambient/trx/spooks_above/amb_dark/sound_09.ogg	USED-shipped
Amplified	ambient/trx/spooks_above/amb_dark/sound_10.ogg	BASE-DUP-excluded
Amplified	ambient/trx/spooks_above/amb_dark/sound_11.ogg	USED-shipped
Amplified	ambient/trx/spooks_above/amb_dark/sound_12.ogg	USED-shipped
Amplified	ambient/trx/spooks_above/amb_dark/sound_13.ogg	BASE-DUP-excluded
Amplified	ambient/trx/spooks_above/amb_dark/sound_14.ogg	USED-shipped
Amplified	ambient/trx/spooks_above/amb_dark/sound_15.ogg	USED-shipped
Amplified	ambient/trx/spooks_above/amb_dark/sound_16.ogg	USED-shipped
Amplified	ambient/trx/spooks_above/amb_dark/sound_17.ogg	HELD-loop-surplus
Amplified	ambient/trx/spooks_above/amb_dark/sound_18.ogg	BASE-DUP-excluded
Amplified	ambient/trx/spooks_above/amb_dark/sound_19.ogg	USED-shipped
Amplified	ambient/trx/spooks_above/amb_dark/sound_20.ogg	BASE-DUP-excluded
Amplified	ambient/trx/spooks_above/amb_dark/sound_21.ogg	USED-shipped
Amplified	ambient/trx/spooks_above/amb_dark/sound_22.ogg	HELD-loop-surplus
Amplified	ambient/trx/spooks_above/amb_dark/sound_23.ogg	USED-shipped
Amplified	ambient/trx/spooks_above/amb_dark/sound_24.ogg	USED-shipped
Amplified	ambient/trx/spooks_above/amb_dark/sound_25.ogg	USED-shipped
Amplified	ambient/trx/spooks_above/amb_dark/sound_26.ogg	USED-shipped
Amplified	ambient/trx/spooks_above/amb_dark/sound_27.ogg	USED-shipped
Amplified	ambient/trx/spooks_above/amb_dark/sound_28.ogg	USED-shipped
Amplified	ambient/trx/spooks_above/amb_dark/sound_29.ogg	USED-shipped
Amplified	ambient/trx/spooks_above/amb_dark/sound_30.ogg	USED-shipped
Amplified	ambient/trx/spooks_above/amb_dark/sound_31.ogg	USED-shipped
Amplified	ambient/trx/spooks_above/amb_dark/sound_32.ogg	USED-shipped
Amplified	ambient/trx/spooks_above/amb_dark/sound_33.ogg	USED-shipped
Amplified	ambient/trx/spooks_above/amb_dark/sound_34.ogg	USED-shipped
Amplified	ambient/trx/spooks_above/amb_dark/sound_35.ogg	USED-shipped
Amplified	ambient/trx/spooks_above/amb_dark/sound_36.ogg	USED-shipped
Amplified	ambient/trx/spooks_above/amb_dark/sound_37.ogg	HELD-loop-surplus
Amplified	ambient/trx/spooks_above/amb_dark/sound_38.ogg	BASE-DUP-excluded
Amplified	ambient/trx/spooks_above/amb_dark/sound_39.ogg	HELD-loop-surplus
Amplified	ambient/trx/spooks_above/amb_dark/sound_40.ogg	USED-shipped
Amplified	ambient/trx/spooks_above/amb_dark/sound_41.ogg	USED-shipped
Amplified	ambient/trx/spooks_above/amb_dark/sound_42.ogg	USED-shipped
Amplified	ambient/trx/spooks_above/amb_dark/sound_43.ogg	USED-shipped
Amplified	ambient/trx/spooks_above/amb_dark/sound_44.ogg	USED-shipped
Amplified	ambient/trx/spooks_above/amb_dark/sound_46.ogg	USED-shipped
Amplified	ambient/trx/spooks_above/amb_dark/sound_47.ogg	USED-shipped
Amplified	ambient/trx/spooks_above/amb_night/sound_01.ogg	USED-shipped
Amplified	ambient/trx/spooks_above/amb_night/sound_02.ogg	BASE-DUP-excluded
Amplified	ambient/trx/spooks_above/amb_night/sound_03.ogg	BASE-DUP-excluded
Amplified	ambient/trx/spooks_above/amb_night/sound_04.ogg	BASE-DUP-excluded
Amplified	ambient/trx/spooks_above/amb_night/sound_05.ogg	USED-shipped
Amplified	ambient/trx/spooks_above/amb_night/sound_06.ogg	BASE-DUP-excluded
Amplified	ambient/trx/spooks_above/amb_night/sound_07.ogg	BASE-DUP-excluded
Amplified	ambient/trx/spooks_above/amb_night/sound_08.ogg	USED-shipped
Amplified	ambient/trx/spooks_above/amb_night/sound_09.ogg	BASE-DUP-excluded
Amplified	ambient/trx/spooks_above/amb_night/sound_10.ogg	BASE-DUP-excluded
Amplified	ambient/trx/spooks_above/drone/sound_01.ogg	BASE-DUP-excluded
Amplified	ambient/trx/spooks_above/drone/sound_02.ogg	BASE-DUP-excluded
Amplified	ambient/trx/spooks_above/drone/sound_03.ogg	BASE-DUP-excluded
Amplified	ambient/trx/spooks_above/drone/sound_04.ogg	BASE-DUP-excluded
Amplified	ambient/trx/spooks_above/drone/sound_05.ogg	BASE-DUP-excluded
Amplified	ambient/trx/spooks_above/drone/sound_06.ogg	BASE-DUP-excluded
Amplified	ambient/trx/spooks_above/drone/sound_07.ogg	USED-shipped
Amplified	ambient/trx/spooks_above/drone/sound_08.ogg	BASE-DUP-excluded
Amplified	ambient/trx/spooks_above/drone/sound_09.ogg	BASE-DUP-excluded
Amplified	ambient/trx/spooks_above/drone/sound_10.ogg	BASE-DUP-excluded
Amplified	ambient/trx/spooks_above/drone/sound_11.ogg	BASE-DUP-excluded
Amplified	ambient/trx/spooks_above/mutants/sound_01.ogg	BASE-DUP-excluded
Amplified	ambient/trx/spooks_above/mutants/sound_02.ogg	BASE-DUP-excluded
Amplified	ambient/trx/spooks_above/mutants/sound_03.ogg	BASE-DUP-excluded
Amplified	ambient/trx/spooks_above/mutants/sound_04.ogg	BASE-DUP-excluded
Amplified	ambient/trx/spooks_above/mutants/sound_05.ogg	BASE-DUP-excluded
Amplified	ambient/trx/spooks_above/mutants/sound_06.ogg	BASE-DUP-excluded
Amplified	ambient/trx/spooks_above/mutants/sound_07.ogg	BASE-DUP-excluded
Amplified	ambient/trx/spooks_above/mutants/sound_08.ogg	BASE-DUP-excluded
Amplified	ambient/trx/spooks_above/mutants/sound_09.ogg	BASE-DUP-excluded
Amplified	ambient/trx/spooks_above/mutants/sound_10.ogg	BASE-DUP-excluded
Amplified	ambient/trx/spooks_above/mutants/sound_11.ogg	BASE-DUP-excluded
Amplified	ambient/trx/spooks_above/mutants/sound_12.ogg	BASE-DUP-excluded
Amplified	ambient/trx/spooks_above/mutants/sound_13.ogg	BASE-DUP-excluded
Amplified	ambient/trx/spooks_above/mutants/sound_14.ogg	BASE-DUP-excluded
Amplified	ambient/trx/spooks_above/mutants/sound_15.ogg	BASE-DUP-excluded
Amplified	ambient/trx/spooks_above/mutants/sound_16.ogg	BASE-DUP-excluded
Amplified	ambient/trx/spooks_above/mutants/sound_17.ogg	BASE-DUP-excluded
Amplified	ambient/trx/spooks_above/mutants/sound_18.ogg	BASE-DUP-excluded
Amplified	ambient/trx/spooks_above/mutants/sound_19.ogg	BASE-DUP-excluded
Amplified	ambient/trx/spooks_above/mutants/sound_20.ogg	BASE-DUP-excluded
Amplified	ambient/trx/spooks_above/mutants/sound_21.ogg	BASE-DUP-excluded
Amplified	ambient/trx/spooks_above/mutants/sound_22.ogg	BASE-DUP-excluded
Amplified	ambient/trx/spooks_above/mutants/sound_23.ogg	BASE-DUP-excluded
Amplified	ambient/trx/spooks_above/mutants/sound_24.ogg	BASE-DUP-excluded
Amplified	ambient/trx/spooks_above/mutants/sound_25.ogg	BASE-DUP-excluded
Amplified	ambient/trx/spooks_above/mutants/sound_26.ogg	BASE-DUP-excluded
Amplified	ambient/trx/spooks_above/mutants/sound_27.ogg	BASE-DUP-excluded
Amplified	ambient/trx/spooks_above/mutants/sound_28.ogg	BASE-DUP-excluded
Amplified	ambient/trx/spooks_above/mutants/sound_29.ogg	BASE-DUP-excluded
Amplified	ambient/trx/spooks_above/mutants/sound_30.ogg	BASE-DUP-excluded
Amplified	ambient/trx/spooks_above/mutants/sound_31.ogg	BASE-DUP-excluded
Amplified	ambient/trx/spooks_above/mutants/sound_32.ogg	BASE-DUP-excluded
Amplified	ambient/trx/spooks_above/mutants/sound_33.ogg	BASE-DUP-excluded
Amplified	ambient/trx/spooks_above/mutants/sound_34.ogg	BASE-DUP-excluded
Amplified	ambient/trx/spooks_above/mutants/sound_35.ogg	BASE-DUP-excluded
Amplified	ambient/trx/spooks_above/mutants/sound_36.ogg	BASE-DUP-excluded
Amplified	ambient/trx/spooks_above/mutants/sound_37.ogg	BASE-DUP-excluded
Amplified	ambient/trx/spooks_above/mutants/sound_38.ogg	BASE-DUP-excluded
Amplified	ambient/trx/spooks_above/mutants/sound_39.ogg	BASE-DUP-excluded
Amplified	ambient/trx/spooks_above/mutants/sound_40.ogg	BASE-DUP-excluded
Amplified	ambient/trx/spooks_above/screams/sound_01.ogg	BASE-DUP-excluded
Amplified	ambient/trx/spooks_above/screams/sound_02.ogg	USED-shipped
Amplified	ambient/trx/spooks_above/screams/sound_03.ogg	BASE-DUP-excluded
Amplified	ambient/trx/spooks_above/screams/sound_04.ogg	BASE-DUP-excluded
Amplified	ambient/trx/spooks_above/screams/sound_05.ogg	BASE-DUP-excluded
Amplified	ambient/trx/spooks_above/screams/sound_06.ogg	BASE-DUP-excluded
Amplified	ambient/trx/spooks_above/screams/sound_07.ogg	BASE-DUP-excluded
Amplified	ambient/trx/spooks_above/screams/sound_08.ogg	BASE-DUP-excluded
Amplified	ambient/trx/spooks_above/screams/sound_09.ogg	BASE-DUP-excluded
Amplified	ambient/trx/spooks_above/screams/sound_10.ogg	BASE-DUP-excluded
Amplified	ambient/trx/spooks_above/screams/sound_11.ogg	BASE-DUP-excluded
Amplified	ambient/trx/spooks_above/screams/sound_12.ogg	BASE-DUP-excluded
Amplified	ambient/trx/spooks_above/screams/sound_13.ogg	BASE-DUP-excluded
Amplified	ambient/trx/spooks_above/screams/sound_14.ogg	BASE-DUP-excluded
Amplified	ambient/trx/spooks_above/screams/sound_15.ogg	BASE-DUP-excluded
Amplified	ambient/trx/spooks_above/screams/sound_16.ogg	BASE-DUP-excluded
Amplified	ambient/trx/spooks_above/screams/sound_17.ogg	BASE-DUP-excluded
Amplified	ambient/trx/spooks_above/screams/sound_18.ogg	BASE-DUP-excluded
Amplified	ambient/trx/spooks_above/screams/sound_19.ogg	BASE-DUP-excluded
Amplified	ambient/trx/spooks_above/screams/sound_20.ogg	BASE-DUP-excluded
Amplified	ambient/trx/spooks_above/screams/sound_21.ogg	BASE-DUP-excluded
Amplified	ambient/trx/spooks_above/screams/sound_22.ogg	BASE-DUP-excluded
Amplified	ambient/trx/spooks_above/screams/sound_23.ogg	BASE-DUP-excluded
Amplified	ambient/trx/spooks_above/screams/sound_24.ogg	BASE-DUP-excluded
Amplified	ambient/trx/spooks_above/screams/sound_25.ogg	BASE-DUP-excluded
Amplified	ambient/trx/spooks_above/shooting/sound_01.ogg	BASE-DUP-excluded
Amplified	ambient/trx/spooks_above/shooting/sound_02.ogg	BASE-DUP-excluded
Amplified	ambient/trx/spooks_above/shooting/sound_03.ogg	BASE-DUP-excluded
Amplified	ambient/trx/spooks_above/shooting/sound_04.ogg	INTRA-DUP-excluded
Amplified	ambient/trx/spooks_above/shooting/sound_05.ogg	BASE-DUP-excluded
Amplified	ambient/trx/spooks_above/shooting/sound_06.ogg	BASE-DUP-excluded
Amplified	ambient/trx/spooks_above/shooting/sound_07.ogg	BASE-DUP-excluded
Amplified	ambient/trx/spooks_above/shooting/sound_08.ogg	INTRA-DUP-excluded
Amplified	ambient/trx/spooks_above/shooting/sound_09.ogg	INTRA-DUP-excluded
Amplified	ambient/trx/spooks_above/shooting/sound_10.ogg	BASE-DUP-excluded
Amplified	ambient/trx/spooks_above/shooting/sound_11.ogg	BASE-DUP-excluded
Amplified	ambient/trx/spooks_above/shooting/sound_12.ogg	INTRA-DUP-excluded
Amplified	ambient/trx/spooks_above/shooting/sound_13.ogg	BASE-DUP-excluded
Amplified	ambient/trx/spooks_above/shooting/sound_14.ogg	BASE-DUP-excluded
Amplified	ambient/trx/spooks_above/shooting/sound_15.ogg	BASE-DUP-excluded
Amplified	ambient/trx/spooks_above/shooting/sound_16.ogg	BASE-DUP-excluded
Amplified	ambient/trx/spooks_above/shooting/sound_17.ogg	BASE-DUP-excluded
Amplified	ambient/trx/spooks_above/shooting/sound_18.ogg	BASE-DUP-excluded
Amplified	ambient/trx/spooks_above/shooting/sound_19.ogg	BASE-DUP-excluded
Amplified	ambient/trx/spooks_above/shooting/sound_20.ogg	USED-shipped
Amplified	ambient/trx/spooks_above/shooting/sound_21.ogg	BASE-DUP-excluded
Amplified	ambient/trx/spooks_above/shooting/sound_22.ogg	INTRA-DUP-excluded
Amplified	ambient/trx/spooks_above/shooting/sound_23.ogg	USED-shipped
Amplified	ambient/trx/spooks_above/shooting/sound_24.ogg	BASE-DUP-excluded
Amplified	ambient/trx/spooks_above/shooting/sound_25.ogg	BASE-DUP-excluded
Amplified	ambient/trx/spooks_above/shooting/sound_26.ogg	USED-shipped
Amplified	ambient/trx/spooks_above/shooting/sound_27.ogg	BASE-DUP-excluded
Amplified	ambient/trx/spooks_above/shooting/sound_28.ogg	BASE-DUP-excluded
Amplified	ambient/trx/spooks_above/shooting/sound_29.ogg	USED-shipped
Amplified	ambient/trx/spooks_above/shooting/sound_30.ogg	BASE-DUP-excluded
Amplified	ambient/trx/spooks_above/shooting/sound_31.ogg	USED-shipped
Amplified	ambient/trx/spooks_above/shooting/sound_32.ogg	BASE-DUP-excluded
Amplified	ambient/trx/spooks_above/shooting/sound_33.ogg	USED-shipped
Amplified	ambient/trx/spooks_above/shooting/sound_34.ogg	BASE-DUP-excluded
Amplified	ambient/trx/spooks_above/shooting/sound_35.ogg	BASE-DUP-excluded
Amplified	ambient/trx/spooks_above/shooting/sound_36.ogg	BASE-DUP-excluded
Amplified	ambient/trx/spooks_above/shooting/sound_37.ogg	BASE-DUP-excluded
Amplified	ambient/trx/spooks_above/spooks/sound_01.ogg	BASE-DUP-excluded
Amplified	ambient/trx/spooks_above/spooks/sound_02.ogg	USED-shipped
Amplified	ambient/trx/spooks_above/spooks/sound_03.ogg	USED-shipped
Amplified	ambient/trx/spooks_above/spooks/sound_04.ogg	USED-shipped
Amplified	ambient/trx/spooks_above/spooks/sound_05.ogg	BASE-DUP-excluded
Amplified	ambient/trx/spooks_above/spooks/sound_06.ogg	BASE-DUP-excluded
Amplified	ambient/trx/spooks_above/spooks/sound_07.ogg	BASE-DUP-excluded
Amplified	ambient/trx/spooks_above/spooks/sound_08.ogg	BASE-DUP-excluded
Amplified	ambient/trx/spooks_above/spooks/sound_09.ogg	USED-shipped
Amplified	ambient/trx/spooks_above/spooks/sound_10.ogg	BASE-DUP-excluded
Amplified	ambient/trx/spooks_above/spooks/sound_11.ogg	BASE-DUP-excluded
Amplified	ambient/trx/spooks_above/spooks/sound_12.ogg	BASE-DUP-excluded
Amplified	ambient/trx/spooks_above/spooks/sound_13.ogg	BASE-DUP-excluded
Amplified	ambient/trx/spooks_above/spooks/sound_14.ogg	BASE-DUP-excluded
Amplified	ambient/trx/spooks_above/spooks/sound_15.ogg	BASE-DUP-excluded
Amplified	ambient/trx/spooks_above/spooks/sound_16.ogg	BASE-DUP-excluded
Amplified	ambient/trx/spooks_above/spooks/sound_17.ogg	BASE-DUP-excluded
Amplified	ambient/trx/spooks_above/spooks/sound_18.ogg	BASE-DUP-excluded
Amplified	ambient/trx/spooks_above/spooks/sound_19.ogg	BASE-DUP-excluded
Amplified	ambient/trx/spooks_above/spooks/sound_20.ogg	BASE-DUP-excluded
Amplified	ambient/trx/spooks_above/spooks/sound_21.ogg	USED-shipped
Amplified	ambient/trx/spooks_above/spooks/sound_22.ogg	BASE-DUP-excluded
Amplified	ambient/trx/spooks_above/spooks/sound_23.ogg	BASE-DUP-excluded
Amplified	ambient/trx/spooks_above/spooks/sound_24.ogg	BASE-DUP-excluded
Amplified	ambient/trx/spooks_above/spooks/sound_25.ogg	USED-shipped
Amplified	ambient/trx/spooks_above/spooks/sound_26.ogg	USED-shipped
Amplified	ambient/trx/spooks_above/spooks/sound_27.ogg	USED-shipped
Amplified	ambient/trx/spooks_above/spooks/sound_28.ogg	BASE-DUP-excluded
Amplified	ambient/trx/spooks_above/spooks/sound_29.ogg	BASE-DUP-excluded
Amplified	ambient/trx/spooks_above/spooks/sound_30.ogg	BASE-DUP-excluded
Amplified	ambient/trx/spooks_above/spooks/sound_31.ogg	BASE-DUP-excluded
Amplified	ambient/trx/spooks_above/spooks/sound_32.ogg	USED-shipped
Amplified	ambient/trx/spooks_above/spooks/sound_33.ogg	BASE-DUP-excluded
Amplified	ambient/trx/spooks_above/spooks/sound_34.ogg	BASE-DUP-excluded
Amplified	ambient/trx/spooks_above/spooks/sound_35.ogg	USED-shipped
Amplified	ambient/trx/spooks_above/spooks/sound_36.ogg	USED-shipped
Amplified	ambient/trx/spooks_above/spooks/sound_37.ogg	BASE-DUP-excluded
Amplified	ambient/trx/spooks_below/ambient/sound_01.ogg	BASE-DUP-excluded
Amplified	ambient/trx/spooks_below/ambient/sound_02.ogg	BASE-DUP-excluded
Amplified	ambient/trx/spooks_below/ambient/sound_03.ogg	BASE-DUP-excluded
Amplified	ambient/trx/spooks_below/ambient/sound_04.ogg	BASE-DUP-excluded
Amplified	ambient/trx/spooks_below/ambient/sound_05.ogg	BASE-DUP-excluded
Amplified	ambient/trx/spooks_below/ambient/sound_06.ogg	BASE-DUP-excluded
Amplified	ambient/trx/spooks_below/ambient/sound_07.ogg	BASE-DUP-excluded
Amplified	ambient/trx/spooks_below/ambient/sound_08.ogg	BASE-DUP-excluded
Amplified	ambient/trx/spooks_below/ambient/sound_09.ogg	BASE-DUP-excluded
Amplified	ambient/trx/spooks_below/ambient/sound_10.ogg	BASE-DUP-excluded
Amplified	ambient/trx/spooks_below/ambient/sound_11.ogg	BASE-DUP-excluded
Amplified	ambient/trx/spooks_below/ambient/sound_12.ogg	BASE-DUP-excluded
Amplified	ambient/trx/spooks_below/background/underground.ogg	BASE-DUP-excluded
Amplified	ambient/trx/spooks_below/background/underground_2.ogg	BASE-DUP-excluded
Amplified	ambient/trx/spooks_below/drone/sound_01.ogg	BASE-DUP-excluded
Amplified	ambient/trx/spooks_below/drone/sound_02.ogg	BASE-DUP-excluded
Amplified	ambient/trx/spooks_below/drone/sound_03.ogg	BASE-DUP-excluded
Amplified	ambient/trx/spooks_below/drone/sound_04.ogg	BASE-DUP-excluded
Amplified	ambient/trx/spooks_below/drone/sound_05.ogg	BASE-DUP-excluded
Amplified	ambient/trx/spooks_below/drone/sound_06.ogg	BASE-DUP-excluded
Amplified	ambient/trx/spooks_below/drone/sound_07.ogg	BASE-DUP-excluded
Amplified	ambient/trx/spooks_below/drone/sound_08.ogg	BASE-DUP-excluded
Amplified	ambient/trx/spooks_below/drone/sound_09.ogg	BASE-DUP-excluded
Amplified	ambient/trx/spooks_below/drone/sound_10.ogg	BASE-DUP-excluded
Amplified	ambient/trx/spooks_below/lab/sound_01.ogg	BASE-DUP-excluded
Amplified	ambient/trx/spooks_below/lab/sound_02.ogg	BASE-DUP-excluded
Amplified	ambient/trx/spooks_below/lab/sound_03.ogg	BASE-DUP-excluded
Amplified	ambient/trx/spooks_below/lab/sound_04.ogg	BASE-DUP-excluded
Amplified	ambient/trx/spooks_below/lab/sound_05.ogg	BASE-DUP-excluded
Amplified	ambient/trx/spooks_below/lab/sound_06.ogg	BASE-DUP-excluded
Amplified	ambient/trx/spooks_below/lab/sound_07.ogg	BASE-DUP-excluded
Amplified	ambient/trx/spooks_below/lab/sound_08.ogg	BASE-DUP-excluded
Amplified	ambient/trx/spooks_below/lab/sound_09.ogg	BASE-DUP-excluded
Amplified	ambient/ugrnd/ugrnd_ambient_1.ogg	BASE-DUP-excluded
Amplified	ambient/ugrnd/ugrnd_ambient_2.ogg	BASE-DUP-excluded
Amplified	ambient/ugrnd/ugrnd_ambient_3.ogg	BASE-DUP-excluded
Amplified	ambient/ugrnd/ugrnd_ambient_4.ogg	BASE-DUP-excluded
Amplified	ambient/ugrnd/ugrnd_ambient_5.ogg	BASE-DUP-excluded
Amplified	ambient/ugrnd/ugrnd_ambient_6.ogg	BASE-DUP-excluded
Amplified	ambient/ugrnd/ugrnd_ambient_7.ogg	BASE-DUP-excluded
Amplified	ambient/ugrnd/ugrnd_drone_1.ogg	BASE-DUP-excluded
Amplified	ambient/ugrnd/ugrnd_drone_2.ogg	BASE-DUP-excluded
Amplified	ambient/ugrnd/ugrnd_drone_3.ogg	BASE-DUP-excluded
Amplified	ambient/ugrnd/ugrnd_lab_1.ogg	BASE-DUP-excluded
Amplified	ambient/ugrnd/ugrnd_lab_2.ogg	BASE-DUP-excluded
Amplified	ambient/ugrnd/ugrnd_lab_3.ogg	BASE-DUP-excluded
Amplified	ambient/ugrnd/ugrnd_lab_4.ogg	BASE-DUP-excluded
Amplified	ambient/ugrnd/ugrnd_lab_5.ogg	BASE-DUP-excluded
Amplified	ambient/ugrnd/ugrnd_lab_6.ogg	BASE-DUP-excluded
Amplified	ambient/ugrnd/ugrnd_whispers_1.ogg	BASE-DUP-excluded
Amplified	ambient/ugrnd/ugrnd_whispers_2.ogg	BASE-DUP-excluded
Amplified	ambient/ugrnd/ugrnd_whispers_3.ogg	BASE-DUP-excluded
Amplified	ambient/ugrnd/ugrnd_whispers_4.ogg	BASE-DUP-excluded
Amplified	ambient/underground/breath_1.ogg	BASE-DUP-excluded
Amplified	ambient/underground/breath_2.ogg	BASE-DUP-excluded
Amplified	ambient/underground/breath_3.ogg	BASE-DUP-excluded
Amplified	ambient/underground/breath_4.ogg	BASE-DUP-excluded
Amplified	ambient/underground/dark_1.ogg	BASE-DUP-excluded
Amplified	ambient/underground/steam_1.ogg	USED-effect-unshipped
Amplified	ambient/underground_4.ogg	BASE-DUP-excluded
Amplified	ambient/whistling_wind1.ogg	BASE-DUP-excluded
Amplified	ambient/whistling_wind_21.ogg	BASE-DUP-excluded
Amplified	ambient/whistling_wind_22.ogg	BASE-DUP-excluded
Amplified	ambient/wind1.ogg	BASE-DUP-excluded
Amplified	ambient/wind2.ogg	BASE-DUP-excluded
Amplified	ambient/wind3.ogg	BASE-DUP-excluded
Amplified	ambient/wind_gusty_1.ogg	BASE-DUP-excluded
Amplified	ambient/wind_gusty_2.ogg	BASE-DUP-excluded
Amplified	ambient/wind_gusty_3.ogg	BASE-DUP-excluded
Amplified	ambient/wind_mine_1.ogg	BASE-DUP-excluded
Amplified	ambient/wind_mine_2.ogg	BASE-DUP-excluded
Amplified	ambient/wind_mine_3.ogg	BASE-DUP-excluded
Amplified	ambient/wind_trees_1.ogg	BASE-DUP-excluded
Amplified	ambient/wind_trees_2.ogg	BASE-DUP-excluded
Amplified	ambient/wind_trees_3.ogg	BASE-DUP-excluded
Amplified	ambient/x16/klaxon_1.ogg	off-scope-or-dup
Amplified	ambient/x16/klaxon_2.ogg	off-scope-or-dup
Amplified	ambient/x16/klaxon_3.ogg	off-scope-or-dup
Amplified	ambient/x16/rumble_1.ogg	off-scope-or-dup
Amplified	ambient/x16/rumble_2.ogg	off-scope-or-dup
Amplified	ambient/x16/rumble_3.ogg	off-scope-or-dup
Amplified	ambient/x16/x16_begin.ogg	off-scope-or-dup
Amplified	ambient/x16/x16_brain_death.ogg	off-scope-or-dup
Amplified	ambient/x16/x16_brain_run.ogg	off-scope-or-dup
Amplified	ambient/x16/x16_brain_run_2.ogg	off-scope-or-dup
Amplified	ambient/x16/x16_brain_stop.ogg	off-scope-or-dup
Amplified	ambient/x16/x16_engine1_run.ogg	off-scope-or-dup
Amplified	ambient/x16/x16_engine2_run.ogg	off-scope-or-dup
Amplified	ambient/x18/x18_wind_1.ogg	BASE-DUP-excluded
Amplified	ambient/x18/x18_wind_2.ogg	BASE-DUP-excluded
Amplified	ambient/x18/x18_wind_3.ogg	BASE-DUP-excluded
Amplified	ambient/zhar.ogg	BASE-DUP-excluded
Amplified	anomaly/acid_rain.ogg	off-scope-or-dup
Amplified	anomaly/anomaly_body_tear_1.ogg	off-scope-or-dup
Amplified	anomaly/anomaly_gravy_blast.ogg	off-scope-or-dup
Amplified	anomaly/anomaly_gravy_blast00.ogg	off-scope-or-dup
Amplified	anomaly/anomaly_gravy_blast01.ogg	off-scope-or-dup
Amplified	anomaly/anomaly_gravy_blast1.ogg	off-scope-or-dup
Amplified	anomaly/anomaly_gravy_hit.ogg	off-scope-or-dup
Amplified	anomaly/anomaly_gravy_hit1.ogg	off-scope-or-dup
Amplified	anomaly/anomaly_gravy_idle.ogg	off-scope-or-dup
Amplified	anomaly/anomaly_mincer_blowout.ogg	EMISSION-excluded
Amplified	anomaly/bfuzz_blowout.ogg	EMISSION-excluded
Amplified	anomaly/bfuzz_hit.ogg	off-scope-or-dup
Amplified	anomaly/blowout.ogg	EMISSION-excluded
Amplified	anomaly/buzz_hit.ogg	off-scope-or-dup
Amplified	anomaly/buzz_idle.ogg	off-scope-or-dup
Amplified	anomaly/electra_blast.ogg	off-scope-or-dup
Amplified	anomaly/electra_blast1.ogg	off-scope-or-dup
Amplified	anomaly/electra_blastb.ogg	off-scope-or-dup
Amplified	anomaly/electra_hit.ogg	off-scope-or-dup
Amplified	anomaly/electra_hit1.ogg	off-scope-or-dup
Amplified	anomaly/electra_idle0.ogg	off-scope-or-dup
Amplified	anomaly/electra_idle1.ogg	off-scope-or-dup
Amplified	anomaly/electra_idleb.ogg	off-scope-or-dup
Amplified	anomaly/emi_blowout.ogg	EMISSION-excluded
Amplified	anomaly/emi_blowout_01.ogg	EMISSION-excluded
Amplified	anomaly/emi_blowout_01_stereo.ogg	EMISSION-excluded
Amplified	anomaly/emi_blowout_02.ogg	EMISSION-excluded
Amplified	anomaly/emi_blowout_02_stereo.ogg	EMISSION-excluded
Amplified	anomaly/emi_blowout_03.ogg	EMISSION-excluded
Amplified	anomaly/emi_blowout_04.ogg	EMISSION-excluded
Amplified	anomaly/emi_blowout_05.ogg	EMISSION-excluded
Amplified	anomaly/emi_blowout_06.ogg	EMISSION-excluded
Amplified	anomaly/emi_blowout_stereo.ogg	EMISSION-excluded
Amplified	anomaly/emi_entrance.ogg	off-scope-or-dup
Amplified	anomaly/emi_idle.ogg	off-scope-or-dup
Amplified	anomaly/fire2.ogg	off-scope-or-dup
Amplified	anomaly/fire_idle.ogg	off-scope-or-dup
Amplified	anomaly/fireball_blow.ogg	off-scope-or-dup
Amplified	anomaly/fireball_idle.ogg	off-scope-or-dup
Amplified	anomaly/gen_electra_ball_idle.ogg	off-scope-or-dup
Amplified	anomaly/gravi_blowout.ogg	EMISSION-excluded
Amplified	anomaly/gravi_blowout1.ogg	EMISSION-excluded
Amplified	anomaly/gravi_blowout2.ogg	EMISSION-excluded
Amplified	anomaly/gravi_blowout3.ogg	EMISSION-excluded
Amplified	anomaly/gravi_blowout4.ogg	EMISSION-excluded
Amplified	anomaly/gravi_blowout5.ogg	EMISSION-excluded
Amplified	anomaly/gravi_blowout6.ogg	EMISSION-excluded
Amplified	anomaly/gravi_idle00.ogg	off-scope-or-dup
Amplified	anomaly/gravi_idle01.ogg	off-scope-or-dup
Amplified	anomaly/gravi_rumble1.ogg	off-scope-or-dup
Amplified	anomaly/gravity_entrance.ogg	off-scope-or-dup
Amplified	anomaly/monolith_idle.ogg	off-scope-or-dup
Amplified	anomaly/psi_storm_00.ogg	EMISSION-excluded
Amplified	anomaly/psi_storm_01.ogg	EMISSION-excluded
Amplified	anomaly/psy_antenna_voices_1_l.ogg	off-scope-or-dup
Amplified	anomaly/psy_antenna_voices_1_r.ogg	off-scope-or-dup
Amplified	anomaly/psy_polter.ogg	off-scope-or-dup
Amplified	anomaly/psy_voices_1_l.ogg	off-scope-or-dup
Amplified	anomaly/psy_voices_1_r.ogg	off-scope-or-dup
Amplified	anomaly/pux_blast.ogg	off-scope-or-dup
Amplified	anomaly/stancia_thunder.ogg	HELD-loop-surplus
Amplified	anomaly/steam.ogg	off-scope-or-dup
Amplified	anomaly/steam_blowout.ogg	EMISSION-excluded
Amplified	anomaly/steam_hit.ogg	off-scope-or-dup
Amplified	anomaly/steam_idle.ogg	off-scope-or-dup
Amplified	anomaly/teleport_idle.ogg	off-scope-or-dup
Amplified	anomaly/teleport_incoming.ogg	off-scope-or-dup
Amplified	anomaly/teleport_work_1.ogg	off-scope-or-dup
Amplified	anomaly/teleport_work_2.ogg	off-scope-or-dup
Amplified	anomaly/tesla_idle.ogg	off-scope-or-dup
Amplified	anomaly/zhar_blow.ogg	off-scope-or-dup
Amplified	anomaly/~gravi_idle01.ogg	off-scope-or-dup
Amplified	detectors/da-2_beep1.ogg	SKIP-nonambient
Amplified	detectors/geiger_1.ogg	SKIP-nonambient
Amplified	detectors/geiger_2.ogg	SKIP-nonambient
Amplified	detectors/geiger_3.ogg	SKIP-nonambient
Amplified	detectors/geiger_4.ogg	SKIP-nonambient
Amplified	detectors/geiger_5.ogg	SKIP-nonambient
Amplified	detectors/geiger_6.ogg	SKIP-nonambient
Amplified	detectors/geiger_7.ogg	SKIP-nonambient
Amplified	detectors/geiger_8.ogg	SKIP-nonambient
Amplified	detectors/geiger_click3.ogg	SKIP-nonambient
Amplified	detectors/RF/emission/noise_emission_1.ogg	EMISSION-excluded
Amplified	detectors/RF/emission/noise_emission_2.ogg	EMISSION-excluded
Amplified	detectors/RF/emission/noise_emission_3.ogg	EMISSION-excluded
Amplified	detectors/RF/emission/noise_emission_4.ogg	EMISSION-excluded
Amplified	detectors/RF/emission/noise_emission_5.ogg	EMISSION-excluded
Amplified	detectors/RF/emission/noise_emission_6.ogg	EMISSION-excluded
Amplified	detectors/RF/emission/noise_emission_7.ogg	EMISSION-excluded
Amplified	detectors/RF/emission/noise_emission_8.ogg	EMISSION-excluded
Amplified	device/airtight_door_idle.ogg	SKIP-nonambient
Amplified	device/airtight_door_start.ogg	SKIP-nonambient
Amplified	device/airtight_door_stop.ogg	SKIP-nonambient
Amplified	device/airtight_gates_idle.ogg	SKIP-nonambient
Amplified	device/airtight_gates_start.ogg	SKIP-nonambient
Amplified	device/airtight_gates_stop.ogg	SKIP-nonambient
Amplified	device/door_closing.ogg	SKIP-nonambient
Amplified	device/door_locked.ogg	SKIP-nonambient
Amplified	device/door_servomotor.ogg	SKIP-nonambient
Amplified	device/door_start.ogg	SKIP-nonambient
Amplified	device/door_stop.ogg	SKIP-nonambient
Amplified	device/metal_small_close_start.ogg	SKIP-nonambient
Amplified	device/metal_small_close_start1.ogg	SKIP-nonambient
Amplified	device/metal_small_close_stop.ogg	SKIP-nonambient
Amplified	device/metal_small_close_stop1.ogg	SKIP-nonambient
Amplified	device/metal_small_open.ogg	SKIP-nonambient
Amplified	device/old/door_closing.ogg	SKIP-nonambient
Amplified	device/old/door_start.ogg	SKIP-nonambient
Amplified	device/old/door_stop.ogg	SKIP-nonambient
Amplified	device/pda/pda_alarm.ogg	SKIP-nonambient
Amplified	device/pda/pda_beep_1.ogg	SKIP-nonambient
Amplified	device/pda/pda_beep_2.ogg	SKIP-nonambient
Amplified	device/pda/pda_communication_lost.ogg	SKIP-nonambient
Amplified	device/pda/pda_communication_lost1.ogg	SKIP-nonambient
Amplified	device/pda/pda_draw.ogg	SKIP-nonambient
Amplified	device/pda/pda_guide.ogg	SKIP-nonambient
Amplified	device/pda/pda_guide2.ogg	SKIP-nonambient
Amplified	device/pda/pda_guide_2.ogg	SKIP-nonambient
Amplified	device/pda/pda_holster.ogg	SKIP-nonambient
Amplified	device/pda/pda_news.ogg	SKIP-nonambient
Amplified	device/pda/pda_note.ogg	SKIP-nonambient
Amplified	device/pda/pda_objective.ogg	SKIP-nonambient
Amplified	device/pda/pda_tip.ogg	SKIP-nonambient
Amplified	device/pda/pda_welcome.ogg	SKIP-nonambient
Amplified	device/pda/route_opened.ogg	SKIP-nonambient
Amplified	device/pda/spot_discovered.ogg	SKIP-nonambient
Amplified	device/pda/~pda_welcome.ogg	SKIP-nonambient
Amplified	device/wood_large_open.ogg	SKIP-nonambient
Amplified	device/wood_small_open.ogg	SKIP-nonambient
Amplified	drx_da/drx_da_anomaly_gravy_hit.ogg	SKIP-nonambient
Amplified	drx_da/drx_da_anomaly_gravy_hit1.ogg	SKIP-nonambient
Amplified	drx_da/drx_da_anomaly_gravy_idle.ogg	SKIP-nonambient
Amplified	drx_da/drx_da_buzz_hit.ogg	SKIP-nonambient
Amplified	drx_da/drx_da_buzz_idle.ogg	SKIP-nonambient
Amplified	drx_da/drx_da_electra_hit.ogg	SKIP-nonambient
Amplified	drx_da/drx_da_electra_idle1.ogg	SKIP-nonambient
Amplified	drx_da/drx_da_fire_idle.ogg	SKIP-nonambient
Amplified	drx_da/drx_da_gravi_idle00.ogg	SKIP-nonambient
Amplified	drx_da/drx_da_gravi_idle01.ogg	SKIP-nonambient
Amplified	drx_da/drx_da_gravity_entrance.ogg	SKIP-nonambient
Amplified	eft_jump_sound/jump_asphalt.ogg	SKIP-nonambient
Amplified	eft_jump_sound/jump_concrete.ogg	SKIP-nonambient
Amplified	eft_jump_sound/jump_default.ogg	SKIP-nonambient
Amplified	eft_jump_sound/jump_dirt.ogg	SKIP-nonambient
Amplified	eft_jump_sound/jump_earth.ogg	SKIP-nonambient
Amplified	eft_jump_sound/jump_grass.ogg	SKIP-nonambient
Amplified	eft_jump_sound/jump_gravel.ogg	SKIP-nonambient
Amplified	eft_jump_sound/jump_metal.ogg	SKIP-nonambient
Amplified	eft_jump_sound/jump_shifer.ogg	SKIP-nonambient
Amplified	eft_jump_sound/jump_tile.ogg	SKIP-nonambient
Amplified	eft_jump_sound/jump_tin.ogg	SKIP-nonambient
Amplified	eft_jump_sound/jump_water.ogg	SKIP-nonambient
Amplified	eft_jump_sound/jump_wood.ogg	SKIP-nonambient
Amplified	eft_jump_sound/land_asphalt.ogg	SKIP-nonambient
Amplified	eft_jump_sound/land_default.ogg	SKIP-nonambient
Amplified	exo-servo/heavy_servo_exo_jump.ogg	SKIP-nonambient
Amplified	exo-servo/heavy_servo_exo_landing.ogg	SKIP-nonambient
Amplified	exo-servo/heavy_servo_exo_walk1.ogg	SKIP-nonambient
Amplified	exo-servo/heavy_servo_exo_walk2.ogg	SKIP-nonambient
Amplified	exo-servo/light_servo_exo_jump.ogg	SKIP-nonambient
Amplified	exo-servo/light_servo_exo_landing.ogg	SKIP-nonambient
Amplified	exo-servo/light_servo_exo_walk1.ogg	SKIP-nonambient
Amplified	exo-servo/light_servo_exo_walk2.ogg	SKIP-nonambient
Amplified	exo-servo/middle_servo_exo_jump.ogg	SKIP-nonambient
Amplified	exo-servo/middle_servo_exo_landing.ogg	SKIP-nonambient
Amplified	exo-servo/middle_servo_exo_walk1.ogg	SKIP-nonambient
Amplified	exo-servo/middle_servo_exo_walk2.ogg	SKIP-nonambient
Amplified	exo-servo/nosorog_servo_exo_walk1.ogg	SKIP-nonambient
Amplified	exo-servo/nosorog_servo_exo_walk2.ogg	SKIP-nonambient
Amplified	interface/anabiotic.ogg	SKIP-nonambient
Amplified	interface/backpack_close.ogg	SKIP-nonambient
Amplified	interface/backpack_open.ogg	SKIP-nonambient
Amplified	interface/bandage.ogg	SKIP-nonambient
Amplified	interface/bandage2.ogg	SKIP-nonambient
Amplified	interface/bandage_surginst.ogg	SKIP-nonambient
Amplified	interface/bandage_use.ogg	SKIP-nonambient
Amplified	interface/conserva_use.ogg	SKIP-nonambient
Amplified	interface/conserva_use_2.ogg	SKIP-nonambient
Amplified	interface/draw.ogg	SKIP-nonambient
Amplified	interface/drink_soda_use.ogg	SKIP-nonambient
Amplified	interface/drug_tabletos_use.ogg	SKIP-nonambient
Amplified	interface/energy_drink.ogg	SKIP-nonambient
Amplified	interface/file_use.ogg	SKIP-nonambient
Amplified	interface/gerkules.ogg	SKIP-nonambient
Amplified	interface/glue_use.ogg	SKIP-nonambient
Amplified	interface/gunoil_use.ogg	SKIP-nonambient
Amplified	interface/gunspray_use.ogg	SKIP-nonambient
Amplified	interface/harvest_use.ogg	SKIP-nonambient
Amplified	interface/harvest_use_success.ogg	SKIP-nonambient
Amplified	interface/hide.ogg	SKIP-nonambient
Amplified	interface/horror_notify_02.ogg	SKIP-nonambient
Amplified	interface/inv_aac_close.ogg	SKIP-nonambient
Amplified	interface/inv_aac_open.ogg	SKIP-nonambient
Amplified	interface/inv_aam_close.ogg	SKIP-nonambient
Amplified	interface/inv_aam_open.ogg	SKIP-nonambient
Amplified	interface/inv_attach_addon.ogg	SKIP-nonambient
Amplified	interface/inv_bandage.ogg	SKIP-nonambient
Amplified	interface/inv_batt.ogg	SKIP-nonambient
Amplified	interface/inv_belt.ogg	SKIP-nonambient
Amplified	interface/Inv_close.ogg	SKIP-nonambient
Amplified	interface/inv_close9.ogg	SKIP-nonambient
Amplified	interface/inv_cooking.ogg	SKIP-nonambient
Amplified	interface/inv_cooking2.ogg	SKIP-nonambient
Amplified	interface/inv_cooking_cooker.ogg	SKIP-nonambient
Amplified	interface/inv_cooking_open.ogg	SKIP-nonambient
Amplified	interface/inv_cooking_stove.ogg	SKIP-nonambient
Amplified	interface/inv_detach_addon.ogg	SKIP-nonambient
Amplified	interface/inv_disassemble_cloth_fast_1.ogg	SKIP-nonambient
Amplified	interface/inv_disassemble_cloth_fast_2.ogg	SKIP-nonambient
Amplified	interface/inv_disassemble_cloth_fast_3.ogg	SKIP-nonambient
Amplified	interface/inv_disassemble_metal_fast_1.ogg	SKIP-nonambient
Amplified	interface/inv_disassemble_metal_fast_2.ogg	SKIP-nonambient
Amplified	interface/inv_disassemble_metal_fast_3.ogg	SKIP-nonambient
Amplified	interface/inv_disassemble_metal_fast_4.ogg	SKIP-nonambient
Amplified	interface/inv_drink_flask_2.ogg	SKIP-nonambient
Amplified	interface/inv_drop.ogg	SKIP-nonambient
Amplified	interface/inv_eat_gum.ogg	SKIP-nonambient
Amplified	interface/inv_flashlight_draw.ogg	SKIP-nonambient
Amplified	interface/inv_flashlight_holster.ogg	SKIP-nonambient
Amplified	interface/inv_food.ogg	SKIP-nonambient
Amplified	interface/inv_food2.ogg	SKIP-nonambient
Amplified	interface/inv_iam_close.ogg	SKIP-nonambient
Amplified	interface/inv_iam_open.ogg	SKIP-nonambient
Amplified	interface/inv_lead_close.ogg	SKIP-nonambient
Amplified	interface/inv_lead_open.ogg	SKIP-nonambient
Amplified	interface/inv_mask_clean_2.ogg	SKIP-nonambient
Amplified	interface/inv_mask_clean_3.ogg	SKIP-nonambient
Amplified	interface/inv_matches.ogg	SKIP-nonambient
Amplified	interface/inv_mutant_loot_animal.ogg	SKIP-nonambient
Amplified	interface/inv_nv_loop.ogg	SKIP-nonambient
Amplified	interface/inv_nv_loop_end.ogg	SKIP-nonambient
Amplified	interface/inv_nv_loop_start.ogg	SKIP-nonambient
Amplified	interface/inv_nv_off.ogg	SKIP-nonambient
Amplified	interface/inv_nv_start.ogg	SKIP-nonambient
Amplified	interface/inv_nvg.ogg	SKIP-nonambient
Amplified	interface/inv_open.ogg	SKIP-nonambient
Amplified	interface/inv_properties_2.ogg	SKIP-nonambient
Amplified	interface/inv_repair_brushes.ogg	SKIP-nonambient
Amplified	interface/inv_repair_kit.ogg	SKIP-nonambient
Amplified	interface/inv_repair_kit2.ogg	SKIP-nonambient
Amplified	interface/inv_repair_kit3.ogg	SKIP-nonambient
Amplified	interface/inv_repair_kit_with_brushes.ogg	SKIP-nonambient
Amplified	interface/inv_repair_kit_with_brushes2.ogg	SKIP-nonambient
Amplified	interface/inv_repair_sewing_kit.ogg	SKIP-nonambient
Amplified	interface/inv_repair_sewing_kit1.ogg	SKIP-nonambient
Amplified	interface/inv_repair_sewing_kit_fast.ogg	SKIP-nonambient
Amplified	interface/inv_repair_sewing_kit_fast1.ogg	SKIP-nonambient
Amplified	interface/inv_repair_spray_oil.ogg	SKIP-nonambient
Amplified	interface/inv_repair_spray_oil2.ogg	SKIP-nonambient
Amplified	interface/inv_ruck.ogg	SKIP-nonambient
Amplified	interface/Inv_slot.ogg	SKIP-nonambient
Amplified	interface/inv_torch.ogg	SKIP-nonambient
Amplified	interface/item_usage/alt/antirad_use.ogg	SKIP-nonambient
Amplified	interface/item_usage/alt/bandage_use.ogg	SKIP-nonambient
Amplified	interface/item_usage/anabiotic.ogg	SKIP-nonambient
Amplified	interface/item_usage/antirad_use.ogg	SKIP-nonambient
Amplified	interface/item_usage/backpack_close.ogg	SKIP-nonambient
Amplified	interface/item_usage/backpack_open.ogg	SKIP-nonambient
Amplified	interface/item_usage/bandage.ogg	SKIP-nonambient
Amplified	interface/item_usage/bandage2.ogg	SKIP-nonambient
Amplified	interface/item_usage/bandage_surginst.ogg	SKIP-nonambient
Amplified	interface/item_usage/bandage_use.ogg	SKIP-nonambient
Amplified	interface/item_usage/chease_use.ogg	SKIP-nonambient
Amplified	interface/item_usage/ciga1.ogg	SKIP-nonambient
Amplified	interface/item_usage/ciga1_long.ogg	SKIP-nonambient
Amplified	interface/item_usage/conserva_use.ogg	SKIP-nonambient
Amplified	interface/item_usage/conserva_use_2.ogg	SKIP-nonambient
Amplified	interface/item_usage/draw.ogg	SKIP-nonambient
Amplified	interface/item_usage/drink_beer_use.ogg	SKIP-nonambient
Amplified	interface/item_usage/drink_cola_use.ogg	SKIP-nonambient
Amplified	interface/item_usage/drink_flask.ogg	SKIP-nonambient
Amplified	interface/item_usage/drink_flask2.ogg	SKIP-nonambient
Amplified	interface/item_usage/drink_flask3.ogg	SKIP-nonambient
Amplified	interface/item_usage/drink_flask4.ogg	SKIP-nonambient
Amplified	interface/item_usage/drink_soda_use.ogg	SKIP-nonambient
Amplified	interface/item_usage/drug_tabletos_use.ogg	SKIP-nonambient
Amplified	interface/item_usage/eat_rat.ogg	SKIP-nonambient
Amplified	interface/item_usage/energy_drink.ogg	SKIP-nonambient
Amplified	interface/item_usage/file_use.ogg	SKIP-nonambient
Amplified	interface/item_usage/food_use.ogg	SKIP-nonambient
Amplified	interface/item_usage/gerkules.ogg	SKIP-nonambient
Amplified	interface/item_usage/glue_use.ogg	SKIP-nonambient
Amplified	interface/item_usage/gunoil_use.ogg	SKIP-nonambient
Amplified	interface/item_usage/gunspray_use.ogg	SKIP-nonambient
Amplified	interface/item_usage/hand.ogg	SKIP-nonambient
Amplified	interface/item_usage/harvest_use.ogg	SKIP-nonambient
Amplified	interface/item_usage/harvest_use_success.ogg	SKIP-nonambient
Amplified	interface/item_usage/hide.ogg	SKIP-nonambient
Amplified	interface/item_usage/injector_using.ogg	SKIP-nonambient
Amplified	interface/item_usage/injector_using_OLD.ogg	SKIP-nonambient
Amplified	interface/item_usage/inv_bandage.ogg	SKIP-nonambient
Amplified	interface/item_usage/inv_belt.ogg	SKIP-nonambient
Amplified	interface/item_usage/inv_close.ogg	SKIP-nonambient
Amplified	interface/item_usage/inv_disassemble_cloth_fast_1.ogg	SKIP-nonambient
Amplified	interface/item_usage/inv_disassemble_cloth_fast_2.ogg	SKIP-nonambient
Amplified	interface/item_usage/inv_disassemble_cloth_fast_3.ogg	SKIP-nonambient
Amplified	interface/item_usage/inv_drink_water.ogg	SKIP-nonambient
Amplified	interface/item_usage/inv_mask_clean_3.ogg	SKIP-nonambient
Amplified	interface/item_usage/inv_open.ogg	SKIP-nonambient
Amplified	interface/item_usage/inv_repair_brushes.ogg	SKIP-nonambient
Amplified	interface/item_usage/inv_repair_kit.ogg	SKIP-nonambient
Amplified	interface/item_usage/inv_repair_kit_with_brushes.ogg	SKIP-nonambient
Amplified	interface/item_usage/inv_repair_sewing_kit.ogg	SKIP-nonambient
Amplified	interface/item_usage/inv_repair_sewing_kit_fast.ogg	SKIP-nonambient
Amplified	interface/item_usage/inv_repair_spray_oil.ogg	SKIP-nonambient
Amplified	interface/item_usage/large_gun_kit_use.ogg	SKIP-nonambient
Amplified	interface/item_usage/large_gun_kit_use2.ogg	SKIP-nonambient
Amplified	interface/item_usage/liz_knife_hide.ogg	SKIP-nonambient
Amplified	interface/item_usage/liz_knife_show.ogg	SKIP-nonambient
Amplified	interface/item_usage/liz_use_mre.ogg	SKIP-nonambient
Amplified	interface/item_usage/liz_use_mre_deeznut.ogg	SKIP-nonambient
Amplified	interface/item_usage/liz_use_mre_raisins.ogg	SKIP-nonambient
Amplified	interface/item_usage/medkit.ogg	SKIP-nonambient
Amplified	interface/item_usage/medkit_use.ogg	SKIP-nonambient
Amplified	interface/item_usage/mfs_use_bread.ogg	SKIP-nonambient
Amplified	interface/item_usage/mfs_use_candybar.ogg	SKIP-nonambient
Amplified	interface/item_usage/mfs_use_chocolate.ogg	SKIP-nonambient
Amplified	interface/item_usage/mfs_use_kolbasa.ogg	SKIP-nonambient
Amplified	interface/item_usage/morphine_use_v2.ogg	SKIP-nonambient
Amplified	interface/item_usage/mre.ogg	SKIP-nonambient
Amplified	interface/item_usage/new_drink_flask.ogg	SKIP-nonambient
Amplified	interface/item_usage/new_fast_drink_flask.ogg	SKIP-nonambient
Amplified	interface/item_usage/new_fast_drink_flask_v2.ogg	SKIP-nonambient
Amplified	interface/item_usage/new_fast_drink_flask_v22.ogg	SKIP-nonambient
Amplified	interface/item_usage/new_fast_drink_flasktea.ogg	SKIP-nonambient
Amplified	interface/item_usage/outfit_repair small_use.ogg	SKIP-nonambient
Amplified	interface/item_usage/outfit_repair_large_use.ogg	SKIP-nonambient
Amplified	interface/item_usage/pickup.ogg	SKIP-nonambient
Amplified	interface/item_usage/pills_use.ogg	SKIP-nonambient
Amplified	interface/item_usage/pills_use1.ogg	SKIP-nonambient
Amplified	interface/item_usage/plate_eat.ogg	SKIP-nonambient
Amplified	interface/item_usage/scissors_use.ogg	SKIP-nonambient
Amplified	interface/item_usage/sewing_use.ogg	SKIP-nonambient
Amplified	interface/item_usage/small_gun_kit_use.ogg	SKIP-nonambient
Amplified	interface/item_usage/stimulator_use.ogg	SKIP-nonambient
Amplified	interface/item_usage/stone_sharpen_use.ogg	SKIP-nonambient
Amplified	interface/item_usage/syringe1.ogg	SKIP-nonambient
Amplified	interface/item_usage/syringe2.ogg	SKIP-nonambient
Amplified	interface/item_usage/tape_use.ogg	SKIP-nonambient
Amplified	interface/item_usage/vodka_drink.ogg	SKIP-nonambient
Amplified	interface/item_usage/vodka_use.ogg	SKIP-nonambient
Amplified	interface/item_usage/water_drink.ogg	SKIP-nonambient
Amplified	interface/item_usage/water_flask.ogg	SKIP-nonambient
Amplified	interface/items/container_1.ogg	SKIP-nonambient
Amplified	interface/items/Inv_close.ogg	SKIP-nonambient
Amplified	interface/items/inv_items_ammo_1.ogg	SKIP-nonambient
Amplified	interface/items/inv_items_ammo_2.ogg	SKIP-nonambient
Amplified	interface/items/inv_items_ammo_3.ogg	SKIP-nonambient
Amplified	interface/items/inv_items_ammo_4.ogg	SKIP-nonambient
Amplified	interface/items/inv_items_ammo_5.ogg	SKIP-nonambient
Amplified	interface/items/inv_items_ammo_6.ogg	SKIP-nonambient
Amplified	interface/items/inv_items_ammo_7.ogg	SKIP-nonambient
Amplified	interface/items/inv_items_bottle_1.ogg	SKIP-nonambient
Amplified	interface/items/inv_items_bottle_2.ogg	SKIP-nonambient
Amplified	interface/items/inv_items_bottle_3.ogg	SKIP-nonambient
Amplified	interface/items/inv_items_bottle_4.ogg	SKIP-nonambient
Amplified	interface/items/inv_items_cloth_1.ogg	SKIP-nonambient
Amplified	interface/items/inv_items_cloth_1.ogg.ogg	SKIP-nonambient
Amplified	interface/items/inv_items_cloth_2.ogg	SKIP-nonambient
Amplified	interface/items/inv_items_cloth_2.ogg.ogg	SKIP-nonambient
Amplified	interface/items/inv_items_cloth_3.ogg	SKIP-nonambient
Amplified	interface/items/inv_items_cloth_3.ogg.ogg	SKIP-nonambient
Amplified	interface/items/inv_items_cloth_4.ogg	SKIP-nonambient
Amplified	interface/items/inv_items_cloth_5.ogg	SKIP-nonambient
Amplified	interface/items/inv_items_generic_1.ogg	SKIP-nonambient
Amplified	interface/items/inv_items_generic_10.ogg	SKIP-nonambient
Amplified	interface/items/inv_items_generic_11.ogg	SKIP-nonambient
Amplified	interface/items/inv_items_generic_12.ogg	SKIP-nonambient
Amplified	interface/items/inv_items_generic_13.ogg	SKIP-nonambient
Amplified	interface/items/inv_items_generic_14.ogg	SKIP-nonambient
Amplified	interface/items/inv_items_generic_15.ogg	SKIP-nonambient
Amplified	interface/items/inv_items_generic_16.ogg	SKIP-nonambient
Amplified	interface/items/inv_items_generic_17.ogg	SKIP-nonambient
Amplified	interface/items/inv_items_generic_18.ogg	SKIP-nonambient
Amplified	interface/items/inv_items_generic_19.ogg	SKIP-nonambient
Amplified	interface/items/inv_items_generic_2.ogg	SKIP-nonambient
Amplified	interface/items/inv_items_generic_3.ogg	SKIP-nonambient
Amplified	interface/items/inv_items_generic_4.ogg	SKIP-nonambient
Amplified	interface/items/inv_items_generic_5.ogg	SKIP-nonambient
Amplified	interface/items/inv_items_generic_6.ogg	SKIP-nonambient
Amplified	interface/items/inv_items_generic_7.ogg	SKIP-nonambient
Amplified	interface/items/inv_items_generic_8.ogg	SKIP-nonambient
Amplified	interface/items/inv_items_generic_9.ogg	SKIP-nonambient
Amplified	interface/items/inv_items_grenade_1.ogg	SKIP-nonambient
Amplified	interface/items/inv_items_grenade_2.ogg	SKIP-nonambient
Amplified	interface/items/inv_items_grenade_3.ogg	SKIP-nonambient
Amplified	interface/items/inv_items_helmet_1.ogg	SKIP-nonambient
Amplified	interface/items/inv_items_helmet_2.ogg	SKIP-nonambient
Amplified	interface/items/inv_items_helmet_3.ogg	SKIP-nonambient
Amplified	interface/items/inv_items_key_1.ogg	SKIP-nonambient
Amplified	interface/items/inv_items_key_2.ogg	SKIP-nonambient
Amplified	interface/items/inv_items_knife_1.ogg	SKIP-nonambient
Amplified	interface/items/inv_items_knife_2.ogg	SKIP-nonambient
Amplified	interface/items/inv_items_money_coin_1.ogg	SKIP-nonambient
Amplified	interface/items/inv_items_money_coin_2.ogg	SKIP-nonambient
Amplified	interface/items/inv_items_money_paper.ogg	SKIP-nonambient
Amplified	interface/items/inv_items_outfit_1.ogg	SKIP-nonambient
Amplified	interface/items/inv_items_outfit_2.ogg	SKIP-nonambient
Amplified	interface/items/inv_items_outfit_3.ogg	SKIP-nonambient
Amplified	interface/items/inv_items_outfit_4.ogg	SKIP-nonambient
Amplified	interface/items/inv_items_parts_1.ogg	SKIP-nonambient
Amplified	interface/items/inv_items_parts_2.ogg	SKIP-nonambient
Amplified	interface/items/inv_items_parts_3.ogg	SKIP-nonambient
Amplified	interface/items/inv_items_pills_1.ogg	SKIP-nonambient
Amplified	interface/items/inv_items_pills_2.ogg	SKIP-nonambient
Amplified	interface/items/inv_items_toolkit_1.ogg	SKIP-nonambient
Amplified	interface/items/inv_items_toolkit_2.ogg	SKIP-nonambient
Amplified	interface/items/inv_items_toolkit_3.ogg	SKIP-nonambient
Amplified	interface/items/inv_items_toolkit_4.ogg	SKIP-nonambient
Amplified	interface/items/inv_items_wpn_1.ogg	SKIP-nonambient
Amplified	interface/items/inv_items_wpn_10.ogg	SKIP-nonambient
Amplified	interface/items/inv_items_wpn_2.ogg	SKIP-nonambient
Amplified	interface/items/inv_items_wpn_3.ogg	SKIP-nonambient
Amplified	interface/items/inv_items_wpn_4.ogg	SKIP-nonambient
Amplified	interface/items/inv_items_wpn_5.ogg	SKIP-nonambient
Amplified	interface/items/inv_items_wpn_6.ogg	SKIP-nonambient
Amplified	interface/items/inv_items_wpn_7.ogg	SKIP-nonambient
Amplified	interface/items/inv_items_wpn_8.ogg	SKIP-nonambient
Amplified	interface/items/inv_items_wpn_9.ogg	SKIP-nonambient
Amplified	interface/items/inv_items_wpnbig_1.ogg	SKIP-nonambient
Amplified	interface/items/inv_items_wpnbig_2.ogg	SKIP-nonambient
Amplified	interface/large_gun_kit_use.ogg	SKIP-nonambient
Amplified	interface/large_gun_kit_use1.ogg	SKIP-nonambient
Amplified	interface/liz_knife_hide.ogg	SKIP-nonambient
Amplified	interface/liz_knife_show.ogg	SKIP-nonambient
Amplified	interface/liz_use_mre.ogg	SKIP-nonambient
Amplified	interface/liz_use_mre_deeznut.ogg	SKIP-nonambient
Amplified	interface/liz_use_mre_raisins.ogg	SKIP-nonambient
Amplified	interface/medkit_use.ogg	SKIP-nonambient
Amplified	interface/mfs_use_candybar.ogg	SKIP-nonambient
Amplified	interface/mfs_use_chocolate.ogg	SKIP-nonambient
Amplified	interface/morphine_use_v2.ogg	SKIP-nonambient
Amplified	interface/new_fast_drink_flask_v2.ogg	SKIP-nonambient
Amplified	interface/new_fast_drink_flasktea.ogg	SKIP-nonambient
Amplified	interface/outfit_repair small_use.ogg	SKIP-nonambient
Amplified	interface/outfit_repair_large_use.ogg	SKIP-nonambient
Amplified	interface/pills_use.ogg	SKIP-nonambient
Amplified	interface/pills_use1.ogg	SKIP-nonambient
Amplified	interface/scissors_use.ogg	SKIP-nonambient
Amplified	interface/sewing_use.ogg	SKIP-nonambient
Amplified	interface/small_gun_kit_use.ogg	SKIP-nonambient
Amplified	interface/stimulator_use.ogg	SKIP-nonambient
Amplified	interface/stone_sharpen_use.ogg	SKIP-nonambient
Amplified	interface/syringe2.ogg	SKIP-nonambient
Amplified	interface/tape_use.ogg	SKIP-nonambient
Amplified	interface/vodka_drink.ogg	SKIP-nonambient
Amplified	interface/water_drink.ogg	SKIP-nonambient
Amplified	looting/looting_1.ogg	SKIP-nonambient
Amplified	looting/looting_10.ogg	SKIP-nonambient
Amplified	looting/looting_11.ogg	SKIP-nonambient
Amplified	looting/looting_12.ogg	SKIP-nonambient
Amplified	looting/looting_13.ogg	SKIP-nonambient
Amplified	looting/looting_14.ogg	SKIP-nonambient
Amplified	looting/looting_2.ogg	SKIP-nonambient
Amplified	looting/looting_3.ogg	SKIP-nonambient
Amplified	looting/looting_4.ogg	SKIP-nonambient
Amplified	looting/looting_5.ogg	SKIP-nonambient
Amplified	looting/looting_6.ogg	SKIP-nonambient
Amplified	looting/looting_7.ogg	SKIP-nonambient
Amplified	looting/looting_8.ogg	SKIP-nonambient
Amplified	looting/looting_9.ogg	SKIP-nonambient
Amplified	material/actor/step/default1.ogg	SKIP-nonambient
Amplified	material/actor/step/default2.ogg	SKIP-nonambient
Amplified	material/actor/step/default3.ogg	SKIP-nonambient
Amplified	material/actor/step/default4.ogg	SKIP-nonambient
Amplified	material/actor/step/earth1.ogg	SKIP-nonambient
Amplified	material/actor/step/earth2.ogg	SKIP-nonambient
Amplified	material/actor/step/earth3.ogg	SKIP-nonambient
Amplified	material/actor/step/earth4.ogg	SKIP-nonambient
Amplified	material/actor/step/grass1.ogg	SKIP-nonambient
Amplified	material/actor/step/grass1_org.ogg	SKIP-nonambient
Amplified	material/actor/step/grass2.ogg	SKIP-nonambient
Amplified	material/actor/step/grass2_org.ogg	SKIP-nonambient
Amplified	material/actor/step/grass3.ogg	SKIP-nonambient
Amplified	material/actor/step/grass3_org.ogg	SKIP-nonambient
Amplified	material/actor/step/grass4.ogg	SKIP-nonambient
Amplified	material/actor/step/grass4_org.ogg	SKIP-nonambient
Amplified	material/actor/step/gravel1.ogg	SKIP-nonambient
Amplified	material/actor/step/gravel2.ogg	SKIP-nonambient
Amplified	material/actor/step/metal_plate1.ogg	SKIP-nonambient
Amplified	material/actor/step/metal_plate2.ogg	SKIP-nonambient
Amplified	material/actor/step/metal_plate3.ogg	SKIP-nonambient
Amplified	material/actor/step/metal_plate4.ogg	SKIP-nonambient
Amplified	material/actor/step/n_default_1.ogg	SKIP-nonambient
Amplified	material/actor/step/n_default_2.ogg	SKIP-nonambient
Amplified	material/actor/step/n_default_3.ogg	SKIP-nonambient
Amplified	material/actor/step/n_default_4.ogg	SKIP-nonambient
Amplified	material/actor/step/n_earth_1.ogg	SKIP-nonambient
Amplified	material/actor/step/n_earth_2.ogg	SKIP-nonambient
Amplified	material/actor/step/n_earth_3.ogg	SKIP-nonambient
Amplified	material/actor/step/n_earth_4.ogg	SKIP-nonambient
Amplified	material/actor/step/n_grass_1.ogg	SKIP-nonambient
Amplified	material/actor/step/n_grass_2.ogg	SKIP-nonambient
Amplified	material/actor/step/n_grass_3.ogg	SKIP-nonambient
Amplified	material/actor/step/n_grass_4.ogg	SKIP-nonambient
Amplified	material/actor/step/n_gravel_1.ogg	SKIP-nonambient
Amplified	material/actor/step/n_gravel_2.ogg	SKIP-nonambient
Amplified	material/actor/step/n_gravel_3.ogg	SKIP-nonambient
Amplified	material/actor/step/n_gravel_4.ogg	SKIP-nonambient
Amplified	material/actor/step/n_metal_plate_1.ogg	SKIP-nonambient
Amplified	material/actor/step/n_metal_plate_2.ogg	SKIP-nonambient
Amplified	material/actor/step/n_metal_plate_3.ogg	SKIP-nonambient
Amplified	material/actor/step/n_metal_plate_4.ogg	SKIP-nonambient
Amplified	material/actor/step/n_soft_1.ogg	SKIP-nonambient
Amplified	material/actor/step/n_soft_2.ogg	SKIP-nonambient
Amplified	material/actor/step/n_soft_3.ogg	SKIP-nonambient
Amplified	material/actor/step/n_soft_4.ogg	SKIP-nonambient
Amplified	material/actor/step/n_tin_1.ogg	SKIP-nonambient
Amplified	material/actor/step/n_tin_2.ogg	SKIP-nonambient
Amplified	material/actor/step/n_tin_3.ogg	SKIP-nonambient
Amplified	material/actor/step/n_tin_4.ogg	SKIP-nonambient
Amplified	material/actor/step/n_water_1.ogg	SKIP-nonambient
Amplified	material/actor/step/n_water_2.ogg	SKIP-nonambient
Amplified	material/actor/step/n_water_3.ogg	SKIP-nonambient
Amplified	material/actor/step/n_water_4.ogg	SKIP-nonambient
Amplified	material/actor/step/n_wood_1.ogg	SKIP-nonambient
Amplified	material/actor/step/n_wood_2.ogg	SKIP-nonambient
Amplified	material/actor/step/n_wood_3.ogg	SKIP-nonambient
Amplified	material/actor/step/n_wood_4.ogg	SKIP-nonambient
Amplified	material/actor/step/new_wood1.ogg	SKIP-nonambient
Amplified	material/actor/step/new_wood2.ogg	SKIP-nonambient
Amplified	material/actor/step/new_wood3.ogg	SKIP-nonambient
Amplified	material/actor/step/new_wood4.ogg	SKIP-nonambient
Amplified	material/actor/step/t_water1.ogg	SKIP-nonambient
Amplified	material/actor/step/t_water2.ogg	SKIP-nonambient
Amplified	material/actor/step/t_water3.ogg	SKIP-nonambient
Amplified	material/actor/step/t_water4.ogg	SKIP-nonambient
Amplified	material/actor/step/tin1.ogg	SKIP-nonambient
Amplified	material/actor/step/tin2.ogg	SKIP-nonambient
Amplified	material/actor/step/tin3.ogg	SKIP-nonambient
Amplified	material/actor/step/tin4.ogg	SKIP-nonambient
Amplified	material/actor/step/tmp_default1.ogg	SKIP-nonambient
Amplified	material/actor/step/tmp_default2.ogg	SKIP-nonambient
Amplified	material/actor/step/tmp_default3.ogg	SKIP-nonambient
Amplified	material/actor/step/tmp_default4.ogg	SKIP-nonambient
Amplified	material/actor/step/water01gr.ogg	SKIP-nonambient
Amplified	material/actor/step/water02gr.ogg	SKIP-nonambient
Amplified	material/actor/step/wpn_large1.ogg	SKIP-nonambient
Amplified	material/actor/step/wpn_large2.ogg	SKIP-nonambient
Amplified	material/actor/step/wpn_small1.ogg	SKIP-nonambient
Amplified	material/actor/step/wpn_small2.ogg	SKIP-nonambient
Amplified	material/hoof/hoof_ground_1.ogg	SKIP-nonambient
Amplified	material/hoof/hoof_ground_2.ogg	SKIP-nonambient
Amplified	material/hoof/hoof_ground_3.ogg	SKIP-nonambient
Amplified	material/hoof/hoof_ground_4.ogg	SKIP-nonambient
Amplified	material/hoof/hoof_hard2.ogg	SKIP-nonambient
Amplified	material/hoof/hoof_hard4.ogg	SKIP-nonambient
Amplified	material/hoof/hoof_hard5.ogg	SKIP-nonambient
Amplified	material/hoof/hoof_hard6.ogg	SKIP-nonambient
Amplified	material/hoof/step/hoof_ground_1.ogg	SKIP-nonambient
Amplified	material/hoof/step/hoof_ground_2.ogg	SKIP-nonambient
Amplified	material/hoof/step/hoof_ground_3.ogg	SKIP-nonambient
Amplified	material/hoof/step/hoof_ground_4.ogg	SKIP-nonambient
Amplified	material/hoof/step/hoof_hard2.ogg	SKIP-nonambient
Amplified	material/hoof/step/hoof_hard4.ogg	SKIP-nonambient
Amplified	material/hoof/step/hoof_hard5.ogg	SKIP-nonambient
Amplified	material/hoof/step/hoof_hard6.ogg	SKIP-nonambient
Amplified	material/hoof/step/step_hoof_asphalt2.ogg	SKIP-nonambient
Amplified	material/hoof/step/step_hoof_asphalt3.ogg	SKIP-nonambient
Amplified	material/hoof/step/step_hoof_asphalt4.ogg	SKIP-nonambient
Amplified	material/hoof/step/step_hoof_asphalt5.ogg	SKIP-nonambient
Amplified	material/hoof/step_hoof_asphalt2.ogg	SKIP-nonambient
Amplified	material/hoof/step_hoof_asphalt3.ogg	SKIP-nonambient
Amplified	material/hoof/step_hoof_asphalt4.ogg	SKIP-nonambient
Amplified	material/hoof/step_hoof_asphalt5.ogg	SKIP-nonambient
Amplified	material/human/collide/clothes1.ogg	SKIP-nonambient
Amplified	material/human/collide/clothes2.ogg	SKIP-nonambient
Amplified	material/human/collide/clothes3.ogg	SKIP-nonambient
Amplified	material/human/step/bush01gr.ogg	SKIP-nonambient
Amplified	material/human/step/bush02gr.ogg	SKIP-nonambient
Amplified	material/human/step/bush03gr.ogg	SKIP-nonambient
Amplified	material/human/step/bush04gr.ogg	SKIP-nonambient
Amplified	material/human/step/bush05gr.ogg	SKIP-nonambient
Amplified	material/human/step/bush06gr.ogg	SKIP-nonambient
Amplified	material/human/step/bushes1.ogg	SKIP-nonambient
Amplified	material/human/step/bushes2.ogg	SKIP-nonambient
Amplified	material/human/step/default1.ogg	SKIP-nonambient
Amplified	material/human/step/default2.ogg	SKIP-nonambient
Amplified	material/human/step/default3.ogg	SKIP-nonambient
Amplified	material/human/step/default4.ogg	SKIP-nonambient
Amplified	material/human/step/earth1.ogg	SKIP-nonambient
Amplified	material/human/step/earth2.ogg	SKIP-nonambient
Amplified	material/human/step/earth3.ogg	SKIP-nonambient
Amplified	material/human/step/earth4.ogg	SKIP-nonambient
Amplified	material/human/step/grass1.ogg	SKIP-nonambient
Amplified	material/human/step/grass1_org.ogg	SKIP-nonambient
Amplified	material/human/step/grass2.ogg	SKIP-nonambient
Amplified	material/human/step/grass2_org.ogg	SKIP-nonambient
Amplified	material/human/step/grass3.ogg	SKIP-nonambient
Amplified	material/human/step/grass3_org.ogg	SKIP-nonambient
Amplified	material/human/step/grass4.ogg	SKIP-nonambient
Amplified	material/human/step/grass4_org.ogg	SKIP-nonambient
Amplified	material/human/step/gravel1.ogg	SKIP-nonambient
Amplified	material/human/step/gravel2.ogg	SKIP-nonambient
Amplified	material/human/step/metal_plate1.ogg	SKIP-nonambient
Amplified	material/human/step/metal_plate2.ogg	SKIP-nonambient
Amplified	material/human/step/metal_plate3.ogg	SKIP-nonambient
Amplified	material/human/step/metal_plate4.ogg	SKIP-nonambient
Amplified	material/human/step/n_default_1.ogg	SKIP-nonambient
Amplified	material/human/step/n_default_2.ogg	SKIP-nonambient
Amplified	material/human/step/n_default_3.ogg	SKIP-nonambient
Amplified	material/human/step/n_default_4.ogg	SKIP-nonambient
Amplified	material/human/step/n_earth_1.ogg	SKIP-nonambient
Amplified	material/human/step/n_earth_2.ogg	SKIP-nonambient
Amplified	material/human/step/n_earth_3.ogg	SKIP-nonambient
Amplified	material/human/step/n_earth_4.ogg	SKIP-nonambient
Amplified	material/human/step/n_grass_1.ogg	SKIP-nonambient
Amplified	material/human/step/n_grass_2.ogg	SKIP-nonambient
Amplified	material/human/step/n_grass_3.ogg	SKIP-nonambient
Amplified	material/human/step/n_grass_4.ogg	SKIP-nonambient
Amplified	material/human/step/n_gravel_1.ogg	SKIP-nonambient
Amplified	material/human/step/n_gravel_2.ogg	SKIP-nonambient
Amplified	material/human/step/n_gravel_3.ogg	SKIP-nonambient
Amplified	material/human/step/n_gravel_4.ogg	SKIP-nonambient
Amplified	material/human/step/n_metal_plate_1.ogg	SKIP-nonambient
Amplified	material/human/step/n_metal_plate_2.ogg	SKIP-nonambient
Amplified	material/human/step/n_metal_plate_3.ogg	SKIP-nonambient
Amplified	material/human/step/n_metal_plate_4.ogg	SKIP-nonambient
Amplified	material/human/step/n_soft_1.ogg	SKIP-nonambient
Amplified	material/human/step/n_soft_2.ogg	SKIP-nonambient
Amplified	material/human/step/n_soft_3.ogg	SKIP-nonambient
Amplified	material/human/step/n_soft_4.ogg	SKIP-nonambient
Amplified	material/human/step/n_tin_1.ogg	SKIP-nonambient
Amplified	material/human/step/n_tin_2.ogg	SKIP-nonambient
Amplified	material/human/step/n_tin_3.ogg	SKIP-nonambient
Amplified	material/human/step/n_tin_4.ogg	SKIP-nonambient
Amplified	material/human/step/n_water_1.ogg	SKIP-nonambient
Amplified	material/human/step/n_water_2.ogg	SKIP-nonambient
Amplified	material/human/step/n_water_3.ogg	SKIP-nonambient
Amplified	material/human/step/n_water_4.ogg	SKIP-nonambient
Amplified	material/human/step/n_wood_1.ogg	SKIP-nonambient
Amplified	material/human/step/n_wood_2.ogg	SKIP-nonambient
Amplified	material/human/step/n_wood_3.ogg	SKIP-nonambient
Amplified	material/human/step/n_wood_4.ogg	SKIP-nonambient
Amplified	material/human/step/new_wood1.ogg	SKIP-nonambient
Amplified	material/human/step/new_wood2.ogg	SKIP-nonambient
Amplified	material/human/step/new_wood3.ogg	SKIP-nonambient
Amplified	material/human/step/new_wood4.ogg	SKIP-nonambient
Amplified	material/human/step/t_water1.ogg	SKIP-nonambient
Amplified	material/human/step/t_water2.ogg	SKIP-nonambient
Amplified	material/human/step/t_water3.ogg	SKIP-nonambient
Amplified	material/human/step/t_water4.ogg	SKIP-nonambient
Amplified	material/human/step/tin1.ogg	SKIP-nonambient
Amplified	material/human/step/tin2.ogg	SKIP-nonambient
Amplified	material/human/step/tin3.ogg	SKIP-nonambient
Amplified	material/human/step/tin4.ogg	SKIP-nonambient
Amplified	material/human/step/tmp_default1.ogg	SKIP-nonambient
Amplified	material/human/step/tmp_default2.ogg	SKIP-nonambient
Amplified	material/human/step/tmp_default3.ogg	SKIP-nonambient
Amplified	material/human/step/tmp_default4.ogg	SKIP-nonambient
Amplified	material/human/step/water01gr.ogg	SKIP-nonambient
Amplified	material/human/step/water02gr.ogg	SKIP-nonambient
Amplified	material/human/step/wpn_large1.ogg	SKIP-nonambient
Amplified	material/human/step/wpn_large2.ogg	SKIP-nonambient
Amplified	material/human/step/wpn_small1.ogg	SKIP-nonambient
Amplified	material/human/step/wpn_small2.ogg	SKIP-nonambient
Amplified	material/large/large_step1.ogg	SKIP-nonambient
Amplified	material/large/large_step2.ogg	SKIP-nonambient
Amplified	material/large-weapon/collide/bounce01hl.ogg	SKIP-nonambient
Amplified	material/large-weapon/collide/bounce02hl.ogg	SKIP-nonambient
Amplified	material/large-weapon/collide/bounce03hl.ogg	SKIP-nonambient
Amplified	material/large-weapon/collide/impact_wpn_large_asphalt1.ogg	SKIP-nonambient
Amplified	material/large-weapon/collide/impact_wpn_large_asphalt2.ogg	SKIP-nonambient
Amplified	material/large-weapon/collide/impact_wpn_large_earth1.ogg	SKIP-nonambient
Amplified	material/large-weapon/collide/impact_wpn_large_earth2.ogg	SKIP-nonambient
Amplified	material/large-weapon/collide/impact_wpn_large_metal1.ogg	SKIP-nonambient
Amplified	material/large-weapon/collide/impact_wpn_large_metal2.ogg	SKIP-nonambient
Amplified	material/large-weapon/collide/impact_wpn_large_mud1.ogg	SKIP-nonambient
Amplified	material/large-weapon/collide/impact_wpn_large_mud2.ogg	SKIP-nonambient
Amplified	material/large-weapon/collide/impact_wpn_large_water1.ogg	SKIP-nonambient
Amplified	material/large-weapon/collide/impact_wpn_large_water2.ogg	SKIP-nonambient
Amplified	material/large_furniture/large_furniture_1.ogg	SKIP-nonambient
Amplified	material/large_furniture/large_furniture_2.ogg	SKIP-nonambient
Amplified	material/large_metal_trash/collide/large_metal_trash_1.ogg	SKIP-nonambient
Amplified	material/large_metal_trash/collide/large_metal_trash_2.ogg	SKIP-nonambient
Amplified	material/large_metal_trash/collide/large_metal_trash_3.ogg	SKIP-nonambient
Amplified	material/medium/paw_earth1.ogg	SKIP-nonambient
Amplified	material/medium/paw_earth2.ogg	SKIP-nonambient
Amplified	material/medium/paw_earth3.ogg	SKIP-nonambient
Amplified	material/medium/paw_earth4.ogg	SKIP-nonambient
Amplified	material/medium/step_paw_earth1.ogg	SKIP-nonambient
Amplified	material/medium/step_paw_earth2.ogg	SKIP-nonambient
Amplified	material/medium/step_paw_earth3.ogg	SKIP-nonambient
Amplified	material/medium/step_paw_earth4.ogg	SKIP-nonambient
Amplified	material/medium/step_paw_earth5.ogg	SKIP-nonambient
Amplified	material/small-weapon/collide/hithard01hl.ogg	SKIP-nonambient
Amplified	material/small-weapon/collide/hithard02hl.ogg	SKIP-nonambient
Amplified	material/small-weapon/collide/hithard03hl.ogg	SKIP-nonambient
Amplified	material/small-weapon/collide/impact_wpn_large_water1.ogg	SKIP-nonambient
Amplified	material/small-weapon/collide/impact_wpn_large_water2.ogg	SKIP-nonambient
Amplified	material/small-weapon/collide/impact_wpn_small_asphalt1.ogg	SKIP-nonambient
Amplified	material/small-weapon/collide/impact_wpn_small_asphalt2.ogg	SKIP-nonambient
Amplified	material/small-weapon/collide/impact_wpn_small_earth1.ogg	SKIP-nonambient
Amplified	material/small-weapon/collide/impact_wpn_small_earth2.ogg	SKIP-nonambient
Amplified	material/small-weapon/collide/impact_wpn_small_metal1.ogg	SKIP-nonambient
Amplified	material/small-weapon/collide/impact_wpn_small_metal2.ogg	SKIP-nonambient
Amplified	material/small-weapon/collide/impact_wpn_small_mud1.ogg	SKIP-nonambient
Amplified	material/small-weapon/collide/impact_wpn_small_mud2.ogg	SKIP-nonambient
Amplified	material/wood/wood_big_hard_1.ogg	SKIP-nonambient
Amplified	material/wood/wood_big_hard_2.ogg	SKIP-nonambient
Amplified	material/wood/wood_big_hard_3.ogg	SKIP-nonambient
Amplified	material/wood/wood_crash1_hl2.ogg	SKIP-nonambient
Amplified	material/wood/wood_crash_hl2.ogg	SKIP-nonambient
Amplified	material/wood/wood_hit1_hl2.ogg	SKIP-nonambient
Amplified	material/wood/wood_hit2_hl2.ogg	SKIP-nonambient
Amplified	monsters/biblio/attack_hit_0.ogg	SKIP-nonambient
Amplified	monsters/biblio/attack_hit_1.ogg	SKIP-nonambient
Amplified	monsters/biblio/attack_hit_2.ogg	SKIP-nonambient
Amplified	monsters/biblio/hurt_1.ogg	SKIP-nonambient
Amplified	monsters/biblio/hurt_2.ogg	SKIP-nonambient
Amplified	monsters/biblio/izlome_attack_2.ogg	SKIP-nonambient
Amplified	monsters/biblio/izlome_attack_4.ogg	SKIP-nonambient
Amplified	monsters/biblio/izlome_attack_5.ogg	SKIP-nonambient
Amplified	monsters/biblio/izlome_attack_6.ogg	SKIP-nonambient
Amplified	monsters/biblio/izlome_attack_7.ogg	SKIP-nonambient
Amplified	monsters/biblio/izlome_attack_8.ogg	SKIP-nonambient
Amplified	monsters/biblio/izlome_attack_9.ogg	SKIP-nonambient
Amplified	monsters/biblio/izlome_attack_hit.ogg	SKIP-nonambient
Amplified	monsters/biblio/izlome_death_2.ogg	SKIP-nonambient
Amplified	monsters/biblio/izlome_death_6.ogg	SKIP-nonambient
Amplified	monsters/biblio/izlome_enemy_1.ogg	SKIP-nonambient
Amplified	monsters/biblio/izlome_enemy_4.ogg	SKIP-nonambient
Amplified	monsters/biblio/izlome_enemy_5.ogg	SKIP-nonambient
Amplified	monsters/biblio/izlome_hit_2.ogg	SKIP-nonambient
Amplified	monsters/biblio/izlome_hit_3.ogg	SKIP-nonambient
Amplified	monsters/biblio/izlome_idle_3.ogg	SKIP-nonambient
Amplified	monsters/biblio/izlome_rising_1.ogg	SKIP-nonambient
Amplified	monsters/bloodsucker/attack_0.ogg	SKIP-nonambient
Amplified	monsters/bloodsucker/attack_1.ogg	SKIP-nonambient
Amplified	monsters/bloodsucker/attack_2.ogg	SKIP-nonambient
Amplified	monsters/bloodsucker/attack_3.ogg	SKIP-nonambient
Amplified	monsters/bloodsucker/attack_hit_0.ogg	SKIP-nonambient
Amplified	monsters/bloodsucker/attack_hit_1.ogg	SKIP-nonambient
Amplified	monsters/bloodsucker/attack_hit_2.ogg	SKIP-nonambient
Amplified	monsters/bloodsucker/attack_hit_3.ogg	SKIP-nonambient
Amplified	monsters/bloodsucker/attack_hit_4.ogg	SKIP-nonambient
Amplified	monsters/bloodsucker/attack_hit_5.ogg	SKIP-nonambient
Amplified	monsters/bloodsucker/attack_hit_6.ogg	SKIP-nonambient
Amplified	monsters/bloodsucker/bloodsucker_script_attack_0.ogg	SKIP-nonambient
Amplified	monsters/bloodsucker/bloodsucker_script_attack_1.ogg	SKIP-nonambient
Amplified	monsters/bloodsucker/die_0.ogg	SKIP-nonambient
Amplified	monsters/bloodsucker/die_1.ogg	SKIP-nonambient
Amplified	monsters/bloodsucker/die_2.ogg	SKIP-nonambient
Amplified	monsters/bloodsucker/die_3.ogg	SKIP-nonambient
Amplified	monsters/bloodsucker/die_4.ogg	SKIP-nonambient
Amplified	monsters/bloodsucker/die_5.ogg	SKIP-nonambient
Amplified	monsters/bloodsucker/distant_growl_1.ogg	SKIP-nonambient
Amplified	monsters/bloodsucker/distant_growl_2.ogg	SKIP-nonambient
Amplified	monsters/bloodsucker/distant_growl_3.ogg	SKIP-nonambient
Amplified	monsters/bloodsucker/eat_0.ogg	SKIP-nonambient
Amplified	monsters/bloodsucker/eat_1.ogg	SKIP-nonambient
Amplified	monsters/bloodsucker/eat_2.ogg	SKIP-nonambient
Amplified	monsters/bloodsucker/eat_3.ogg	SKIP-nonambient
Amplified	monsters/bloodsucker/forest_hidden_1.ogg	SKIP-nonambient
Amplified	monsters/bloodsucker/forest_hidden_2.ogg	SKIP-nonambient
Amplified	monsters/bloodsucker/forest_hidden_3.ogg	SKIP-nonambient
Amplified	monsters/bloodsucker/forest_hidden_4.ogg	SKIP-nonambient
Amplified	monsters/bloodsucker/heavy_hit_1.ogg	SKIP-nonambient
Amplified	monsters/bloodsucker/hit_0.ogg	SKIP-nonambient
Amplified	monsters/bloodsucker/hit_1.ogg	SKIP-nonambient
Amplified	monsters/bloodsucker/hit_2.ogg	SKIP-nonambient
Amplified	monsters/bloodsucker/hit_3.ogg	SKIP-nonambient
Amplified	monsters/bloodsucker/hit_4.ogg	SKIP-nonambient
Amplified	monsters/bloodsucker/hit_5.ogg	SKIP-nonambient
Amplified	monsters/bloodsucker/hit_6.ogg	SKIP-nonambient
Amplified	monsters/bloodsucker/human_panic_1.ogg	SKIP-nonambient
Amplified	monsters/bloodsucker/idle_0.ogg	SKIP-nonambient
Amplified	monsters/bloodsucker/idle_1.ogg	SKIP-nonambient
Amplified	monsters/bloodsucker/idle_2.ogg	SKIP-nonambient
Amplified	monsters/bloodsucker/idle_3.ogg	SKIP-nonambient
Amplified	monsters/bloodsucker/idle_4.ogg	SKIP-nonambient
Amplified	monsters/bloodsucker/idle_5.ogg	SKIP-nonambient
Amplified	monsters/bloodsucker/invisible.ogg	SKIP-nonambient
Amplified	monsters/bloodsucker/invisible_2.ogg	SKIP-nonambient
Amplified	monsters/bloodsucker/sucker_breath_0.ogg	SKIP-nonambient
Amplified	monsters/bloodsucker/sucker_breath_mix_0.ogg	SKIP-nonambient
Amplified	monsters/bloodsucker/sucker_growl_0.ogg	SKIP-nonambient
Amplified	monsters/bloodsucker/sucker_growl_1.ogg	SKIP-nonambient
Amplified	monsters/bloodsucker/sucker_growl_2.ogg	SKIP-nonambient
Amplified	monsters/bloodsucker/sucker_growl_3.ogg	SKIP-nonambient
Amplified	monsters/bloodsucker/sucker_growl_4.ogg	SKIP-nonambient
Amplified	monsters/bloodsucker/swamp_appear_1.ogg	SKIP-nonambient
Amplified	monsters/bloodsucker/swamp_growl_1.ogg	SKIP-nonambient
Amplified	monsters/bloodsucker/swamp_growl_2.ogg	SKIP-nonambient
Amplified	monsters/bloodsucker/swamp_run_1.ogg	SKIP-nonambient
Amplified	monsters/bloodsucker/swamp_runaway_1.ogg	SKIP-nonambient
Amplified	monsters/bloodsucker/vampire_grasp.ogg	SKIP-nonambient
Amplified	monsters/bloodsucker/vampire_hit.ogg	SKIP-nonambient
Amplified	monsters/bloodsucker/vampire_sucking.ogg	SKIP-nonambient
Amplified	monsters/boar/boar_aggressive_0.ogg	SKIP-nonambient
Amplified	monsters/boar/boar_aggressive_1.ogg	SKIP-nonambient
Amplified	monsters/boar/boar_aggressive_2.ogg	SKIP-nonambient
Amplified	monsters/boar/boar_aggressive_3.ogg	SKIP-nonambient
Amplified	monsters/boar/boar_anomaly_0.ogg	SKIP-nonambient
Amplified	monsters/boar/boar_anomaly_1.ogg	SKIP-nonambient
Amplified	monsters/boar/boar_anomaly_2.ogg	SKIP-nonambient
Amplified	monsters/boar/boar_anomaly_death_0.ogg	SKIP-nonambient
Amplified	monsters/boar/boar_anomaly_death_1.ogg	SKIP-nonambient
Amplified	monsters/boar/boar_attack_0.ogg	SKIP-nonambient
Amplified	monsters/boar/boar_attack_01.ogg	SKIP-nonambient
Amplified	monsters/boar/boar_attack_1.ogg	SKIP-nonambient
Amplified	monsters/boar/boar_attack_2.ogg	SKIP-nonambient
Amplified	monsters/boar/boar_death_0.ogg	SKIP-nonambient
Amplified	monsters/boar/boar_death_1.ogg	SKIP-nonambient
Amplified	monsters/boar/boar_death_11.ogg	SKIP-nonambient
Amplified	monsters/boar/boar_death_2.ogg	SKIP-nonambient
Amplified	monsters/boar/boar_death_3.ogg	SKIP-nonambient
Amplified	monsters/boar/boar_eat_0.ogg	SKIP-nonambient
Amplified	monsters/boar/boar_eat_1.ogg	SKIP-nonambient
Amplified	monsters/boar/boar_eat_2.ogg	SKIP-nonambient
Amplified	monsters/boar/boar_eat_3.ogg	SKIP-nonambient
Amplified	monsters/boar/boar_idle_0.ogg	SKIP-nonambient
Amplified	monsters/boar/boar_idle_1.ogg	SKIP-nonambient
Amplified	monsters/boar/boar_idle_2.ogg	SKIP-nonambient
Amplified	monsters/boar/boar_idle_3.ogg	SKIP-nonambient
Amplified	monsters/boar/boar_pain_0.ogg	SKIP-nonambient
Amplified	monsters/boar/boar_pain_1.ogg	SKIP-nonambient
Amplified	monsters/boar/boar_pain_2.ogg	SKIP-nonambient
Amplified	monsters/boar/boar_pain_3.ogg	SKIP-nonambient
Amplified	monsters/boar/boar_panic_0.ogg	SKIP-nonambient
Amplified	monsters/boar/boar_panic_1.ogg	SKIP-nonambient
Amplified	monsters/boar/boar_panic_2.ogg	SKIP-nonambient
Amplified	monsters/boar/boar_panic_3.ogg	SKIP-nonambient
Amplified	monsters/boar/boar_swamp_appear_1.ogg	SKIP-nonambient
Amplified	monsters/boar/boar_swamp_run_1.ogg	SKIP-nonambient
Amplified	monsters/boar/boar_swamp_run_2.ogg	SKIP-nonambient
Amplified	monsters/boar/boar_swamp_runaway_1.ogg	SKIP-nonambient
Amplified	monsters/boar/boar_threaten_0.ogg	SKIP-nonambient
Amplified	monsters/boar/boar_threaten_1.ogg	SKIP-nonambient
Amplified	monsters/boar/boar_threaten_2.ogg	SKIP-nonambient
Amplified	monsters/boar/landing_0.ogg	SKIP-nonambient
Amplified	monsters/burer/burer_aggressive_0.ogg	SKIP-nonambient
Amplified	monsters/burer/burer_aggressive_1.ogg	SKIP-nonambient
Amplified	monsters/burer/burer_aggressive_2.ogg	SKIP-nonambient
Amplified	monsters/burer/burer_attack_0.ogg	SKIP-nonambient
Amplified	monsters/burer/burer_attack_1.ogg	SKIP-nonambient
Amplified	monsters/burer/burer_attack_2.ogg	SKIP-nonambient
Amplified	monsters/burer/burer_attack_3.ogg	SKIP-nonambient
Amplified	monsters/burer/burer_attacking_0.ogg	SKIP-nonambient
Amplified	monsters/burer/burer_attacking_1.ogg	SKIP-nonambient
Amplified	monsters/burer/burer_die_0.ogg	SKIP-nonambient
Amplified	monsters/burer/burer_die_1.ogg	SKIP-nonambient
Amplified	monsters/burer/burer_die_2.ogg	SKIP-nonambient
Amplified	monsters/burer/burer_eat_0.ogg	SKIP-nonambient
Amplified	monsters/burer/burer_eat_1.ogg	SKIP-nonambient
Amplified	monsters/burer/burer_gravi_attack_0.ogg	SKIP-nonambient
Amplified	monsters/burer/burer_gravi_attack_1.ogg	SKIP-nonambient
Amplified	monsters/burer/burer_gravi_attack_2.ogg	SKIP-nonambient
Amplified	monsters/burer/burer_gravi_wave_0.ogg	SKIP-nonambient
Amplified	monsters/burer/burer_gravi_wave_1.ogg	SKIP-nonambient
Amplified	monsters/burer/burer_gravi_wave_3.ogg	SKIP-nonambient
Amplified	monsters/burer/burer_idle_0.ogg	SKIP-nonambient
Amplified	monsters/burer/burer_idle_1.ogg	SKIP-nonambient
Amplified	monsters/burer/burer_idle_2.ogg	SKIP-nonambient
Amplified	monsters/burer/burer_idle_3.ogg	SKIP-nonambient
Amplified	monsters/burer/burer_scan_affect_0.ogg	SKIP-nonambient
Amplified	monsters/burer/burer_scan_affect_1.ogg	SKIP-nonambient
Amplified	monsters/burer/burer_tele_0.ogg	SKIP-nonambient
Amplified	monsters/burer/burer_tele_hold.ogg	SKIP-nonambient
Amplified	monsters/burer/burer_tele_throw.ogg	SKIP-nonambient
Amplified	monsters/burer/burer_telekinetic_0.ogg	SKIP-nonambient
Amplified	monsters/burer/burer_telekinetic_1.ogg	SKIP-nonambient
Amplified	monsters/cat/1.ogg	SKIP-nonambient
Amplified	monsters/cat/10.ogg	SKIP-nonambient
Amplified	monsters/cat/11.ogg	SKIP-nonambient
Amplified	monsters/cat/12.ogg	SKIP-nonambient
Amplified	monsters/cat/2.ogg	SKIP-nonambient
Amplified	monsters/cat/3.ogg	SKIP-nonambient
Amplified	monsters/cat/4.ogg	SKIP-nonambient
Amplified	monsters/cat/5.ogg	SKIP-nonambient
Amplified	monsters/cat/6.ogg	SKIP-nonambient
Amplified	monsters/cat/7.ogg	SKIP-nonambient
Amplified	monsters/cat/8.ogg	SKIP-nonambient
Amplified	monsters/cat/9.ogg	SKIP-nonambient
Amplified	monsters/cat/attack_1.ogg	SKIP-nonambient
Amplified	monsters/cat/attack_2.ogg	SKIP-nonambient
Amplified	monsters/cat/c2_attack_1.ogg	SKIP-nonambient
Amplified	monsters/cat/c2_attack_2.ogg	SKIP-nonambient
Amplified	monsters/cat/c2_die_1.ogg	SKIP-nonambient
Amplified	monsters/cat/c2_die_2.ogg	SKIP-nonambient
Amplified	monsters/cat/c2_die_3.ogg	SKIP-nonambient
Amplified	monsters/cat/c2_hit_1.ogg	SKIP-nonambient
Amplified	monsters/cat/c2_hit_2.ogg	SKIP-nonambient
Amplified	monsters/cat/c2_idle_1.ogg	SKIP-nonambient
Amplified	monsters/cat/c2_idle_2.ogg	SKIP-nonambient
Amplified	monsters/cat/c2_idle_3.ogg	SKIP-nonambient
Amplified	monsters/cat/c2_threat_1.ogg	SKIP-nonambient
Amplified	monsters/cat/c2_threat_2.ogg	SKIP-nonambient
Amplified	monsters/cat/c2_threat_3.ogg	SKIP-nonambient
Amplified	monsters/cat/c_attack_1.ogg	SKIP-nonambient
Amplified	monsters/cat/c_attack_2.ogg	SKIP-nonambient
Amplified	monsters/cat/c_die_1.ogg	SKIP-nonambient
Amplified	monsters/cat/c_die_2.ogg	SKIP-nonambient
Amplified	monsters/cat/c_eat_0.ogg	SKIP-nonambient
Amplified	monsters/cat/c_eat_1.ogg	SKIP-nonambient
Amplified	monsters/cat/c_hit_1.ogg	SKIP-nonambient
Amplified	monsters/cat/c_hit_2.ogg	SKIP-nonambient
Amplified	monsters/cat/c_hit_3.ogg	SKIP-nonambient
Amplified	monsters/cat/die_1.ogg	SKIP-nonambient
Amplified	monsters/cat/die_2.ogg	SKIP-nonambient
Amplified	monsters/cat/die_3.ogg	SKIP-nonambient
Amplified	monsters/cat/eat_0.ogg	SKIP-nonambient
Amplified	monsters/cat/eat_1.ogg	SKIP-nonambient
Amplified	monsters/cat/eat_2.ogg	SKIP-nonambient
Amplified	monsters/cat/eat_3.ogg	SKIP-nonambient
Amplified	monsters/cat/eat_4.ogg	SKIP-nonambient
Amplified	monsters/cat/eat_5.ogg	SKIP-nonambient
Amplified	monsters/cat/eat_6.ogg	SKIP-nonambient
Amplified	monsters/cat/eat_7.ogg	SKIP-nonambient
Amplified	monsters/cat/eat_8.ogg	SKIP-nonambient
Amplified	monsters/cat/hit_1.ogg	SKIP-nonambient
Amplified	monsters/cat/hit_2.ogg	SKIP-nonambient
Amplified	monsters/cat/hit_3.ogg	SKIP-nonambient
Amplified	monsters/cat/hit_4.ogg	SKIP-nonambient
Amplified	monsters/cat/idle_1.ogg	SKIP-nonambient
Amplified	monsters/cat/idle_2.ogg	SKIP-nonambient
Amplified	monsters/cat/none.ogg	SKIP-nonambient
Amplified	monsters/chimera/attack_1.ogg	SKIP-nonambient
Amplified	monsters/chimera/attack_2.ogg	SKIP-nonambient
Amplified	monsters/chimera/chimera_attack_1.ogg	SKIP-nonambient
Amplified	monsters/chimera/chimera_attack_2.ogg	SKIP-nonambient
Amplified	monsters/chimera/chimera_attack_hit_1.ogg	SKIP-nonambient
Amplified	monsters/chimera/chimera_attack_hit_10.ogg	SKIP-nonambient
Amplified	monsters/chimera/chimera_attack_hit_2.ogg	SKIP-nonambient
Amplified	monsters/chimera/chimera_attack_hit_22.ogg	SKIP-nonambient
Amplified	monsters/chimera/chimera_attack_hit_3.ogg	SKIP-nonambient
Amplified	monsters/chimera/chimera_attack_hit_4.ogg	SKIP-nonambient
Amplified	monsters/chimera/chimera_death_1.ogg	SKIP-nonambient
Amplified	monsters/chimera/chimera_death_2.ogg	SKIP-nonambient
Amplified	monsters/chimera/chimera_growl_1.ogg	SKIP-nonambient
Amplified	monsters/chimera/chimera_idle_1.ogg	SKIP-nonambient
Amplified	monsters/chimera/chimera_idle_2.ogg	SKIP-nonambient
Amplified	monsters/chimera/chimera_idle_3.ogg	SKIP-nonambient
Amplified	monsters/chimera/chimera_pain_1.ogg	SKIP-nonambient
Amplified	monsters/chimera/chimera_pain_2.ogg	SKIP-nonambient
Amplified	monsters/chimera/chimera_pain_3.ogg	SKIP-nonambient
Amplified	monsters/chimera/chimera_pain_4.ogg	SKIP-nonambient
Amplified	monsters/chimera/die_1.ogg	SKIP-nonambient
Amplified	monsters/chimera/die_2.ogg	SKIP-nonambient
Amplified	monsters/chimera/die_3.ogg	SKIP-nonambient
Amplified	monsters/chimera/hit_1.ogg	SKIP-nonambient
Amplified	monsters/chimera/hit_2.ogg	SKIP-nonambient
Amplified	monsters/chimera/hit_3.ogg	SKIP-nonambient
Amplified	monsters/chimera/hit_4.ogg	SKIP-nonambient
Amplified	monsters/chimera/hit_5.ogg	SKIP-nonambient
Amplified	monsters/chimera/idle_1.ogg	SKIP-nonambient
Amplified	monsters/chimera/idle_2.ogg	SKIP-nonambient
Amplified	monsters/controller/01controller_presence_l.ogg	SKIP-nonambient
Amplified	monsters/controller/01controller_presence_r.ogg	SKIP-nonambient
Amplified	monsters/controller/ambient_drone_1.ogg	SKIP-nonambient
Amplified	monsters/controller/ambient_drone_10.ogg	SKIP-nonambient
Amplified	monsters/controller/ambient_drone_2.ogg	USED-shipped
Amplified	monsters/controller/ambient_drone_4.ogg	SKIP-nonambient
Amplified	monsters/controller/ambient_drone_5.ogg	SKIP-nonambient
Amplified	monsters/controller/ambient_drone_6.ogg	USED-shipped
Amplified	monsters/controller/ambient_drone_7.ogg	SKIP-nonambient
Amplified	monsters/controller/ambient_drone_8.ogg	SKIP-nonambient
Amplified	monsters/controller/ambient_drone_9.ogg	SKIP-nonambient
Amplified	monsters/controller/controller_attack_0.ogg	SKIP-nonambient
Amplified	monsters/controller/controller_attack_1.ogg	SKIP-nonambient
Amplified	monsters/controller/controller_attack_2.ogg	SKIP-nonambient
Amplified	monsters/controller/controller_attack_hit_0.ogg	SKIP-nonambient
Amplified	monsters/controller/controller_attack_hit_1.ogg	SKIP-nonambient
Amplified	monsters/controller/controller_attack_hit_2.ogg	SKIP-nonambient
Amplified	monsters/controller/controller_control1.ogg	SKIP-nonambient
Amplified	monsters/controller/controller_control2.ogg	SKIP-nonambient
Amplified	monsters/controller/controller_die_0.ogg	SKIP-nonambient
Amplified	monsters/controller/controller_die_1.ogg	SKIP-nonambient
Amplified	monsters/controller/controller_die_2.ogg	SKIP-nonambient
Amplified	monsters/controller/controller_eat_0.ogg	SKIP-nonambient
Amplified	monsters/controller/controller_final_hit.ogg	SKIP-nonambient
Amplified	monsters/controller/controller_final_hit_l.ogg	SKIP-nonambient
Amplified	monsters/controller/controller_final_hit_r.ogg	SKIP-nonambient
Amplified	monsters/controller/controller_first_hit.ogg	SKIP-nonambient
Amplified	monsters/controller/controller_hit_0.ogg	SKIP-nonambient
Amplified	monsters/controller/controller_hit_1.ogg	SKIP-nonambient
Amplified	monsters/controller/controller_hit_2.ogg	SKIP-nonambient
Amplified	monsters/controller/controller_idle_0.ogg	SKIP-nonambient
Amplified	monsters/controller/controller_idle_1.ogg	SKIP-nonambient
Amplified	monsters/controller/controller_idle_2.ogg	SKIP-nonambient
Amplified	monsters/controller/controller_panic_0.ogg	SKIP-nonambient
Amplified	monsters/controller/controller_presence_1_l.ogg	SKIP-nonambient
Amplified	monsters/controller/controller_presence_1_r.ogg	SKIP-nonambient
Amplified	monsters/controller/controller_presence_2_l.ogg	SKIP-nonambient
Amplified	monsters/controller/controller_presence_2_r.ogg	SKIP-nonambient
Amplified	monsters/controller/controller_presence_l.ogg	SKIP-nonambient
Amplified	monsters/controller/controller_presence_r.ogg	SKIP-nonambient
Amplified	monsters/controller/controller_psy_aura_l.ogg	SKIP-nonambient
Amplified	monsters/controller/controller_psy_aura_r.ogg	SKIP-nonambient
Amplified	monsters/controller/controller_psy_hit_l.ogg	SKIP-nonambient
Amplified	monsters/controller/controller_psy_hit_r.ogg	SKIP-nonambient
Amplified	monsters/controller/controller_script_attack_0.ogg	SKIP-nonambient
Amplified	monsters/controller/controller_script_attack_1.ogg	SKIP-nonambient
Amplified	monsters/controller/controller_tube_prepare.ogg	SKIP-nonambient
Amplified	monsters/controller/controller_whoosh.ogg	SKIP-nonambient
Amplified	monsters/controller/def_0.ogg	SKIP-nonambient
Amplified	monsters/controller/~controller_attack_2.ogg	SKIP-nonambient
Amplified	monsters/dog/attack_hit_0.ogg	SKIP-nonambient
Amplified	monsters/dog/attack_hit_1.ogg	SKIP-nonambient
Amplified	monsters/dog/attack_hit_2.ogg	SKIP-nonambient
Amplified	monsters/dog/attack_hit_3.ogg	SKIP-nonambient
Amplified	monsters/dog/bdog_attack_0.ogg	SKIP-nonambient
Amplified	monsters/dog/bdog_attack_1.ogg	SKIP-nonambient
Amplified	monsters/dog/bdog_attack_2.ogg	SKIP-nonambient
Amplified	monsters/dog/bdog_attack_3.ogg	SKIP-nonambient
Amplified	monsters/dog/bdog_attack_4.ogg	SKIP-nonambient
Amplified	monsters/dog/bdog_attack_5.ogg	SKIP-nonambient
Amplified	monsters/dog/bdog_attack_6.ogg	SKIP-nonambient
Amplified	monsters/dog/bdog_attack_7.ogg	SKIP-nonambient
Amplified	monsters/dog/bdog_die_0.ogg	SKIP-nonambient
Amplified	monsters/dog/bdog_die_01.ogg	SKIP-nonambient
Amplified	monsters/dog/bdog_die_1.ogg	SKIP-nonambient
Amplified	monsters/dog/bdog_die_2.ogg	SKIP-nonambient
Amplified	monsters/dog/bdog_eat_0.ogg	SKIP-nonambient
Amplified	monsters/dog/bdog_eat_1.ogg	SKIP-nonambient
Amplified	monsters/dog/bdog_eat_2.ogg	SKIP-nonambient
Amplified	monsters/dog/bdog_eat_3.ogg	SKIP-nonambient
Amplified	monsters/dog/bdog_eat_4.ogg	SKIP-nonambient
Amplified	monsters/dog/bdog_eat_5.ogg	SKIP-nonambient
Amplified	monsters/dog/bdog_eat_6.ogg	SKIP-nonambient
Amplified	monsters/dog/bdog_eat_7.ogg	SKIP-nonambient
Amplified	monsters/dog/bdog_eat_8.ogg	SKIP-nonambient
Amplified	monsters/dog/bdog_groan_0.ogg	SKIP-nonambient
Amplified	monsters/dog/bdog_groan_1.ogg	SKIP-nonambient
Amplified	monsters/dog/bdog_groan_2.ogg	SKIP-nonambient
Amplified	monsters/dog/bdog_groan_3.ogg	SKIP-nonambient
Amplified	monsters/dog/bdog_growl_0.ogg	SKIP-nonambient
Amplified	monsters/dog/bdog_growl_1.ogg	SKIP-nonambient
Amplified	monsters/dog/bdog_growl_2.ogg	SKIP-nonambient
Amplified	monsters/dog/bdog_howl_0.ogg	SKIP-nonambient
Amplified	monsters/dog/bdog_howl_1.ogg	SKIP-nonambient
Amplified	monsters/dog/bdog_howl_2.ogg	SKIP-nonambient
Amplified	monsters/dog/bdog_hurt_0.ogg	SKIP-nonambient
Amplified	monsters/dog/bdog_hurt_1.ogg	SKIP-nonambient
Amplified	monsters/dog/bdog_hurt_2.ogg	SKIP-nonambient
Amplified	monsters/dog/bdog_hurt_3.ogg	SKIP-nonambient
Amplified	monsters/dog/bdog_idle_0.ogg	SKIP-nonambient
Amplified	monsters/dog/bdog_idle_1.ogg	SKIP-nonambient
Amplified	monsters/dog/bdog_idle_2.ogg	SKIP-nonambient
Amplified	monsters/dog/bdog_idle_3.ogg	SKIP-nonambient
Amplified	monsters/dog/bdog_idle_4.ogg	SKIP-nonambient
Amplified	monsters/dog/bdog_panic_0.ogg	SKIP-nonambient
Amplified	monsters/dog/bdog_panic_1.ogg	SKIP-nonambient
Amplified	monsters/dog/bdog_panic_2.ogg	SKIP-nonambient
Amplified	monsters/dog/bdog_panic_3.ogg	SKIP-nonambient
Amplified	monsters/dog/bdog_panic_4.ogg	SKIP-nonambient
Amplified	monsters/dog/hit_0.ogg	SKIP-nonambient
Amplified	monsters/flesh/bck/flesh_aggressive_0.ogg	SKIP-nonambient
Amplified	monsters/flesh/bck/flesh_aggressive_1.ogg	SKIP-nonambient
Amplified	monsters/flesh/bck/flesh_aggressive_2.ogg	SKIP-nonambient
Amplified	monsters/flesh/bck/flesh_attack_0.ogg	SKIP-nonambient
Amplified	monsters/flesh/bck/flesh_attack_1.ogg	SKIP-nonambient
Amplified	monsters/flesh/bck/flesh_attack_2.ogg	SKIP-nonambient
Amplified	monsters/flesh/bck/flesh_attack_3.ogg	SKIP-nonambient
Amplified	monsters/flesh/bck/flesh_panic_0.ogg	SKIP-nonambient
Amplified	monsters/flesh/bck/flesh_panic_1.ogg	SKIP-nonambient
Amplified	monsters/flesh/bck/flesh_panic_2.ogg	SKIP-nonambient
Amplified	monsters/flesh/flesh_aggressive_0.ogg	SKIP-nonambient
Amplified	monsters/flesh/flesh_aggressive_1.ogg	SKIP-nonambient
Amplified	monsters/flesh/flesh_aggressive_2.ogg	SKIP-nonambient
Amplified	monsters/flesh/flesh_anomaly_death_0.ogg	SKIP-nonambient
Amplified	monsters/flesh/flesh_attack_0.ogg	SKIP-nonambient
Amplified	monsters/flesh/flesh_attack_1.ogg	SKIP-nonambient
Amplified	monsters/flesh/flesh_attack_2.ogg	SKIP-nonambient
Amplified	monsters/flesh/flesh_attack_3.ogg	SKIP-nonambient
Amplified	monsters/flesh/flesh_attack_hit_0.ogg	SKIP-nonambient
Amplified	monsters/flesh/flesh_attack_hit_1.ogg	SKIP-nonambient
Amplified	monsters/flesh/flesh_death_0.ogg	SKIP-nonambient
Amplified	monsters/flesh/flesh_death_1.ogg	SKIP-nonambient
Amplified	monsters/flesh/flesh_death_2.ogg	SKIP-nonambient
Amplified	monsters/flesh/flesh_death_3.ogg	SKIP-nonambient
Amplified	monsters/flesh/flesh_eat_0.ogg	SKIP-nonambient
Amplified	monsters/flesh/flesh_eat_1.ogg	SKIP-nonambient
Amplified	monsters/flesh/flesh_eat_2.ogg	SKIP-nonambient
Amplified	monsters/flesh/flesh_eat_3.ogg	SKIP-nonambient
Amplified	monsters/flesh/flesh_eat_4.ogg	SKIP-nonambient
Amplified	monsters/flesh/flesh_eat_5.ogg	SKIP-nonambient
Amplified	monsters/flesh/flesh_idle_0.ogg	SKIP-nonambient
Amplified	monsters/flesh/flesh_idle_1.ogg	SKIP-nonambient
Amplified	monsters/flesh/flesh_idle_2.ogg	SKIP-nonambient
Amplified	monsters/flesh/flesh_idle_3.ogg	SKIP-nonambient
Amplified	monsters/flesh/flesh_idle_4.ogg	SKIP-nonambient
Amplified	monsters/flesh/flesh_pain_0.ogg	SKIP-nonambient
Amplified	monsters/flesh/flesh_pain_1.ogg	SKIP-nonambient
Amplified	monsters/flesh/flesh_pain_2.ogg	SKIP-nonambient
Amplified	monsters/flesh/flesh_pain_3.ogg	SKIP-nonambient
Amplified	monsters/flesh/flesh_panic_0.ogg	SKIP-nonambient
Amplified	monsters/flesh/flesh_panic_1.ogg	SKIP-nonambient
Amplified	monsters/flesh/flesh_panic_2.ogg	SKIP-nonambient
Amplified	monsters/fracture/bck/fracture_attack_0.ogg	SKIP-nonambient
Amplified	monsters/fracture/bck/fracture_attack_1.ogg	SKIP-nonambient
Amplified	monsters/fracture/bck/fracture_attack_2.ogg	SKIP-nonambient
Amplified	monsters/fracture/bck/fracture_attack_3.ogg	SKIP-nonambient
Amplified	monsters/fracture/bck/fracture_attack_4.ogg	SKIP-nonambient
Amplified	monsters/fracture/bck/fracture_attack_5.ogg	SKIP-nonambient
Amplified	monsters/fracture/bck/fracture_attack_6.ogg	SKIP-nonambient
Amplified	monsters/fracture/bck/fracture_attack_7.ogg	SKIP-nonambient
Amplified	monsters/fracture/bck/fracture_attack_8.ogg	SKIP-nonambient
Amplified	monsters/fracture/bck/fracture_die_0.ogg	SKIP-nonambient
Amplified	monsters/fracture/bck/fracture_die_1.ogg	SKIP-nonambient
Amplified	monsters/fracture/bck/fracture_die_2.ogg	SKIP-nonambient
Amplified	monsters/fracture/bck/fracture_die_3.ogg	SKIP-nonambient
Amplified	monsters/fracture/bck/fracture_die_4.ogg	SKIP-nonambient
Amplified	monsters/fracture/bck/fracture_idle_0.ogg	SKIP-nonambient
Amplified	monsters/fracture/bck/fracture_idle_1.ogg	SKIP-nonambient
Amplified	monsters/fracture/bck/fracture_idle_2.ogg	SKIP-nonambient
Amplified	monsters/fracture/bck/fracture_take_damage_0.ogg	SKIP-nonambient
Amplified	monsters/fracture/bck/fracture_take_damage_1.ogg	SKIP-nonambient
Amplified	monsters/fracture/bck/fracture_take_damage_2.ogg	SKIP-nonambient
Amplified	monsters/fracture/die_0.ogg	SKIP-nonambient
Amplified	monsters/fracture/die_1.ogg	SKIP-nonambient
Amplified	monsters/fracture/die_2.ogg	SKIP-nonambient
Amplified	monsters/fracture/die_3.ogg	SKIP-nonambient
Amplified	monsters/fracture/fracture_attack_0.ogg	SKIP-nonambient
Amplified	monsters/fracture/fracture_attack_1.ogg	SKIP-nonambient
Amplified	monsters/fracture/fracture_attack_2.ogg	SKIP-nonambient
Amplified	monsters/fracture/fracture_attack_3.ogg	SKIP-nonambient
Amplified	monsters/fracture/fracture_attack_4.ogg	SKIP-nonambient
Amplified	monsters/fracture/fracture_attack_5.ogg	SKIP-nonambient
Amplified	monsters/fracture/fracture_attack_6.ogg	SKIP-nonambient
Amplified	monsters/fracture/fracture_attack_7.ogg	SKIP-nonambient
Amplified	monsters/fracture/fracture_attack_8.ogg	SKIP-nonambient
Amplified	monsters/fracture/fracture_attack_hit_0.ogg	SKIP-nonambient
Amplified	monsters/fracture/fracture_die_0.ogg	SKIP-nonambient
Amplified	monsters/fracture/fracture_die_1.ogg	SKIP-nonambient
Amplified	monsters/fracture/fracture_die_2.ogg	SKIP-nonambient
Amplified	monsters/fracture/fracture_die_3.ogg	SKIP-nonambient
Amplified	monsters/fracture/fracture_die_4.ogg	SKIP-nonambient
Amplified	monsters/fracture/fracture_eat_0.ogg	SKIP-nonambient
Amplified	monsters/fracture/fracture_eat_1.ogg	SKIP-nonambient
Amplified	monsters/fracture/fracture_eat_2.ogg	SKIP-nonambient
Amplified	monsters/fracture/fracture_eat_3.ogg	SKIP-nonambient
Amplified	monsters/fracture/fracture_idle_0.ogg	SKIP-nonambient
Amplified	monsters/fracture/fracture_idle_1.ogg	SKIP-nonambient
Amplified	monsters/fracture/fracture_idle_2.ogg	SKIP-nonambient
Amplified	monsters/fracture/fracture_take_damage_0.ogg	SKIP-nonambient
Amplified	monsters/fracture/fracture_take_damage_1.ogg	SKIP-nonambient
Amplified	monsters/fracture/fracture_take_damage_2.ogg	SKIP-nonambient
Amplified	monsters/fracture/hit_0.ogg	SKIP-nonambient
Amplified	monsters/fracture/hit_1.ogg	SKIP-nonambient
Amplified	monsters/fracture/hit_2.ogg	SKIP-nonambient
Amplified	monsters/fracture/hit_3.ogg	SKIP-nonambient
Amplified	monsters/fracture/idle_0.ogg	SKIP-nonambient
Amplified	monsters/fracture/idle_1.ogg	SKIP-nonambient
Amplified	monsters/fracture/idle_2.ogg	SKIP-nonambient
Amplified	monsters/fracture/none.ogg	BASE-DUP-excluded
Amplified	monsters/giant/giant_aggressive_0.ogg	SKIP-nonambient
Amplified	monsters/giant/giant_aggressive_1.ogg	SKIP-nonambient
Amplified	monsters/giant/giant_aggressive_2.ogg	SKIP-nonambient
Amplified	monsters/giant/giant_attack_0.ogg	SKIP-nonambient
Amplified	monsters/giant/giant_attack_1.ogg	SKIP-nonambient
Amplified	monsters/giant/giant_attack_2.ogg	SKIP-nonambient
Amplified	monsters/giant/giant_attack_3.ogg	SKIP-nonambient
Amplified	monsters/giant/giant_breath_0.ogg	SKIP-nonambient
Amplified	monsters/giant/giant_breath_1.ogg	SKIP-nonambient
Amplified	monsters/giant/giant_breath_2.ogg	SKIP-nonambient
Amplified	monsters/giant/giant_death_0.ogg	SKIP-nonambient
Amplified	monsters/giant/giant_death_1.ogg	SKIP-nonambient
Amplified	monsters/giant/giant_hit.ogg	SKIP-nonambient
Amplified	monsters/giant/giant_hurt_0.ogg	SKIP-nonambient
Amplified	monsters/giant/giant_hurt_1.ogg	SKIP-nonambient
Amplified	monsters/giant/giant_hurt_2.ogg	SKIP-nonambient
Amplified	monsters/giant/giant_hurt_3.ogg	SKIP-nonambient
Amplified	monsters/giant/giant_idle_0.ogg	SKIP-nonambient
Amplified	monsters/giant/giant_idle_1.ogg	SKIP-nonambient
Amplified	monsters/giant/giant_stomp_0.ogg	SKIP-nonambient
Amplified	monsters/giant/giant_stomp_1.ogg	SKIP-nonambient
Amplified	monsters/giant/giant_threaten_0.ogg	SKIP-nonambient
Amplified	monsters/giant/giant_threaten_1.ogg	SKIP-nonambient
Amplified	monsters/giant/giant_underground_0.ogg	SKIP-nonambient
Amplified	monsters/giant/giant_windup_0.ogg	SKIP-nonambient
Amplified	monsters/lurker/attack_0.ogg	SKIP-nonambient
Amplified	monsters/lurker/attack_1.ogg	SKIP-nonambient
Amplified	monsters/lurker/attack_2.ogg	SKIP-nonambient
Amplified	monsters/lurker/attack_3.ogg	SKIP-nonambient
Amplified	monsters/lurker/attack_hit_0.ogg	SKIP-nonambient
Amplified	monsters/lurker/attack_hit_1.ogg	SKIP-nonambient
Amplified	monsters/lurker/attack_hit_2.ogg	SKIP-nonambient
Amplified	monsters/lurker/attack_hit_3.ogg	SKIP-nonambient
Amplified	monsters/lurker/attack_hit_4.ogg	SKIP-nonambient
Amplified	monsters/lurker/attack_hit_5.ogg	SKIP-nonambient
Amplified	monsters/lurker/breath_0.ogg	SKIP-nonambient
Amplified	monsters/lurker/breath_1.ogg	SKIP-nonambient
Amplified	monsters/lurker/die_0.ogg	SKIP-nonambient
Amplified	monsters/lurker/die_1.ogg	SKIP-nonambient
Amplified	monsters/lurker/die_2.ogg	SKIP-nonambient
Amplified	monsters/lurker/die_3.ogg	SKIP-nonambient
Amplified	monsters/lurker/hit_0.ogg	SKIP-nonambient
Amplified	monsters/lurker/hit_1.ogg	SKIP-nonambient
Amplified	monsters/lurker/hit_2.ogg	SKIP-nonambient
Amplified	monsters/lurker/hit_3.ogg	SKIP-nonambient
Amplified	monsters/lurker/hit_4.ogg	SKIP-nonambient
Amplified	monsters/lurker/hit_5.ogg	SKIP-nonambient
Amplified	monsters/lurker/hit_6.ogg	SKIP-nonambient
Amplified	monsters/lurker/howl_0.ogg	SKIP-nonambient
Amplified	monsters/lurker/howl_1.ogg	SKIP-nonambient
Amplified	monsters/lurker/idle_0.ogg	SKIP-nonambient
Amplified	monsters/lurker/idle_3.ogg	SKIP-nonambient
Amplified	monsters/lurker/~hit_0.ogg	SKIP-nonambient
Amplified	monsters/lurker/~hit_1.ogg	SKIP-nonambient
Amplified	monsters/lurker/~hit_3.ogg	SKIP-nonambient
Amplified	monsters/mwolf/wolf_attack_1.ogg	SKIP-nonambient
Amplified	monsters/mwolf/wolf_attack_2.ogg	SKIP-nonambient
Amplified	monsters/mwolf/wolf_attack_hit_1.ogg	SKIP-nonambient
Amplified	monsters/mwolf/wolf_attack_hit_2.ogg	SKIP-nonambient
Amplified	monsters/mwolf/wolf_death_1.ogg	SKIP-nonambient
Amplified	monsters/mwolf/wolf_idle_1.ogg	SKIP-nonambient
Amplified	monsters/mwolf/wolf_idle_2.ogg	SKIP-nonambient
Amplified	monsters/pauk/pauk_aggressive.ogg	SKIP-nonambient
Amplified	monsters/pauk/pauk_anomaly_deat.ogg	SKIP-nonambient
Amplified	monsters/pauk/pauk_anomaly_life.ogg	SKIP-nonambient
Amplified	monsters/pauk/pauk_attack.ogg	SKIP-nonambient
Amplified	monsters/pauk/pauk_attack_0.ogg	SKIP-nonambient
Amplified	monsters/pauk/pauk_attack_1.ogg	SKIP-nonambient
Amplified	monsters/pauk/pauk_death.ogg	SKIP-nonambient
Amplified	monsters/pauk/pauk_death_1.ogg	SKIP-nonambient
Amplified	monsters/pauk/pauk_death_2.ogg	SKIP-nonambient
Amplified	monsters/pauk/pauk_eat_0.ogg	SKIP-nonambient
Amplified	monsters/pauk/pauk_eat_1.ogg	SKIP-nonambient
Amplified	monsters/pauk/pauk_eat_2.ogg	SKIP-nonambient
Amplified	monsters/pauk/pauk_eat_3.ogg	SKIP-nonambient
Amplified	monsters/pauk/pauk_eat_4.ogg	SKIP-nonambient
Amplified	monsters/pauk/pauk_idle_0.ogg	SKIP-nonambient
Amplified	monsters/pauk/pauk_idle_1.ogg	SKIP-nonambient
Amplified	monsters/pauk/pauk_idle_dist.ogg	SKIP-nonambient
Amplified	monsters/pauk/pauk_pain.ogg	SKIP-nonambient
Amplified	monsters/poltergeist/attack_0.ogg	SKIP-nonambient
Amplified	monsters/poltergeist/attack_1.ogg	SKIP-nonambient
Amplified	monsters/poltergeist/attack_2.ogg	SKIP-nonambient
Amplified	monsters/poltergeist/attack_3.ogg	SKIP-nonambient
Amplified	monsters/poltergeist/attack_4.ogg	SKIP-nonambient
Amplified	monsters/poltergeist/attack_5.ogg	SKIP-nonambient
Amplified	monsters/poltergeist/attack_6.ogg	SKIP-nonambient
Amplified	monsters/poltergeist/attack_7.ogg	SKIP-nonambient
Amplified	monsters/poltergeist/attack_8.ogg	SKIP-nonambient
Amplified	monsters/poltergeist/attack_hit_0.ogg	SKIP-nonambient
Amplified	monsters/poltergeist/attack_hit_flame.ogg	SKIP-nonambient
Amplified	monsters/poltergeist/bck/attack_4.ogg	SKIP-nonambient
Amplified	monsters/poltergeist/bck/attack_5.ogg	SKIP-nonambient
Amplified	monsters/poltergeist/bck/attack_7.ogg	SKIP-nonambient
Amplified	monsters/poltergeist/bck/death_0.ogg	SKIP-nonambient
Amplified	monsters/poltergeist/bck/death_1.ogg	SKIP-nonambient
Amplified	monsters/poltergeist/bck/idle_0.ogg	SKIP-nonambient
Amplified	monsters/poltergeist/bck/idle_1.ogg	SKIP-nonambient
Amplified	monsters/poltergeist/bck/idle_2.ogg	SKIP-nonambient
Amplified	monsters/poltergeist/bck/idle_3.ogg	SKIP-nonambient
Amplified	monsters/poltergeist/bck/idle_4.ogg	SKIP-nonambient
Amplified	monsters/poltergeist/bck/idle_5.ogg	SKIP-nonambient
Amplified	monsters/poltergeist/bck/idle_6.ogg	SKIP-nonambient
Amplified	monsters/poltergeist/black_idle.ogg	SKIP-nonambient
Amplified	monsters/poltergeist/death_0.ogg	SKIP-nonambient
Amplified	monsters/poltergeist/death_1.ogg	SKIP-nonambient
Amplified	monsters/poltergeist/die_0.ogg	SKIP-nonambient
Amplified	monsters/poltergeist/die_1.ogg	SKIP-nonambient
Amplified	monsters/poltergeist/die_2.ogg	SKIP-nonambient
Amplified	monsters/poltergeist/die_3.ogg	SKIP-nonambient
Amplified	monsters/poltergeist/fire_idle_0.ogg	SKIP-nonambient
Amplified	monsters/poltergeist/flame_attack_hit_.ogg	SKIP-nonambient
Amplified	monsters/poltergeist/hit_0.ogg	SKIP-nonambient
Amplified	monsters/poltergeist/hit_1.ogg	SKIP-nonambient
Amplified	monsters/poltergeist/idle_0.ogg	SKIP-nonambient
Amplified	monsters/poltergeist/idle_1.ogg	SKIP-nonambient
Amplified	monsters/poltergeist/idle_2.ogg	USED-shipped
Amplified	monsters/poltergeist/idle_3.ogg	SKIP-nonambient
Amplified	monsters/poltergeist/idle_4.ogg	USED-shipped
Amplified	monsters/poltergeist/idle_5.ogg	SKIP-nonambient
Amplified	monsters/poltergeist/idle_6.ogg	SKIP-nonambient
Amplified	monsters/poltergeist/tele_damage_0.ogg	SKIP-nonambient
Amplified	monsters/poltergeist/tele_damage_1.ogg	SKIP-nonambient
Amplified	monsters/poltergeist/tele_damage_2.ogg	SKIP-nonambient
Amplified	monsters/poltergeist/tele_death_0.ogg	SKIP-nonambient
Amplified	monsters/poltergeist/tele_death_1.ogg	SKIP-nonambient
Amplified	monsters/poltergeist/tele_get_0.ogg	SKIP-nonambient
Amplified	monsters/poltergeist/tele_hold_0.ogg	SKIP-nonambient
Amplified	monsters/poltergeist/tele_idle_0.ogg	SKIP-nonambient
Amplified	monsters/poltergeist/~tele_damage_0.ogg	SKIP-nonambient
Amplified	monsters/poltergeist/~tele_damage_1.ogg	SKIP-nonambient
Amplified	monsters/poltergeist/~tele_damage_2.ogg	SKIP-nonambient
Amplified	monsters/poltergeist/~tele_idle_0.ogg	SKIP-nonambient
Amplified	monsters/pseudodog/attack_hit_0.ogg	SKIP-nonambient
Amplified	monsters/pseudodog/attack_hit_1.ogg	SKIP-nonambient
Amplified	monsters/pseudodog/attack_hit_2.ogg	SKIP-nonambient
Amplified	monsters/pseudodog/eat_0.ogg	SKIP-nonambient
Amplified	monsters/pseudodog/eat_1.ogg	SKIP-nonambient
Amplified	monsters/pseudodog/idle_0.ogg	SKIP-nonambient
Amplified	monsters/pseudodog/idle_1.ogg	SKIP-nonambient
Amplified	monsters/pseudodog/idle_2.ogg	SKIP-nonambient
Amplified	monsters/pseudodog/pdog_aggression_0.ogg	SKIP-nonambient
Amplified	monsters/pseudodog/pdog_aggression_1.ogg	SKIP-nonambient
Amplified	monsters/pseudodog/pdog_aggression_2.ogg	SKIP-nonambient
Amplified	monsters/pseudodog/pdog_attack_0.ogg	SKIP-nonambient
Amplified	monsters/pseudodog/pdog_attack_1.ogg	SKIP-nonambient
Amplified	monsters/pseudodog/pdog_attack_2.ogg	SKIP-nonambient
Amplified	monsters/pseudodog/pdog_attack_3.ogg	SKIP-nonambient
Amplified	monsters/pseudodog/pdog_chew_0.ogg	SKIP-nonambient
Amplified	monsters/pseudodog/pdog_chew_1.ogg	SKIP-nonambient
Amplified	monsters/pseudodog/pdog_chew_2.ogg	SKIP-nonambient
Amplified	monsters/pseudodog/pdog_death_0.ogg	SKIP-nonambient
Amplified	monsters/pseudodog/pdog_death_1.ogg	SKIP-nonambient
Amplified	monsters/pseudodog/pdog_howl_0.ogg	SKIP-nonambient
Amplified	monsters/pseudodog/pdog_hurt_0.ogg	SKIP-nonambient
Amplified	monsters/pseudodog/pdog_hurt_1.ogg	SKIP-nonambient
Amplified	monsters/pseudodog/pdog_idle_0.ogg	SKIP-nonambient
Amplified	monsters/pseudodog/pdog_idle_1.ogg	SKIP-nonambient
Amplified	monsters/pseudodog/pdog_idle_2.ogg	SKIP-nonambient
Amplified	monsters/pseudodog/pdog_idle_3.ogg	SKIP-nonambient
Amplified	monsters/pseudodog/pdog_idle_4.ogg	SKIP-nonambient
Amplified	monsters/pseudodog/pdog_threaten_0.ogg	SKIP-nonambient
Amplified	monsters/pseudodog/pdog_threaten_1.ogg	SKIP-nonambient
Amplified	monsters/pseudodog/pdog_threaten_2.ogg	SKIP-nonambient
Amplified	monsters/pseudodog/psy_affect_0.ogg	SKIP-nonambient
Amplified	monsters/pseudodog/psy_attack_0.ogg	SKIP-nonambient
Amplified	monsters/pseudodog/psy_attack_1.ogg	SKIP-nonambient
Amplified	monsters/pseudodog/psy_attack_2.ogg	SKIP-nonambient
Amplified	monsters/psysucker/attack_0.ogg	SKIP-nonambient
Amplified	monsters/psysucker/attack_1.ogg	SKIP-nonambient
Amplified	monsters/psysucker/attack_2.ogg	SKIP-nonambient
Amplified	monsters/psysucker/attack_3.ogg	SKIP-nonambient
Amplified	monsters/psysucker/attack_hit_0.ogg	SKIP-nonambient
Amplified	monsters/psysucker/attack_hit_1.ogg	SKIP-nonambient
Amplified	monsters/psysucker/attack_hit_2.ogg	SKIP-nonambient
Amplified	monsters/psysucker/attack_hit_3.ogg	SKIP-nonambient
Amplified	monsters/psysucker/attack_hit_4.ogg	SKIP-nonambient
Amplified	monsters/psysucker/breath_0.ogg	SKIP-nonambient
Amplified	monsters/psysucker/breath_1.ogg	SKIP-nonambient
Amplified	monsters/psysucker/die_0.ogg	SKIP-nonambient
Amplified	monsters/psysucker/die_1.ogg	SKIP-nonambient
Amplified	monsters/psysucker/die_2.ogg	SKIP-nonambient
Amplified	monsters/psysucker/die_3.ogg	SKIP-nonambient
Amplified	monsters/psysucker/hit_0.ogg	SKIP-nonambient
Amplified	monsters/psysucker/hit_1.ogg	SKIP-nonambient
Amplified	monsters/psysucker/hit_2.ogg	SKIP-nonambient
Amplified	monsters/psysucker/hit_3.ogg	SKIP-nonambient
Amplified	monsters/psysucker/hit_4.ogg	SKIP-nonambient
Amplified	monsters/psysucker/idle_0.ogg	SKIP-nonambient
Amplified	monsters/psysucker/idle_1.ogg	SKIP-nonambient
Amplified	monsters/psysucker/idle_2.ogg	SKIP-nonambient
Amplified	monsters/psysucker/idle_3.ogg	SKIP-nonambient
Amplified	monsters/psysucker/idle_4.ogg	SKIP-nonambient
Amplified	monsters/psysucker/idle_5.ogg	SKIP-nonambient
Amplified	monsters/psysucker/invisible_0.ogg	SKIP-nonambient
Amplified	monsters/psysucker/invisible_1.ogg	SKIP-nonambient
Amplified	monsters/psysucker/~attack_hit_2.ogg	SKIP-nonambient
Amplified	monsters/rat/attack_0.ogg	SKIP-nonambient
Amplified	monsters/rat/attack_1.ogg	SKIP-nonambient
Amplified	monsters/rat/attack_2.ogg	SKIP-nonambient
Amplified	monsters/rat/attack_3.ogg	SKIP-nonambient
Amplified	monsters/rat/attack_4.ogg	SKIP-nonambient
Amplified	monsters/rat/attack_5.ogg	SKIP-nonambient
Amplified	monsters/rat/death_0.ogg	SKIP-nonambient
Amplified	monsters/rat/death_1.ogg	SKIP-nonambient
Amplified	monsters/rat/death_2.ogg	SKIP-nonambient
Amplified	monsters/rat/death_3.ogg	SKIP-nonambient
Amplified	monsters/rat/eat_0.ogg	SKIP-nonambient
Amplified	monsters/rat/eat_1.ogg	SKIP-nonambient
Amplified	monsters/rat/eat_2.ogg	SKIP-nonambient
Amplified	monsters/rat/hit_0.ogg	SKIP-nonambient
Amplified	monsters/rat/hit_1.ogg	SKIP-nonambient
Amplified	monsters/rat/idle_0.ogg	SKIP-nonambient
Amplified	monsters/rat/idle_1.ogg	SKIP-nonambient
Amplified	monsters/rat/idle_2.ogg	SKIP-nonambient
Amplified	monsters/rat/idle_3.ogg	SKIP-nonambient
Amplified	monsters/rat/voice_1.ogg	SKIP-nonambient
Amplified	monsters/rat/voice_2.ogg	SKIP-nonambient
Amplified	monsters/snork/Gasmask snork 2.ogg	SKIP-nonambient
Amplified	monsters/snork/Gasmask snork 3.ogg	SKIP-nonambient
Amplified	monsters/snork/Gasmask snork.ogg	SKIP-nonambient
Amplified	monsters/snork/snork_aggressive_0.ogg	SKIP-nonambient
Amplified	monsters/snork/snork_aggressive_1.ogg	SKIP-nonambient
Amplified	monsters/snork/snork_aggressive_2.ogg	SKIP-nonambient
Amplified	monsters/snork/snork_attack_0.ogg	SKIP-nonambient
Amplified	monsters/snork/snork_attack_1.ogg	SKIP-nonambient
Amplified	monsters/snork/snork_attack_2.ogg	SKIP-nonambient
Amplified	monsters/snork/snork_attack_hit_0.ogg	SKIP-nonambient
Amplified	monsters/snork/snork_attack_hit_1.ogg	SKIP-nonambient
Amplified	monsters/snork/snork_attack_hit_2.ogg	SKIP-nonambient
Amplified	monsters/snork/snork_attack_hit_3.ogg	SKIP-nonambient
Amplified	monsters/snork/snork_attack_hit_4.ogg	SKIP-nonambient
Amplified	monsters/snork/snork_attack_hit_5.ogg	SKIP-nonambient
Amplified	monsters/snork/snork_attack_hit_6.ogg	SKIP-nonambient
Amplified	monsters/snork/snork_death_1.ogg	SKIP-nonambient
Amplified	monsters/snork/snork_death_2.ogg	SKIP-nonambient
Amplified	monsters/snork/snork_death_3.ogg	SKIP-nonambient
Amplified	monsters/snork/snork_eat_0.ogg	SKIP-nonambient
Amplified	monsters/snork/snork_eat_1.ogg	SKIP-nonambient
Amplified	monsters/snork/snork_eat_2.ogg	SKIP-nonambient
Amplified	monsters/snork/snork_idle_0.ogg	SKIP-nonambient
Amplified	monsters/snork/snork_idle_1.ogg	SKIP-nonambient
Amplified	monsters/snork/snork_idle_2.ogg	SKIP-nonambient
Amplified	monsters/snork/snork_pain_0.ogg	SKIP-nonambient
Amplified	monsters/snork/snork_pain_1.ogg	SKIP-nonambient
Amplified	monsters/snork/snork_pain_2.ogg	SKIP-nonambient
Amplified	monsters/snork/snork_pain_3.ogg	SKIP-nonambient
Amplified	monsters/snork/snork_pain_4.ogg	SKIP-nonambient
Amplified	monsters/snork/snork_panic_0.ogg	SKIP-nonambient
Amplified	monsters/snork/snork_panic_1.ogg	SKIP-nonambient
Amplified	monsters/snork/snork_panic_2.ogg	SKIP-nonambient
Amplified	monsters/snork/snork_tunnel_1.ogg	USED-shipped
Amplified	monsters/snork/snork_tunnel_coming_1.ogg	SKIP-nonambient
Amplified	monsters/tushkano/bck/tushkano_aggressive_0.ogg	SKIP-nonambient
Amplified	monsters/tushkano/bck/tushkano_aggressive_1.ogg	SKIP-nonambient
Amplified	monsters/tushkano/bck/tushkano_aggressive_2.ogg	SKIP-nonambient
Amplified	monsters/tushkano/bck/tushkano_aggressive_3.ogg	SKIP-nonambient
Amplified	monsters/tushkano/bck/tushkano_attack_0.ogg	SKIP-nonambient
Amplified	monsters/tushkano/bck/tushkano_attack_1.ogg	SKIP-nonambient
Amplified	monsters/tushkano/bck/tushkano_death_0.ogg	SKIP-nonambient
Amplified	monsters/tushkano/bck/tushkano_death_1.ogg	SKIP-nonambient
Amplified	monsters/tushkano/bck/tushkano_death_2.ogg	SKIP-nonambient
Amplified	monsters/tushkano/tushkano_aggressive_0.ogg	SKIP-nonambient
Amplified	monsters/tushkano/tushkano_aggressive_1.ogg	SKIP-nonambient
Amplified	monsters/tushkano/tushkano_aggressive_3.ogg	SKIP-nonambient
Amplified	monsters/tushkano/tushkano_aggressive_4.ogg	SKIP-nonambient
Amplified	monsters/tushkano/tushkano_attack_0.ogg	SKIP-nonambient
Amplified	monsters/tushkano/tushkano_attack_1.ogg	SKIP-nonambient
Amplified	monsters/tushkano/tushkano_death_0.ogg	SKIP-nonambient
Amplified	monsters/tushkano/tushkano_death_1.ogg	SKIP-nonambient
Amplified	monsters/tushkano/tushkano_death_3.ogg	SKIP-nonambient
Amplified	monsters/zombie/none.ogg	SKIP-nonambient
Amplified	monsters/zombie/zombie_attack_1.ogg	SKIP-nonambient
Amplified	monsters/zombie/zombie_attack_10.ogg	SKIP-nonambient
Amplified	monsters/zombie/zombie_attack_2.ogg	SKIP-nonambient
Amplified	monsters/zombie/zombie_attack_3.ogg	SKIP-nonambient
Amplified	monsters/zombie/zombie_attack_4.ogg	SKIP-nonambient
Amplified	monsters/zombie/zombie_attack_5.ogg	SKIP-nonambient
Amplified	monsters/zombie/zombie_attack_6.ogg	SKIP-nonambient
Amplified	monsters/zombie/zombie_attack_7.ogg	SKIP-nonambient
Amplified	monsters/zombie/zombie_attack_8.ogg	SKIP-nonambient
Amplified	monsters/zombie/zombie_attack_9.ogg	SKIP-nonambient
Amplified	monsters/zombie/zombie_attack_hit_0.ogg	SKIP-nonambient
Amplified	monsters/zombie/zombie_die_0.ogg	SKIP-nonambient
Amplified	monsters/zombie/zombie_die_1.ogg	SKIP-nonambient
Amplified	monsters/zombie/zombie_die_2.ogg	SKIP-nonambient
Amplified	monsters/zombie/zombie_die_3.ogg	SKIP-nonambient
Amplified	monsters/zombie/zombie_die_4.ogg	SKIP-nonambient
Amplified	monsters/zombie/zombie_die_5.ogg	SKIP-nonambient
Amplified	monsters/zombie/zombie_die_6.ogg	SKIP-nonambient
Amplified	monsters/zombie/zombie_die_7.ogg	SKIP-nonambient
Amplified	monsters/zombie/zombie_die_8.ogg	SKIP-nonambient
Amplified	monsters/zombie/zombie_die_9.ogg	SKIP-nonambient
Amplified	monsters/zombie/zombie_eat_0.ogg	SKIP-nonambient
Amplified	monsters/zombie/zombie_eat_1.ogg	SKIP-nonambient
Amplified	monsters/zombie/zombie_eat_2.ogg	SKIP-nonambient
Amplified	monsters/zombie/zombie_eat_3.ogg	SKIP-nonambient
Amplified	monsters/zombie/zombie_idle_1.ogg	SKIP-nonambient
Amplified	monsters/zombie/zombie_idle_10.ogg	SKIP-nonambient
Amplified	monsters/zombie/zombie_idle_11.ogg	SKIP-nonambient
Amplified	monsters/zombie/zombie_idle_12.ogg	SKIP-nonambient
Amplified	monsters/zombie/zombie_idle_13.ogg	SKIP-nonambient
Amplified	monsters/zombie/zombie_idle_14.ogg	SKIP-nonambient
Amplified	monsters/zombie/zombie_idle_15.ogg	SKIP-nonambient
Amplified	monsters/zombie/zombie_idle_16.ogg	SKIP-nonambient
Amplified	monsters/zombie/zombie_idle_17.ogg	SKIP-nonambient
Amplified	monsters/zombie/zombie_idle_2.ogg	SKIP-nonambient
Amplified	monsters/zombie/zombie_idle_3.ogg	SKIP-nonambient
Amplified	monsters/zombie/zombie_idle_4.ogg	SKIP-nonambient
Amplified	monsters/zombie/zombie_idle_5.ogg	SKIP-nonambient
Amplified	monsters/zombie/zombie_idle_6.ogg	SKIP-nonambient
Amplified	monsters/zombie/zombie_idle_7.ogg	SKIP-nonambient
Amplified	monsters/zombie/zombie_idle_8.ogg	SKIP-nonambient
Amplified	monsters/zombie/zombie_idle_9.ogg	SKIP-nonambient
Amplified	monsters/zombie/zombie_take_damage_1.ogg	SKIP-nonambient
Amplified	monsters/zombie/zombie_take_damage_2.ogg	SKIP-nonambient
Amplified	monsters/zombie/zombie_take_damage_3.ogg	SKIP-nonambient
Amplified	monsters/zombie/zombie_take_damage_4.ogg	SKIP-nonambient
Amplified	monsters/zombie/zombie_take_damage_5.ogg	SKIP-nonambient
Amplified	monsters/zombie/zombie_take_damage_6.ogg	SKIP-nonambient
Amplified	monsters/zombie/zombie_take_damage_7.ogg	SKIP-nonambient
Amplified	monsters/zombie/zombie_take_damage_8.ogg	SKIP-nonambient
Amplified	music/guitar_1.ogg	SKIP-nonambient
Amplified	music/guitar_10.ogg	SKIP-nonambient
Amplified	music/guitar_11.ogg	SKIP-nonambient
Amplified	music/guitar_12.ogg	SKIP-nonambient
Amplified	music/guitar_13.ogg	SKIP-nonambient
Amplified	music/guitar_14.ogg	SKIP-nonambient
Amplified	music/guitar_15.ogg	SKIP-nonambient
Amplified	music/guitar_16.ogg	SKIP-nonambient
Amplified	music/guitar_17.ogg	SKIP-nonambient
Amplified	music/guitar_18.ogg	SKIP-nonambient
Amplified	music/guitar_19.ogg	SKIP-nonambient
Amplified	music/guitar_2.ogg	SKIP-nonambient
Amplified	music/guitar_20.ogg	SKIP-nonambient
Amplified	music/guitar_21.ogg	SKIP-nonambient
Amplified	music/guitar_22.ogg	SKIP-nonambient
Amplified	music/guitar_23.ogg	SKIP-nonambient
Amplified	music/guitar_24.ogg	SKIP-nonambient
Amplified	music/guitar_25.ogg	SKIP-nonambient
Amplified	music/guitar_26.ogg	SKIP-nonambient
Amplified	music/guitar_27.ogg	SKIP-nonambient
Amplified	music/guitar_28.ogg	SKIP-nonambient
Amplified	music/guitar_3.ogg	SKIP-nonambient
Amplified	music/guitar_4.ogg	SKIP-nonambient
Amplified	music/guitar_5.ogg	SKIP-nonambient
Amplified	music/guitar_6.ogg	SKIP-nonambient
Amplified	music/guitar_7.ogg	SKIP-nonambient
Amplified	music/guitar_8.ogg	SKIP-nonambient
Amplified	music/guitar_9.ogg	SKIP-nonambient
Amplified	music/harmonica_1.ogg	SKIP-nonambient
Amplified	music/harmonica_2.ogg	SKIP-nonambient
Amplified	music/harmonica_3.ogg	SKIP-nonambient
Amplified	music/harmonica_4.ogg	SKIP-nonambient
Amplified	music/harmonica_5.ogg	SKIP-nonambient
Amplified	nature/close1.ogg	off-scope-or-dup
Amplified	nature/close2.ogg	off-scope-or-dup
Amplified	nature/close3.ogg	off-scope-or-dup
Amplified	nature/close4.ogg	off-scope-or-dup
Amplified	nature/close5.ogg	off-scope-or-dup
Amplified	nature/close6.ogg	off-scope-or-dup
Amplified	nature/close7.ogg	off-scope-or-dup
Amplified	nature/close8.ogg	off-scope-or-dup
Amplified	nature/medium1.ogg	off-scope-or-dup
Amplified	nature/medium2.ogg	off-scope-or-dup
Amplified	nature/medium3.ogg	off-scope-or-dup
Amplified	nature/medium4.ogg	off-scope-or-dup
Amplified	nature/medium5.ogg	off-scope-or-dup
Amplified	nature/medium6.ogg	off-scope-or-dup
Amplified	nature/new_thunder1_hec.ogg	HELD-loop-surplus
Amplified	nature/new_thunder2_hec.ogg	HELD-loop-surplus
Amplified	nature/new_thunder3_hec.ogg	HELD-loop-surplus
Amplified	nature/new_thunder4_hec.ogg	HELD-loop-surplus
Amplified	nature/pre_storm_1.ogg	USED-shipped
Amplified	nature/pre_storm_2.ogg	HELD-loop-surplus
Amplified	nature/pre_storm_3.ogg	USED-shipped
Amplified	nature/pre_storm_4.ogg	HELD-loop-surplus
Amplified	nature/pre_storm_5.ogg	HELD-loop-surplus
Amplified	nature/storm_1.ogg	USED-shipped
Amplified	nature/storm_2.ogg	USED-shipped
Amplified	nature/storm_3.ogg	HELD-loop-surplus
Amplified	nature/storm_4.ogg	USED-shipped
Amplified	nature/storm_5.ogg	USED-shipped
Amplified	nature/thunder-0-hec.ogg	HELD-loop-surplus
Amplified	nature/thunder-0.ogg	HELD-loop-surplus
Amplified	nature/thunder-1.ogg	HELD-loop-surplus
Amplified	nature/thunder-2.ogg	HELD-loop-surplus
Amplified	nature/thunder-3-hec.ogg	HELD-loop-surplus
Amplified	nature/thunder-3.ogg	USED-shipped
Amplified	nature/thunder-4.ogg	USED-shipped
Amplified	nature/thunderfar_1.ogg	HELD-loop-surplus
Amplified	nature/thunderfar_2.ogg	HELD-loop-surplus
Amplified	nature/thunderfar_3.ogg	HELD-loop-surplus
Amplified	nature/thunderfar_4.ogg	HELD-loop-surplus
Amplified	nature/thundernew1.ogg	HELD-loop-surplus
Amplified	nature/thundernew2.ogg	USED-shipped
Amplified	nature/thundernew3.ogg	HELD-loop-surplus
Amplified	nature/thundernew4.ogg	HELD-loop-surplus
Amplified	nature/thundernew5.ogg	HELD-loop-surplus
Amplified	nature/thundernew6.ogg	HELD-loop-surplus
Amplified	nature/very_close1.ogg	off-scope-or-dup
Amplified	nature/very_close2.ogg	off-scope-or-dup
Amplified	nature/very_close3.ogg	off-scope-or-dup
Amplified	nature/very_close4.ogg	off-scope-or-dup
Amplified	nature/very_close5.ogg	off-scope-or-dup
Amplified	nature/very_close6.ogg	off-scope-or-dup
Amplified	nature/very_close7.ogg	off-scope-or-dup
Amplified	nature/very_far1.ogg	off-scope-or-dup
Amplified	nature/very_far2.ogg	off-scope-or-dup
Amplified	nature/very_far3.ogg	off-scope-or-dup
Amplified	nature/very_far4.ogg	off-scope-or-dup
Amplified	nature/very_far5.ogg	off-scope-or-dup
Amplified	nature/very_far6.ogg	off-scope-or-dup
Amplified	nature/very_far7.ogg	off-scope-or-dup
Amplified	nature/very_far8.ogg	off-scope-or-dup
Amplified	Plastic_Small_Key.ogg	SKIP-nonambient
Amplified	Plastic_Small_Pick.ogg	SKIP-nonambient
Amplified	radio/white_noise/white_noise_heavy_horror_1.ogg	SKIP-nonambient
Amplified	radio/white_noise/white_noise_heavy_horror_2.ogg	SKIP-nonambient
Amplified	radio/white_noise/white_noise_heavy_horror_3.ogg	SKIP-nonambient
Amplified	radio/white_noise/white_noise_heavy_horror_4.ogg	SKIP-nonambient
Amplified	radio/white_noise/white_noise_heavy_horror_5.ogg	SKIP-nonambient
Amplified	radio/white_noise/white_noise_heavy_horror_6.ogg	SKIP-nonambient
Amplified	radio/white_noise/white_noise_heavy_horror_7.ogg	SKIP-nonambient
Amplified	radio/white_noise/white_noise_heavy_horror_8.ogg	SKIP-nonambient
Amplified	vehicle/helicopter.ogg	SKIP-nonambient
Amplified	western_goods_drinks/wg_beer_86_can_drink.ogg	SKIP-nonambient
Amplified	western_goods_drinks/wg_cola_can_drink.ogg	SKIP-nonambient
Amplified	western_goods_drinks/wg_fanta_can_drink.ogg	SKIP-nonambient
Amplified	western_goods_drinks/wg_monster_energy_can_drink.ogg	SKIP-nonambient
Amplified	western_goods_drinks/wg_mountain_dew_bottle_drink.ogg	SKIP-nonambient
Amplified	western_goods_drinks/wg_nestea_icetea_bottle_drink.ogg	SKIP-nonambient
Amplified	western_goods_drinks/wg_pepsi_can_drink.ogg	SKIP-nonambient
Amplified	western_goods_drinks/wg_perrier_can_drink.ogg	SKIP-nonambient
Amplified	western_goods_drinks/wg_redbull_can_drink.ogg	SKIP-nonambient
Amplified	western_goods_drinks/wg_sevenup_can_drink.ogg	SKIP-nonambient
Amplified	western_goods_drinks/wg_sprite_can_drink.ogg	SKIP-nonambient
Amplified	western_goods_food/wg_bounty_eat.ogg	SKIP-nonambient
Amplified	western_goods_food/wg_doritos_eat.ogg	SKIP-nonambient
Amplified	western_goods_food/wg_kitkat_eat.ogg	SKIP-nonambient
Amplified	western_goods_food/wg_lays_eat.ogg	SKIP-nonambient
Amplified	western_goods_food/wg_mars_eat.ogg	SKIP-nonambient
Amplified	western_goods_food/wg_milka_eat.ogg	SKIP-nonambient
Amplified	western_goods_food/wg_milkyway_eat.ogg	SKIP-nonambient
Amplified	western_goods_food/wg_snickers_eat.ogg	SKIP-nonambient
Amplified	Wood_Key.ogg	SKIP-nonambient
Amplified	Wood_Picks.ogg	SKIP-nonambient
RealDistantMutants	ambient/soundscape/mutants/bloodsucker/distant_1.ogg	USED-shipped
RealDistantMutants	ambient/soundscape/mutants/bloodsucker/distant_2.ogg	USED-shipped
RealDistantMutants	ambient/soundscape/mutants/bloodsucker/distant_3.ogg	USED-shipped
RealDistantMutants	ambient/soundscape/mutants/bloodsucker/distant_4.ogg	USED-shipped
RealDistantMutants	ambient/soundscape/mutants/bloodsucker/distant_5.ogg	USED-shipped
RealDistantMutants	ambient/soundscape/mutants/boar/distant_1.ogg	USED-shipped
RealDistantMutants	ambient/soundscape/mutants/boar/distant_2.ogg	USED-shipped
RealDistantMutants	ambient/soundscape/mutants/boar/distant_3.ogg	USED-shipped
RealDistantMutants	ambient/soundscape/mutants/boar/distant_4.ogg	USED-shipped
RealDistantMutants	ambient/soundscape/mutants/boar/distant_5.ogg	USED-shipped
RealDistantMutants	ambient/soundscape/mutants/burer/distant_1.ogg	USED-shipped
RealDistantMutants	ambient/soundscape/mutants/burer/distant_2.ogg	USED-shipped
RealDistantMutants	ambient/soundscape/mutants/burer/distant_3.ogg	USED-shipped
RealDistantMutants	ambient/soundscape/mutants/burer/distant_4.ogg	USED-shipped
RealDistantMutants	ambient/soundscape/mutants/burer/distant_5.ogg	USED-shipped
RealDistantMutants	ambient/soundscape/mutants/burer/distant_6.ogg	USED-shipped
RealDistantMutants	ambient/soundscape/mutants/burer/distant_7.ogg	USED-shipped
RealDistantMutants	ambient/soundscape/mutants/cat/distant_1.ogg	USED-shipped
RealDistantMutants	ambient/soundscape/mutants/cat/distant_2.ogg	USED-shipped
RealDistantMutants	ambient/soundscape/mutants/cat/distant_3.ogg	USED-shipped
RealDistantMutants	ambient/soundscape/mutants/chimera/distant_1.ogg	USED-shipped
RealDistantMutants	ambient/soundscape/mutants/chimera/distant_2.ogg	USED-shipped
RealDistantMutants	ambient/soundscape/mutants/chimera/distant_3.ogg	USED-shipped
RealDistantMutants	ambient/soundscape/mutants/chimera/distant_4.ogg	USED-shipped
RealDistantMutants	ambient/soundscape/mutants/chimera/distant_5.ogg	USED-shipped
RealDistantMutants	ambient/soundscape/mutants/chimera/distant_6.ogg	USED-shipped
RealDistantMutants	ambient/soundscape/mutants/chimera/distant_7.ogg	USED-shipped
RealDistantMutants	ambient/soundscape/mutants/chimera/distant_8.ogg	USED-shipped
RealDistantMutants	ambient/soundscape/mutants/controller/distant_1.ogg	INTRA-DUP-excluded
RealDistantMutants	ambient/soundscape/mutants/controller/distant_2.ogg	USED-shipped
RealDistantMutants	ambient/soundscape/mutants/controller/distant_3.ogg	INTRA-DUP-excluded
RealDistantMutants	ambient/soundscape/mutants/controller/distant_4.ogg	INTRA-DUP-excluded
RealDistantMutants	ambient/soundscape/mutants/controller/distant_5.ogg	USED-shipped
RealDistantMutants	ambient/soundscape/mutants/controller/distant_6.ogg	USED-shipped
RealDistantMutants	ambient/soundscape/mutants/controller/distant_7.ogg	USED-shipped
RealDistantMutants	ambient/soundscape/mutants/dog/distant_1.ogg	USED-shipped
RealDistantMutants	ambient/soundscape/mutants/dog/distant_2.ogg	USED-shipped
RealDistantMutants	ambient/soundscape/mutants/dog/distant_3.ogg	USED-shipped
RealDistantMutants	ambient/soundscape/mutants/dog/distant_4.ogg	USED-shipped
RealDistantMutants	ambient/soundscape/mutants/dog/distant_5.ogg	USED-shipped
RealDistantMutants	ambient/soundscape/mutants/dog/distant_6.ogg	USED-shipped
RealDistantMutants	ambient/soundscape/mutants/dog/distant_7.ogg	USED-shipped
RealDistantMutants	ambient/soundscape/mutants/dog/distant_8.ogg	USED-shipped
RealDistantMutants	ambient/soundscape/mutants/flesh/distant_1.ogg	USED-shipped
RealDistantMutants	ambient/soundscape/mutants/flesh/distant_2.ogg	USED-shipped
RealDistantMutants	ambient/soundscape/mutants/flesh/distant_3.ogg	USED-shipped
RealDistantMutants	ambient/soundscape/mutants/flesh/distant_4.ogg	USED-shipped
RealDistantMutants	ambient/soundscape/mutants/flesh/distant_5.ogg	USED-shipped
RealDistantMutants	ambient/soundscape/mutants/fracture/distant_1.ogg	USED-shipped
RealDistantMutants	ambient/soundscape/mutants/fracture/distant_2.ogg	USED-shipped
RealDistantMutants	ambient/soundscape/mutants/fracture/distant_3.ogg	USED-shipped
RealDistantMutants	ambient/soundscape/mutants/fracture/distant_4.ogg	USED-shipped
RealDistantMutants	ambient/soundscape/mutants/fracture/distant_5.ogg	USED-shipped
RealDistantMutants	ambient/soundscape/mutants/fracture/distant_6.ogg	USED-shipped
RealDistantMutants	ambient/soundscape/mutants/giant/distant_1.ogg	USED-shipped
RealDistantMutants	ambient/soundscape/mutants/giant/distant_2.ogg	USED-shipped
RealDistantMutants	ambient/soundscape/mutants/giant/distant_3.ogg	USED-shipped
RealDistantMutants	ambient/soundscape/mutants/giant/distant_4.ogg	USED-shipped
RealDistantMutants	ambient/soundscape/mutants/giant/distant_5.ogg	USED-shipped
RealDistantMutants	ambient/soundscape/mutants/lurker/distant_1.ogg	USED-shipped
RealDistantMutants	ambient/soundscape/mutants/lurker/distant_2.ogg	USED-shipped
RealDistantMutants	ambient/soundscape/mutants/lurker/distant_3.ogg	USED-shipped
RealDistantMutants	ambient/soundscape/mutants/lurker/distant_4.ogg	USED-shipped
RealDistantMutants	ambient/soundscape/mutants/poltergeist/distant_1.ogg	USED-shipped
RealDistantMutants	ambient/soundscape/mutants/poltergeist/distant_2.ogg	USED-shipped
RealDistantMutants	ambient/soundscape/mutants/poltergeist/distant_3.ogg	USED-shipped
RealDistantMutants	ambient/soundscape/mutants/poltergeist/distant_4.ogg	USED-shipped
RealDistantMutants	ambient/soundscape/mutants/poltergeist/distant_5.ogg	USED-shipped
RealDistantMutants	ambient/soundscape/mutants/poltergeist/distant_6.ogg	USED-shipped
RealDistantMutants	ambient/soundscape/mutants/poltergeist/distant_7.ogg	INTRA-DUP-excluded
RealDistantMutants	ambient/soundscape/mutants/poltergeist/distant_8.ogg	USED-shipped
RealDistantMutants	ambient/soundscape/mutants/poltergeist/distant_9.ogg	USED-shipped
RealDistantMutants	ambient/soundscape/mutants/psysucker/distant_1.ogg	USED-shipped
RealDistantMutants	ambient/soundscape/mutants/psysucker/distant_2.ogg	USED-shipped
RealDistantMutants	ambient/soundscape/mutants/psysucker/distant_3.ogg	USED-shipped
RealDistantMutants	ambient/soundscape/mutants/psysucker/distant_4.ogg	USED-shipped
RealDistantMutants	ambient/soundscape/mutants/psysucker/distant_5.ogg	USED-shipped
RealDistantMutants	ambient/soundscape/mutants/snork/distant_1.ogg	USED-shipped
RealDistantMutants	ambient/soundscape/mutants/snork/distant_2.ogg	USED-shipped
RealDistantMutants	ambient/soundscape/mutants/snork/distant_3.ogg	USED-shipped
RealDistantMutants	ambient/soundscape/mutants/snork/distant_4.ogg	USED-shipped
RealDistantMutants	ambient/soundscape/mutants/snork/distant_5.ogg	USED-shipped
RealDistantMutants	ambient/soundscape/mutants/snork/distant_6.ogg	USED-shipped
RealDistantMutants	ambient/soundscape/mutants/wolf/distant_1.ogg	USED-shipped
RealDistantMutants	ambient/soundscape/mutants/wolf/distant_10.ogg	USED-shipped
RealDistantMutants	ambient/soundscape/mutants/wolf/distant_2.ogg	USED-shipped
RealDistantMutants	ambient/soundscape/mutants/wolf/distant_3.ogg	USED-shipped
RealDistantMutants	ambient/soundscape/mutants/wolf/distant_4.ogg	USED-shipped
RealDistantMutants	ambient/soundscape/mutants/wolf/distant_5.ogg	USED-shipped
RealDistantMutants	ambient/soundscape/mutants/wolf/distant_6.ogg	USED-shipped
RealDistantMutants	ambient/soundscape/mutants/wolf/distant_7.ogg	USED-shipped
RealDistantMutants	ambient/soundscape/mutants/wolf/distant_8.ogg	USED-shipped
RealDistantMutants	ambient/soundscape/mutants/wolf/distant_9.ogg	USED-shipped
RealDistantMutants	ambient/soundscape/mutants/zombie/distant_1.ogg	USED-shipped
RealDistantMutants	ambient/soundscape/mutants/zombie/distant_1b.ogg	INTRA-DUP-excluded
RealDistantMutants	ambient/soundscape/mutants/zombie/distant_2.ogg	USED-shipped
RealDistantMutants	ambient/soundscape/mutants/zombie/distant_3.ogg	USED-shipped
RealDistantMutants	ambient/soundscape/mutants/zombie/distant_4.ogg	USED-shipped
RealDistantMutants	ambient/soundscape/mutants/zombie/distant_5.ogg	USED-shipped
RealDistantMutants	ambient/soundscape/mutants/zombie/distant_6.ogg	USED-shipped
RealDistantMutants	ambient/soundscape/mutants/zombie/distant_7.ogg	USED-shipped
AudioExpansion	ambient/fire1.ogg	off-scope-or-dup
AudioExpansion	ambient/fire2.ogg	off-scope-or-dup
AudioExpansion	ambient/floor_creak1.ogg	off-scope-or-dup
AudioExpansion	ambient/floor_creak2.ogg	off-scope-or-dup
AudioExpansion	ambient/floor_creak3.ogg	off-scope-or-dup
AudioExpansion	ambient/rain.ogg	HELD-loop-surplus
AudioExpansion	ambient/rain_l.ogg	HELD-loop-surplus
AudioExpansion	ambient/rain_r.ogg	HELD-loop-surplus
AudioExpansion	ambient/soundscape/animals/birds_forest_single_1.ogg	BASE-DUP-excluded
AudioExpansion	ambient/soundscape/animals/birds_forest_single_10.ogg	off-scope-or-dup
AudioExpansion	ambient/soundscape/animals/birds_forest_single_11.ogg	off-scope-or-dup
AudioExpansion	ambient/soundscape/animals/birds_forest_single_12.ogg	off-scope-or-dup
AudioExpansion	ambient/soundscape/animals/birds_forest_single_13.ogg	off-scope-or-dup
AudioExpansion	ambient/soundscape/animals/birds_forest_single_14.ogg	off-scope-or-dup
AudioExpansion	ambient/soundscape/animals/birds_forest_single_16.ogg	off-scope-or-dup
AudioExpansion	ambient/soundscape/animals/birds_forest_single_17.ogg	SILENCE-excluded
AudioExpansion	ambient/soundscape/animals/birds_forest_single_18.ogg	off-scope-or-dup
AudioExpansion	ambient/soundscape/animals/birds_forest_single_19.ogg	off-scope-or-dup
AudioExpansion	ambient/soundscape/animals/birds_forest_single_2.ogg	off-scope-or-dup
AudioExpansion	ambient/soundscape/animals/birds_forest_single_20.ogg	off-scope-or-dup
AudioExpansion	ambient/soundscape/animals/birds_forest_single_21.ogg	off-scope-or-dup
AudioExpansion	ambient/soundscape/animals/birds_forest_single_22.ogg	off-scope-or-dup
AudioExpansion	ambient/soundscape/animals/birds_forest_single_23.ogg	SILENCE-excluded
AudioExpansion	ambient/soundscape/animals/birds_forest_single_24.ogg	off-scope-or-dup
AudioExpansion	ambient/soundscape/animals/birds_forest_single_25.ogg	SILENCE-excluded
AudioExpansion	ambient/soundscape/animals/birds_forest_single_26.ogg	off-scope-or-dup
AudioExpansion	ambient/soundscape/animals/birds_forest_single_27.ogg	off-scope-or-dup
AudioExpansion	ambient/soundscape/animals/birds_forest_single_28.ogg	SILENCE-excluded
AudioExpansion	ambient/soundscape/animals/birds_forest_single_29.ogg	off-scope-or-dup
AudioExpansion	ambient/soundscape/animals/birds_forest_single_3.ogg	off-scope-or-dup
AudioExpansion	ambient/soundscape/animals/birds_forest_single_30.ogg	off-scope-or-dup
AudioExpansion	ambient/soundscape/animals/birds_forest_single_31.ogg	off-scope-or-dup
AudioExpansion	ambient/soundscape/animals/birds_forest_single_32.ogg	SILENCE-excluded
AudioExpansion	ambient/soundscape/animals/birds_forest_single_33.ogg	off-scope-or-dup
AudioExpansion	ambient/soundscape/animals/birds_forest_single_34.ogg	off-scope-or-dup
AudioExpansion	ambient/soundscape/animals/birds_forest_single_35.ogg	SILENCE-excluded
AudioExpansion	ambient/soundscape/animals/birds_forest_single_36.ogg	SILENCE-excluded
AudioExpansion	ambient/soundscape/animals/birds_forest_single_37.ogg	SILENCE-excluded
AudioExpansion	ambient/soundscape/animals/birds_forest_single_38.ogg	SILENCE-excluded
AudioExpansion	ambient/soundscape/animals/birds_forest_single_39.ogg	SILENCE-excluded
AudioExpansion	ambient/soundscape/animals/birds_forest_single_4.ogg	off-scope-or-dup
AudioExpansion	ambient/soundscape/animals/birds_forest_single_40.ogg	off-scope-or-dup
AudioExpansion	ambient/soundscape/animals/birds_forest_single_41.ogg	SILENCE-excluded
AudioExpansion	ambient/soundscape/animals/birds_forest_single_42.ogg	SILENCE-excluded
AudioExpansion	ambient/soundscape/animals/birds_forest_single_43.ogg	SILENCE-excluded
AudioExpansion	ambient/soundscape/animals/birds_forest_single_44.ogg	SILENCE-excluded
AudioExpansion	ambient/soundscape/animals/birds_forest_single_45.ogg	SILENCE-excluded
AudioExpansion	ambient/soundscape/animals/birds_forest_single_48.ogg	off-scope-or-dup
AudioExpansion	ambient/soundscape/animals/birds_forest_single_49.ogg	SILENCE-excluded
AudioExpansion	ambient/soundscape/animals/birds_forest_single_5.ogg	SILENCE-excluded
AudioExpansion	ambient/soundscape/animals/birds_forest_single_50.ogg	off-scope-or-dup
AudioExpansion	ambient/soundscape/animals/birds_forest_single_51.ogg	off-scope-or-dup
AudioExpansion	ambient/soundscape/animals/birds_forest_single_52.ogg	off-scope-or-dup
AudioExpansion	ambient/soundscape/animals/birds_forest_single_53.ogg	SILENCE-excluded
AudioExpansion	ambient/soundscape/animals/birds_forest_single_54.ogg	SILENCE-excluded
AudioExpansion	ambient/soundscape/animals/birds_forest_single_55.ogg	SILENCE-excluded
AudioExpansion	ambient/soundscape/animals/birds_forest_single_56.ogg	SILENCE-excluded
AudioExpansion	ambient/soundscape/animals/birds_forest_single_57.ogg	SILENCE-excluded
AudioExpansion	ambient/soundscape/animals/birds_forest_single_58.ogg	SILENCE-excluded
AudioExpansion	ambient/soundscape/animals/birds_forest_single_59.ogg	SILENCE-excluded
AudioExpansion	ambient/soundscape/animals/birds_forest_single_6.ogg	off-scope-or-dup
AudioExpansion	ambient/soundscape/animals/birds_forest_single_7.ogg	off-scope-or-dup
AudioExpansion	ambient/soundscape/animals/birds_forest_single_8.ogg	off-scope-or-dup
AudioExpansion	ambient/soundscape/animals/birds_forest_single_9.ogg	off-scope-or-dup
AudioExpansion	ambient/soundscape/animals/birds_meadow_single_1.ogg	off-scope-or-dup
AudioExpansion	ambient/soundscape/animals/birds_meadow_single_12.ogg	off-scope-or-dup
AudioExpansion	ambient/soundscape/animals/birds_meadow_single_13.ogg	SILENCE-excluded
AudioExpansion	ambient/soundscape/animals/birds_meadow_single_14.ogg	off-scope-or-dup
AudioExpansion	ambient/soundscape/animals/birds_meadow_single_17.ogg	off-scope-or-dup
AudioExpansion	ambient/soundscape/animals/birds_meadow_single_18.ogg	SILENCE-excluded
AudioExpansion	ambient/soundscape/animals/birds_meadow_single_19.ogg	off-scope-or-dup
AudioExpansion	ambient/soundscape/animals/birds_meadow_single_2.ogg	SILENCE-excluded
AudioExpansion	ambient/soundscape/animals/birds_meadow_single_28.ogg	off-scope-or-dup
AudioExpansion	ambient/soundscape/animals/birds_meadow_single_29.ogg	SILENCE-excluded
AudioExpansion	ambient/soundscape/animals/birds_meadow_single_3.ogg	off-scope-or-dup
AudioExpansion	ambient/soundscape/animals/birds_meadow_single_30.ogg	SILENCE-excluded
AudioExpansion	ambient/soundscape/animals/birds_meadow_single_31.ogg	off-scope-or-dup
AudioExpansion	ambient/soundscape/animals/birds_meadow_single_32.ogg	off-scope-or-dup
AudioExpansion	ambient/soundscape/animals/birds_meadow_single_33.ogg	off-scope-or-dup
AudioExpansion	ambient/soundscape/animals/birds_meadow_single_34.ogg	SILENCE-excluded
AudioExpansion	ambient/soundscape/animals/birds_meadow_single_35.ogg	off-scope-or-dup
AudioExpansion	ambient/soundscape/animals/birds_meadow_single_36.ogg	SILENCE-excluded
AudioExpansion	ambient/soundscape/animals/birds_meadow_single_37.ogg	SILENCE-excluded
AudioExpansion	ambient/soundscape/animals/birds_meadow_single_4.ogg	off-scope-or-dup
AudioExpansion	ambient/soundscape/animals/birds_meadow_single_40.ogg	off-scope-or-dup
AudioExpansion	ambient/soundscape/animals/birds_meadow_single_41.ogg	off-scope-or-dup
AudioExpansion	ambient/soundscape/animals/birds_meadow_single_43.ogg	SILENCE-excluded
AudioExpansion	ambient/soundscape/animals/birds_meadow_single_44.ogg	SILENCE-excluded
AudioExpansion	ambient/soundscape/animals/birds_meadow_single_45.ogg	off-scope-or-dup
AudioExpansion	ambient/soundscape/animals/birds_meadow_single_46.ogg	off-scope-or-dup
AudioExpansion	ambient/soundscape/animals/birds_meadow_single_47.ogg	SILENCE-excluded
AudioExpansion	ambient/soundscape/animals/birds_meadow_single_48.ogg	SILENCE-excluded
AudioExpansion	ambient/soundscape/animals/birds_meadow_single_49.ogg	SILENCE-excluded
AudioExpansion	ambient/soundscape/animals/birds_meadow_single_5.ogg	off-scope-or-dup
AudioExpansion	ambient/soundscape/animals/birds_meadow_single_52.ogg	SILENCE-excluded
AudioExpansion	ambient/soundscape/animals/birds_meadow_single_54.ogg	SILENCE-excluded
AudioExpansion	ambient/soundscape/animals/birds_meadow_single_55.ogg	off-scope-or-dup
AudioExpansion	ambient/soundscape/animals/birds_meadow_single_56.ogg	SILENCE-excluded
AudioExpansion	ambient/soundscape/animals/birds_meadow_single_57.ogg	off-scope-or-dup
AudioExpansion	ambient/soundscape/animals/birds_meadow_single_58.ogg	off-scope-or-dup
AudioExpansion	ambient/soundscape/animals/birds_meadow_single_59.ogg	off-scope-or-dup
AudioExpansion	ambient/soundscape/animals/birds_meadow_single_6.ogg	off-scope-or-dup
AudioExpansion	ambient/soundscape/animals/birds_meadow_single_60.ogg	off-scope-or-dup
AudioExpansion	ambient/soundscape/animals/birds_meadow_single_61.ogg	off-scope-or-dup
AudioExpansion	ambient/soundscape/animals/birds_meadow_single_62.ogg	off-scope-or-dup
AudioExpansion	ambient/soundscape/animals/birds_meadow_single_63.ogg	off-scope-or-dup
AudioExpansion	ambient/soundscape/animals/birds_meadow_single_64.ogg	off-scope-or-dup
AudioExpansion	ambient/soundscape/animals/birds_meadow_single_65.ogg	SILENCE-excluded
AudioExpansion	ambient/soundscape/animals/birds_meadow_single_66.ogg	off-scope-or-dup
AudioExpansion	ambient/soundscape/animals/birds_meadow_single_67.ogg	SILENCE-excluded
AudioExpansion	ambient/soundscape/animals/birds_meadow_single_68.ogg	off-scope-or-dup
AudioExpansion	ambient/soundscape/animals/birds_meadow_single_69.ogg	off-scope-or-dup
AudioExpansion	ambient/soundscape/animals/birds_meadow_single_7.ogg	off-scope-or-dup
AudioExpansion	ambient/soundscape/animals/birds_meadow_single_8.ogg	off-scope-or-dup
AudioExpansion	ambient/soundscape/animals/birds_meadow_single_9.ogg	off-scope-or-dup
AudioExpansion	ambient/soundscape/animals/birds_single_night_1.ogg	SILENCE-excluded
AudioExpansion	ambient/soundscape/animals/birds_single_night_10.ogg	SILENCE-excluded
AudioExpansion	ambient/soundscape/animals/birds_single_night_11.ogg	SILENCE-excluded
AudioExpansion	ambient/soundscape/animals/birds_single_night_12.ogg	SILENCE-excluded
AudioExpansion	ambient/soundscape/animals/birds_single_night_13.ogg	SILENCE-excluded
AudioExpansion	ambient/soundscape/animals/birds_single_night_14.ogg	SILENCE-excluded
AudioExpansion	ambient/soundscape/animals/birds_single_night_15.ogg	SILENCE-excluded
AudioExpansion	ambient/soundscape/animals/birds_single_night_16.ogg	SILENCE-excluded
AudioExpansion	ambient/soundscape/animals/birds_single_night_17.ogg	SILENCE-excluded
AudioExpansion	ambient/soundscape/animals/birds_single_night_18.ogg	SILENCE-excluded
AudioExpansion	ambient/soundscape/animals/birds_single_night_19.ogg	SILENCE-excluded
AudioExpansion	ambient/soundscape/animals/birds_single_night_2.ogg	SILENCE-excluded
AudioExpansion	ambient/soundscape/animals/birds_single_night_20.ogg	SILENCE-excluded
AudioExpansion	ambient/soundscape/animals/birds_single_night_21.ogg	SILENCE-excluded
AudioExpansion	ambient/soundscape/animals/birds_single_night_24.ogg	SILENCE-excluded
AudioExpansion	ambient/soundscape/animals/birds_single_night_25.ogg	SILENCE-excluded
AudioExpansion	ambient/soundscape/animals/birds_single_night_26.ogg	SILENCE-excluded
AudioExpansion	ambient/soundscape/animals/birds_single_night_3.ogg	SILENCE-excluded
AudioExpansion	ambient/soundscape/animals/birds_single_night_4.ogg	SILENCE-excluded
AudioExpansion	ambient/soundscape/animals/birds_single_night_5.ogg	SILENCE-excluded
AudioExpansion	ambient/soundscape/animals/birds_single_night_6.ogg	SILENCE-excluded
AudioExpansion	ambient/soundscape/animals/birds_single_night_7.ogg	SILENCE-excluded
AudioExpansion	ambient/soundscape/animals/birds_single_night_8.ogg	SILENCE-excluded
AudioExpansion	ambient/soundscape/animals/birds_single_night_9.ogg	SILENCE-excluded
AudioExpansion	ambient/soundscape/animals/crickets_1.ogg	off-scope-or-dup
AudioExpansion	ambient/soundscape/animals/crickets_3.ogg	off-scope-or-dup
AudioExpansion	ambient/soundscape/animals/crickets_7.ogg	off-scope-or-dup
AudioExpansion	ambient/soundscape/animals/crickets_night_4.ogg	off-scope-or-dup
AudioExpansion	ambient/soundscape/animals/crickets_night_5.ogg	off-scope-or-dup
AudioExpansion	ambient/soundscape/animals/crickets_night_6.ogg	off-scope-or-dup
AudioExpansion	ambient/soundscape/background/field/field_day.ogg	off-scope-or-dup
AudioExpansion	ambient/soundscape/background/field/field_evening.ogg	off-scope-or-dup
AudioExpansion	ambient/soundscape/background/field/field_morning.ogg	off-scope-or-dup
AudioExpansion	ambient/soundscape/background/field/field_night.ogg	off-scope-or-dup
AudioExpansion	ambient/soundscape/background/field/field_rain.ogg	off-scope-or-dup
AudioExpansion	ambient/soundscape/background/field/field_rain_night.ogg	off-scope-or-dup
AudioExpansion	ambient/soundscape/background/field/field_storm.ogg	HELD-loop-surplus
AudioExpansion	ambient/soundscape/background/field/field_wind_high.ogg	off-scope-or-dup
AudioExpansion	ambient/soundscape/background/field/field_wind_low.ogg	off-scope-or-dup
AudioExpansion	ambient/soundscape/background/field/field_wind_med.ogg	off-scope-or-dup
AudioExpansion	ambient/soundscape/background/field_day.ogg	off-scope-or-dup
AudioExpansion	ambient/soundscape/background/field_evening.ogg	off-scope-or-dup
AudioExpansion	ambient/soundscape/background/field_morning.ogg	off-scope-or-dup
AudioExpansion	ambient/soundscape/background/field_night.ogg	off-scope-or-dup
AudioExpansion	ambient/soundscape/background/fog/fog.ogg	off-scope-or-dup
AudioExpansion	ambient/soundscape/background/forest/forest_day.ogg	off-scope-or-dup
AudioExpansion	ambient/soundscape/background/forest/forest_evening.ogg	off-scope-or-dup
AudioExpansion	ambient/soundscape/background/forest/forest_morning.ogg	off-scope-or-dup
AudioExpansion	ambient/soundscape/background/forest/forest_night.ogg	off-scope-or-dup
AudioExpansion	ambient/soundscape/background/forest/forest_rain_day.ogg	off-scope-or-dup
AudioExpansion	ambient/soundscape/background/forest/forest_storm.ogg	HELD-loop-surplus
AudioExpansion	ambient/soundscape/background/forest/forest_wind.ogg	off-scope-or-dup
AudioExpansion	ambient/soundscape/background/forest/rain_night.ogg	HELD-loop-surplus
AudioExpansion	ambient/soundscape/background/forest_1.ogg	off-scope-or-dup
AudioExpansion	ambient/soundscape/background/forest_day.ogg	off-scope-or-dup
AudioExpansion	ambient/soundscape/background/forest_evening.ogg	off-scope-or-dup
AudioExpansion	ambient/soundscape/background/forest_morning.ogg	off-scope-or-dup
AudioExpansion	ambient/soundscape/background/forest_night.ogg	off-scope-or-dup
AudioExpansion	ambient/soundscape/background/garbage/garbage_day.ogg	off-scope-or-dup
AudioExpansion	ambient/soundscape/background/garbage/garbage_evening.ogg	off-scope-or-dup
AudioExpansion	ambient/soundscape/background/garbage/garbage_morning.ogg	off-scope-or-dup
AudioExpansion	ambient/soundscape/background/garbage/garbage_rain_day.ogg	off-scope-or-dup
AudioExpansion	ambient/soundscape/background/jupiter/jupiter_day.ogg	off-scope-or-dup
AudioExpansion	ambient/soundscape/background/jupiter/jupiter_morning.ogg	off-scope-or-dup
AudioExpansion	ambient/soundscape/background/jupiter/jupiter_night.ogg	off-scope-or-dup
AudioExpansion	ambient/soundscape/background/meadow_day.ogg	off-scope-or-dup
AudioExpansion	ambient/soundscape/background/meadow_evening.ogg	off-scope-or-dup
AudioExpansion	ambient/soundscape/background/meadow_morning.ogg	off-scope-or-dup
AudioExpansion	ambient/soundscape/background/meadow_night.ogg	off-scope-or-dup
AudioExpansion	ambient/soundscape/background/north/open_day.ogg	off-scope-or-dup
AudioExpansion	ambient/soundscape/background/north/open_evening.ogg	off-scope-or-dup
AudioExpansion	ambient/soundscape/background/north/open_night.ogg	off-scope-or-dup
AudioExpansion	ambient/soundscape/background/swamp/swamp_day.ogg	off-scope-or-dup
AudioExpansion	ambient/soundscape/background/swamp/swamp_evening.ogg	off-scope-or-dup
AudioExpansion	ambient/soundscape/background/swamp/swamp_morning.ogg	off-scope-or-dup
AudioExpansion	ambient/soundscape/background/swamp/swamp_night.ogg	off-scope-or-dup
AudioExpansion	ambient/soundscape/background/swamp/swamp_storm.ogg	HELD-loop-surplus
AudioExpansion	ambient/soundscape/background/underground_1.ogg	HELD-loop-surplus
AudioExpansion	ambient/soundscape/background/underground_2.ogg	HELD-loop-surplus
AudioExpansion	ambient/soundscape/background/underground_4.ogg	HELD-loop-surplus
AudioExpansion	ambient/soundscape/background/urban/houses_wind_high.ogg	off-scope-or-dup
AudioExpansion	ambient/soundscape/background/urban/houses_wind_low.ogg	off-scope-or-dup
AudioExpansion	ambient/soundscape/background/urban/houses_wind_storm.ogg	HELD-loop-surplus
AudioExpansion	ambient/soundscape/background/urban/urban_day.ogg	off-scope-or-dup
AudioExpansion	ambient/soundscape/background/urban/urban_storm.ogg	HELD-loop-surplus
AudioExpansion	ambient/soundscape/background/urbanold/houses_wind_high.ogg	off-scope-or-dup
AudioExpansion	ambient/soundscape/background/urbanold/houses_wind_low.ogg	off-scope-or-dup
AudioExpansion	ambient/soundscape/background/urbanold/houses_wind_med.ogg	off-scope-or-dup
AudioExpansion	ambient/soundscape/background/urbanold/houses_wind_storm.ogg	HELD-loop-surplus
AudioExpansion	ambient/soundscape/background/yantar/yantar_day.ogg	off-scope-or-dup
AudioExpansion	ambient/soundscape/background/yantar/yantar_evening.ogg	off-scope-or-dup
AudioExpansion	ambient/soundscape/background/yantar/yantar_morning.ogg	off-scope-or-dup
AudioExpansion	ambient/soundscape/background/yantar/yantar_night.ogg	off-scope-or-dup
AudioExpansion	ambient/soundscape/background/zaton/zaton_day.ogg	off-scope-or-dup
AudioExpansion	ambient/soundscape/background/zaton/zaton_evening.ogg	off-scope-or-dup
AudioExpansion	ambient/soundscape/background/zaton/zaton_night.ogg	off-scope-or-dup
AudioExpansion	ambient/soundscape/forest/sfx_1.ogg	off-scope-or-dup
AudioExpansion	ambient/soundscape/forest/sfx_10.ogg	off-scope-or-dup
AudioExpansion	ambient/soundscape/forest/sfx_11.ogg	SILENCE-excluded
AudioExpansion	ambient/soundscape/forest/sfx_2.ogg	off-scope-or-dup
AudioExpansion	ambient/soundscape/forest/sfx_3.ogg	off-scope-or-dup
AudioExpansion	ambient/soundscape/forest/sfx_4.ogg	SILENCE-excluded
AudioExpansion	ambient/soundscape/forest/sfx_5.ogg	off-scope-or-dup
AudioExpansion	ambient/soundscape/forest/sfx_6.ogg	off-scope-or-dup
AudioExpansion	ambient/soundscape/forest/sfx_7.ogg	SILENCE-excluded
AudioExpansion	ambient/soundscape/forest/sfx_8.ogg	off-scope-or-dup
AudioExpansion	ambient/soundscape/forest/sfx_9.ogg	off-scope-or-dup
AudioExpansion	ambient/soundscape/forest_night/sfx_1.ogg	SILENCE-excluded
AudioExpansion	ambient/soundscape/forest_night/sfx_2.ogg	off-scope-or-dup
AudioExpansion	ambient/soundscape/forest_night/sfx_3.ogg	off-scope-or-dup
AudioExpansion	ambient/soundscape/forest_night/sfx_4.ogg	off-scope-or-dup
AudioExpansion	ambient/soundscape/forest_night/sfx_5.ogg	off-scope-or-dup
AudioExpansion	ambient/soundscape/forest_night/sfx_6.ogg	off-scope-or-dup
AudioExpansion	ambient/soundscape/insects/insectday_1.ogg	off-scope-or-dup
AudioExpansion	ambient/soundscape/insects/insectday_10.ogg	off-scope-or-dup
AudioExpansion	ambient/soundscape/insects/insectday_11.ogg	off-scope-or-dup
AudioExpansion	ambient/soundscape/insects/insectday_15.ogg	off-scope-or-dup
AudioExpansion	ambient/soundscape/insects/insectday_16.ogg	off-scope-or-dup
AudioExpansion	ambient/soundscape/insects/insectday_2.ogg	off-scope-or-dup
AudioExpansion	ambient/soundscape/insects/insectday_22.ogg	off-scope-or-dup
AudioExpansion	ambient/soundscape/insects/insectday_5.ogg	off-scope-or-dup
AudioExpansion	ambient/soundscape/insects/insectday_6.ogg	off-scope-or-dup
AudioExpansion	ambient/soundscape/insects/insectday_7.ogg	off-scope-or-dup
AudioExpansion	ambient/soundscape/insects/insectday_8.ogg	off-scope-or-dup
AudioExpansion	ambient/soundscape/insects/insectday_9.ogg	off-scope-or-dup
AudioExpansion	ambient/soundscape/insects/insectnight_10.ogg	off-scope-or-dup
AudioExpansion	ambient/soundscape/insects/insectnight_12.ogg	off-scope-or-dup
AudioExpansion	ambient/soundscape/insects/insectnight_13.ogg	off-scope-or-dup
AudioExpansion	ambient/soundscape/insects/insectnight_16.ogg	off-scope-or-dup
AudioExpansion	ambient/soundscape/insects/insectnight_17.ogg	off-scope-or-dup
AudioExpansion	ambient/soundscape/insects/insectnight_7.ogg	off-scope-or-dup
AudioExpansion	ambient/soundscape/insects/insectnight_8.ogg	off-scope-or-dup
AudioExpansion	ambient/soundscape/insects/insectnight_9.ogg	off-scope-or-dup
AudioExpansion	ambient/soundscape/swamp/sfx_10.ogg	off-scope-or-dup
AudioExpansion	ambient/soundscape/swamp/sfx_11.ogg	off-scope-or-dup
AudioExpansion	ambient/soundscape/swamp/sfx_2.ogg	off-scope-or-dup
AudioExpansion	ambient/soundscape/swamp/sfx_3.ogg	off-scope-or-dup
AudioExpansion	ambient/soundscape/swamp/sfx_4.ogg	off-scope-or-dup
AudioExpansion	ambient/soundscape/swamp/sfx_5.ogg	off-scope-or-dup
AudioExpansion	ambient/soundscape/swamp/sfx_6.ogg	off-scope-or-dup
AudioExpansion	ambient/soundscape/swamp/sfx_8.ogg	off-scope-or-dup
AudioExpansion	ambient/soundscape/swamp/sfx_9.ogg	off-scope-or-dup
AudioExpansion	ambient/soundscape/swamp_night/sfx_1.ogg	off-scope-or-dup
AudioExpansion	ambient/soundscape/swamp_night/sfx_10.ogg	off-scope-or-dup
AudioExpansion	ambient/soundscape/swamp_night/sfx_11.ogg	off-scope-or-dup
AudioExpansion	ambient/soundscape/swamp_night/sfx_12.ogg	off-scope-or-dup
AudioExpansion	ambient/soundscape/swamp_night/sfx_13.ogg	off-scope-or-dup
AudioExpansion	ambient/soundscape/swamp_night/sfx_14.ogg	off-scope-or-dup
AudioExpansion	ambient/soundscape/swamp_night/sfx_2.ogg	off-scope-or-dup
AudioExpansion	ambient/soundscape/swamp_night/sfx_3.ogg	off-scope-or-dup
AudioExpansion	ambient/soundscape/swamp_night/sfx_4.ogg	off-scope-or-dup
AudioExpansion	ambient/soundscape/swamp_night/sfx_5.ogg	off-scope-or-dup
AudioExpansion	ambient/soundscape/swamp_night/sfx_6.ogg	off-scope-or-dup
AudioExpansion	ambient/soundscape/swamp_night/sfx_7.ogg	off-scope-or-dup
AudioExpansion	ambient/soundscape/swamp_night/sfx_8.ogg	off-scope-or-dup
AudioExpansion	ambient/soundscape/swamp_night/sfx_9.ogg	off-scope-or-dup
AudioExpansion	ambient/soundscape/thunder/thunder_1.ogg	HELD-loop-surplus
AudioExpansion	ambient/soundscape/thunder/thunder_10.ogg	HELD-loop-surplus
AudioExpansion	ambient/soundscape/thunder/thunder_11.ogg	INTRA-DUP-excluded
AudioExpansion	ambient/soundscape/thunder/thunder_12.ogg	INTRA-DUP-excluded
AudioExpansion	ambient/soundscape/thunder/thunder_13.ogg	INTRA-DUP-excluded
AudioExpansion	ambient/soundscape/thunder/thunder_14.ogg	USED-shipped
AudioExpansion	ambient/soundscape/thunder/thunder_15.ogg	USED-shipped
AudioExpansion	ambient/soundscape/thunder/thunder_16.ogg	HELD-loop-surplus
AudioExpansion	ambient/soundscape/thunder/thunder_17.ogg	USED-shipped
AudioExpansion	ambient/soundscape/thunder/thunder_18.ogg	USED-shipped
AudioExpansion	ambient/soundscape/thunder/thunder_19.ogg	HELD-loop-surplus
AudioExpansion	ambient/soundscape/thunder/thunder_2.ogg	HELD-loop-surplus
AudioExpansion	ambient/soundscape/thunder/thunder_20.ogg	USED-shipped
AudioExpansion	ambient/soundscape/thunder/thunder_21.ogg	HELD-loop-surplus
AudioExpansion	ambient/soundscape/thunder/thunder_22.ogg	USED-shipped
AudioExpansion	ambient/soundscape/thunder/thunder_23.ogg	INTRA-DUP-excluded
AudioExpansion	ambient/soundscape/thunder/thunder_24.ogg	INTRA-DUP-excluded
AudioExpansion	ambient/soundscape/thunder/thunder_25.ogg	USED-shipped
AudioExpansion	ambient/soundscape/thunder/thunder_3.ogg	USED-shipped
AudioExpansion	ambient/soundscape/thunder/thunder_4.ogg	USED-shipped
AudioExpansion	ambient/soundscape/thunder/thunder_5.ogg	USED-shipped
AudioExpansion	ambient/soundscape/thunder/thunder_6.ogg	USED-shipped
AudioExpansion	ambient/soundscape/thunder/thunder_7.ogg	USED-shipped
AudioExpansion	ambient/soundscape/thunder/thunder_8.ogg	USED-shipped
AudioExpansion	ambient/soundscape/thunder/thunder_9.ogg	HELD-loop-surplus
AudioExpansion	ambient/soundscape/urban/ambienturban_1.ogg	off-scope-or-dup
AudioExpansion	ambient/soundscape/urban/ambienturban_10.ogg	off-scope-or-dup
AudioExpansion	ambient/soundscape/urban/ambienturban_11.ogg	off-scope-or-dup
AudioExpansion	ambient/soundscape/urban/ambienturban_12.ogg	off-scope-or-dup
AudioExpansion	ambient/soundscape/urban/ambienturban_13.ogg	off-scope-or-dup
AudioExpansion	ambient/soundscape/urban/ambienturban_14.ogg	off-scope-or-dup
AudioExpansion	ambient/soundscape/urban/ambienturban_15.ogg	off-scope-or-dup
AudioExpansion	ambient/soundscape/urban/ambienturban_16.ogg	off-scope-or-dup
AudioExpansion	ambient/soundscape/urban/ambienturban_17.ogg	off-scope-or-dup
AudioExpansion	ambient/soundscape/urban/ambienturban_18.ogg	off-scope-or-dup
AudioExpansion	ambient/soundscape/urban/ambienturban_19.ogg	off-scope-or-dup
AudioExpansion	ambient/soundscape/urban/ambienturban_2.ogg	off-scope-or-dup
AudioExpansion	ambient/soundscape/urban/ambienturban_20.ogg	off-scope-or-dup
AudioExpansion	ambient/soundscape/urban/ambienturban_21.ogg	off-scope-or-dup
AudioExpansion	ambient/soundscape/urban/ambienturban_22.ogg	off-scope-or-dup
AudioExpansion	ambient/soundscape/urban/ambienturban_23.ogg	off-scope-or-dup
AudioExpansion	ambient/soundscape/urban/ambienturban_24.ogg	off-scope-or-dup
AudioExpansion	ambient/soundscape/urban/ambienturban_25.ogg	off-scope-or-dup
AudioExpansion	ambient/soundscape/urban/ambienturban_26.ogg	off-scope-or-dup
AudioExpansion	ambient/soundscape/urban/ambienturban_27.ogg	off-scope-or-dup
AudioExpansion	ambient/soundscape/urban/ambienturban_3.ogg	off-scope-or-dup
AudioExpansion	ambient/soundscape/urban/ambienturban_4.ogg	off-scope-or-dup
AudioExpansion	ambient/soundscape/urban/ambienturban_5.ogg	off-scope-or-dup
AudioExpansion	ambient/soundscape/urban/ambienturban_6.ogg	off-scope-or-dup
AudioExpansion	ambient/soundscape/urban/ambienturban_7.ogg	off-scope-or-dup
AudioExpansion	ambient/soundscape/urban/ambienturban_8.ogg	off-scope-or-dup
AudioExpansion	ambient/soundscape/urban/ambienturban_9.ogg	off-scope-or-dup
AudioExpansion	ambient/soundscape/wind/windwhistle1.ogg	off-scope-or-dup
AudioExpansion	ambient/soundscape/wind/windwhistle2.ogg	off-scope-or-dup
AudioExpansion	ambient/soundscape/wind/windwhistle3.ogg	off-scope-or-dup
AudioExpansion	ambient/soundscape/wind/windwhistle4.ogg	off-scope-or-dup
AudioExpansion	ambient/soundscape/wind/windwhistle5.ogg	off-scope-or-dup
AudioExpansion	ambient/soundscape/wind/windwhistle6.ogg	off-scope-or-dup
AudioExpansion	ambient/soundscape/wind/windwhistle7.ogg	off-scope-or-dup
AudioExpansion	ambient/trx/nature/bats/sound_01.ogg	off-scope-or-dup
AudioExpansion	ambient/trx/nature/bats/sound_02.ogg	off-scope-or-dup
AudioExpansion	ambient/trx/nature/bats/sound_03.ogg	off-scope-or-dup
AudioExpansion	ambient/trx/nature/bats/sound_04.ogg	off-scope-or-dup
AudioExpansion	ambient/trx/nature/bats/sound_05.ogg	off-scope-or-dup
AudioExpansion	ambient/trx/nature/bats/sound_06.ogg	off-scope-or-dup
AudioExpansion	ambient/trx/nature/birds/sound_01.ogg	off-scope-or-dup
AudioExpansion	ambient/trx/nature/birds/sound_02.ogg	off-scope-or-dup
AudioExpansion	ambient/trx/nature/birds/sound_03.ogg	off-scope-or-dup
AudioExpansion	ambient/trx/nature/birds/sound_04.ogg	off-scope-or-dup
AudioExpansion	ambient/trx/nature/birds/sound_05.ogg	off-scope-or-dup
AudioExpansion	ambient/trx/nature/birds/sound_06.ogg	off-scope-or-dup
AudioExpansion	ambient/trx/nature/birds/sound_07.ogg	off-scope-or-dup
AudioExpansion	ambient/trx/nature/birds/sound_08.ogg	off-scope-or-dup
AudioExpansion	ambient/trx/nature/birds/sound_09.ogg	off-scope-or-dup
AudioExpansion	ambient/trx/nature/birds/sound_10.ogg	off-scope-or-dup
AudioExpansion	ambient/trx/nature/birds/sound_11.ogg	off-scope-or-dup
AudioExpansion	ambient/trx/nature/birds/sound_12.ogg	off-scope-or-dup
AudioExpansion	ambient/trx/nature/birds/sound_13.ogg	off-scope-or-dup
AudioExpansion	ambient/trx/nature/birds/sound_14.ogg	off-scope-or-dup
AudioExpansion	ambient/trx/nature/birds/sound_15.ogg	off-scope-or-dup
AudioExpansion	ambient/trx/nature/birds/sound_16.ogg	off-scope-or-dup
AudioExpansion	ambient/trx/nature/birds/sound_17.ogg	off-scope-or-dup
AudioExpansion	ambient/trx/nature/birds/sound_18.ogg	off-scope-or-dup
AudioExpansion	ambient/trx/nature/birds/sound_19.ogg	off-scope-or-dup
AudioExpansion	ambient/trx/nature/birds/sound_20.ogg	off-scope-or-dup
AudioExpansion	ambient/trx/nature/birds/sound_21.ogg	off-scope-or-dup
AudioExpansion	ambient/trx/nature/birds/sound_22.ogg	off-scope-or-dup
AudioExpansion	ambient/trx/nature/birds/sound_23.ogg	off-scope-or-dup
AudioExpansion	ambient/trx/nature/birds/sound_24.ogg	off-scope-or-dup
AudioExpansion	ambient/trx/nature/birds/sound_25.ogg	off-scope-or-dup
AudioExpansion	ambient/trx/nature/birds_night/sound_01.ogg	off-scope-or-dup
AudioExpansion	ambient/trx/nature/birds_night/sound_02.ogg	off-scope-or-dup
AudioExpansion	ambient/trx/nature/birds_night/sound_03.ogg	off-scope-or-dup
AudioExpansion	ambient/trx/nature/birds_night/sound_04.ogg	off-scope-or-dup
AudioExpansion	ambient/trx/nature/birds_night/sound_05.ogg	off-scope-or-dup
AudioExpansion	ambient/trx/nature/birds_night/sound_06.ogg	off-scope-or-dup
AudioExpansion	ambient/trx/nature/birds_night/sound_07.ogg	off-scope-or-dup
AudioExpansion	ambient/trx/nature/birds_night/sound_08.ogg	off-scope-or-dup
AudioExpansion	ambient/trx/nature/birds_night/sound_09.ogg	off-scope-or-dup
AudioExpansion	ambient/trx/nature/birds_night/sound_10.ogg	off-scope-or-dup
AudioExpansion	ambient/trx/nature/birds_night/sound_11.ogg	off-scope-or-dup
AudioExpansion	ambient/trx/nature/birds_night/sound_12.ogg	off-scope-or-dup
AudioExpansion	ambient/trx/nature/birds_night/sound_13.ogg	off-scope-or-dup
AudioExpansion	ambient/trx/nature/birds_night/sound_14.ogg	off-scope-or-dup
AudioExpansion	ambient/trx/nature/birds_night/sound_15.ogg	off-scope-or-dup
AudioExpansion	ambient/trx/nature/birds_night/sound_16.ogg	off-scope-or-dup
AudioExpansion	ambient/trx/nature/birds_night/sound_17.ogg	off-scope-or-dup
AudioExpansion	ambient/trx/nature/birds_night/sound_18.ogg	off-scope-or-dup
AudioExpansion	ambient/trx/nature/birds_night/sound_19.ogg	off-scope-or-dup
AudioExpansion	ambient/trx/nature/birds_night/sound_20.ogg	off-scope-or-dup
AudioExpansion	ambient/trx/nature/cricket/sound_01.ogg	off-scope-or-dup
AudioExpansion	ambient/trx/nature/cricket/sound_02.ogg	off-scope-or-dup
AudioExpansion	ambient/trx/nature/cricket/sound_03.ogg	off-scope-or-dup
AudioExpansion	ambient/trx/nature/cricket/sound_04.ogg	off-scope-or-dup
AudioExpansion	ambient/trx/nature/cricket/sound_05.ogg	off-scope-or-dup
AudioExpansion	ambient/trx/nature/cricket/sound_06.ogg	off-scope-or-dup
AudioExpansion	ambient/trx/nature/cricket/sound_07.ogg	off-scope-or-dup
AudioExpansion	ambient/trx/nature/cricket/sound_08.ogg	off-scope-or-dup
AudioExpansion	ambient/trx/nature/cricket/sound_09.ogg	off-scope-or-dup
AudioExpansion	ambient/trx/nature/cricket/sound_10.ogg	off-scope-or-dup
AudioExpansion	ambient/trx/nature/crow/sound_01.ogg	off-scope-or-dup
AudioExpansion	ambient/trx/nature/crow/sound_02.ogg	off-scope-or-dup
AudioExpansion	ambient/trx/nature/crow/sound_03.ogg	off-scope-or-dup
AudioExpansion	ambient/trx/nature/crow/sound_04.ogg	off-scope-or-dup
AudioExpansion	ambient/trx/nature/crow/sound_05.ogg	off-scope-or-dup
AudioExpansion	ambient/trx/nature/crow/sound_06.ogg	off-scope-or-dup
AudioExpansion	ambient/trx/nature/crow/sound_07.ogg	off-scope-or-dup
AudioExpansion	ambient/trx/nature/crow/sound_08.ogg	off-scope-or-dup
AudioExpansion	ambient/trx/nature/crow/sound_09.ogg	off-scope-or-dup
AudioExpansion	ambient/trx/nature/crow/sound_10.ogg	off-scope-or-dup
AudioExpansion	ambient/trx/nature/crow/sound_11.ogg	off-scope-or-dup
AudioExpansion	ambient/trx/nature/crow/sound_12.ogg	off-scope-or-dup
AudioExpansion	ambient/trx/nature/crow/sound_13.ogg	off-scope-or-dup
AudioExpansion	ambient/trx/nature/crow/sound_14.ogg	off-scope-or-dup
AudioExpansion	ambient/trx/nature/crow/sound_15.ogg	off-scope-or-dup
AudioExpansion	ambient/trx/nature/crow/sound_16.ogg	off-scope-or-dup
AudioExpansion	ambient/trx/nature/crow/sound_17.ogg	off-scope-or-dup
AudioExpansion	ambient/trx/nature/crow/sound_18.ogg	off-scope-or-dup
AudioExpansion	ambient/trx/nature/crow/sound_19.ogg	off-scope-or-dup
AudioExpansion	ambient/trx/nature/crow/sound_20.ogg	off-scope-or-dup
AudioExpansion	ambient/trx/nature/crow/sound_21.ogg	off-scope-or-dup
AudioExpansion	ambient/trx/nature/crow/sound_22.ogg	off-scope-or-dup
AudioExpansion	ambient/trx/nature/crow/sound_23.ogg	off-scope-or-dup
AudioExpansion	ambient/trx/nature/crow/sound_24.ogg	off-scope-or-dup
AudioExpansion	ambient/trx/nature/crow/sound_25.ogg	off-scope-or-dup
AudioExpansion	ambient/trx/nature/crow/sound_26.ogg	off-scope-or-dup
AudioExpansion	ambient/trx/nature/crow/sound_27.ogg	off-scope-or-dup
AudioExpansion	ambient/trx/nature/crow/sound_28.ogg	off-scope-or-dup
AudioExpansion	ambient/trx/nature/crow/sound_29.ogg	off-scope-or-dup
AudioExpansion	ambient/trx/nature/crow/sound_30.ogg	off-scope-or-dup
AudioExpansion	ambient/trx/nature/crow/sound_31.ogg	off-scope-or-dup
AudioExpansion	ambient/trx/nature/crow/sound_32.ogg	off-scope-or-dup
AudioExpansion	ambient/trx/nature/crow/sound_33.ogg	off-scope-or-dup
AudioExpansion	ambient/trx/nature/crow/sound_34.ogg	off-scope-or-dup
AudioExpansion	ambient/trx/nature/crow/sound_35.ogg	off-scope-or-dup
AudioExpansion	ambient/trx/nature/crow/sound_36.ogg	off-scope-or-dup
AudioExpansion	ambient/trx/nature/crow/sound_37.ogg	off-scope-or-dup
AudioExpansion	ambient/trx/nature/crow/sound_38.ogg	off-scope-or-dup
AudioExpansion	ambient/trx/nature/crow/sound_39.ogg	off-scope-or-dup
AudioExpansion	ambient/trx/nature/crow/sound_40.ogg	off-scope-or-dup
AudioExpansion	ambient/trx/nature/crow/sound_41.ogg	off-scope-or-dup
AudioExpansion	ambient/trx/nature/crow/sound_42.ogg	off-scope-or-dup
AudioExpansion	ambient/trx/nature/crow/sound_43.ogg	off-scope-or-dup
AudioExpansion	ambient/trx/nature/crow/sound_44.ogg	off-scope-or-dup
AudioExpansion	ambient/trx/nature/crow/sound_45.ogg	off-scope-or-dup
AudioExpansion	ambient/trx/nature/crow/sound_46.ogg	off-scope-or-dup
AudioExpansion	ambient/trx/nature/crow/sound_47.ogg	off-scope-or-dup
AudioExpansion	ambient/trx/nature/crow/sound_48.ogg	off-scope-or-dup
AudioExpansion	ambient/trx/nature/crow/sound_49.ogg	off-scope-or-dup
AudioExpansion	ambient/trx/nature/crow/sound_50.ogg	off-scope-or-dup
AudioExpansion	ambient/trx/nature/crow/sound_51.ogg	off-scope-or-dup
AudioExpansion	ambient/trx/nature/crow/sound_52.ogg	off-scope-or-dup
AudioExpansion	ambient/trx/nature/crow/sound_53.ogg	off-scope-or-dup
AudioExpansion	ambient/trx/nature/crow/sound_54.ogg	off-scope-or-dup
AudioExpansion	ambient/trx/nature/crow/sound_55.ogg	off-scope-or-dup
AudioExpansion	ambient/trx/nature/crow/sound_56.ogg	off-scope-or-dup
AudioExpansion	ambient/trx/nature/crow/sound_57.ogg	off-scope-or-dup
AudioExpansion	ambient/trx/nature/crow/sound_58.ogg	off-scope-or-dup
AudioExpansion	ambient/trx/nature/crow/sound_59.ogg	off-scope-or-dup
AudioExpansion	ambient/trx/nature/crow/sound_60.ogg	off-scope-or-dup
AudioExpansion	ambient/trx/nature/crow/sound_61.ogg	off-scope-or-dup
AudioExpansion	ambient/trx/nature/crow/sound_62.ogg	off-scope-or-dup
AudioExpansion	ambient/trx/nature/crow/sound_63.ogg	off-scope-or-dup
AudioExpansion	ambient/trx/nature/crow/sound_64.ogg	off-scope-or-dup
AudioExpansion	ambient/trx/nature/crow/sound_65.ogg	off-scope-or-dup
AudioExpansion	ambient/trx/nature/crow/sound_66.ogg	off-scope-or-dup
AudioExpansion	ambient/trx/nature/crow/sound_67.ogg	off-scope-or-dup
AudioExpansion	ambient/trx/nature/crow/sound_68.ogg	off-scope-or-dup
AudioExpansion	ambient/trx/nature/crow/sound_69.ogg	off-scope-or-dup
AudioExpansion	ambient/trx/nature/crow/sound_70.ogg	off-scope-or-dup
AudioExpansion	ambient/trx/nature/crow/sound_71.ogg	off-scope-or-dup
AudioExpansion	ambient/trx/nature/crow/sound_72.ogg	off-scope-or-dup
AudioExpansion	ambient/trx/nature/crow/sound_73.ogg	off-scope-or-dup
AudioExpansion	ambient/trx/nature/crow/sound_74.ogg	off-scope-or-dup
AudioExpansion	ambient/trx/nature/crow/sound_75.ogg	off-scope-or-dup
AudioExpansion	ambient/trx/nature/crow/sound_76.ogg	off-scope-or-dup
AudioExpansion	ambient/trx/nature/crow/sound_77.ogg	off-scope-or-dup
AudioExpansion	ambient/trx/nature/crow/sound_78.ogg	off-scope-or-dup
AudioExpansion	ambient/trx/nature/dog/sound_01.ogg	off-scope-or-dup
AudioExpansion	ambient/trx/nature/dog/sound_02.ogg	off-scope-or-dup
AudioExpansion	ambient/trx/nature/dog/sound_03.ogg	off-scope-or-dup
AudioExpansion	ambient/trx/nature/dog/sound_04.ogg	off-scope-or-dup
AudioExpansion	ambient/trx/nature/dog/sound_05.ogg	off-scope-or-dup
AudioExpansion	ambient/trx/nature/dog/sound_06.ogg	off-scope-or-dup
AudioExpansion	ambient/trx/nature/dog/sound_07.ogg	off-scope-or-dup
AudioExpansion	ambient/trx/nature/dog/sound_08.ogg	off-scope-or-dup
AudioExpansion	ambient/trx/nature/dog/sound_09.ogg	off-scope-or-dup
AudioExpansion	ambient/trx/nature/dog/sound_10.ogg	off-scope-or-dup
AudioExpansion	ambient/trx/nature/dog/sound_11.ogg	off-scope-or-dup
AudioExpansion	ambient/trx/nature/dog/sound_12.ogg	off-scope-or-dup
AudioExpansion	ambient/trx/nature/dog/sound_13.ogg	off-scope-or-dup
AudioExpansion	ambient/trx/nature/dog/sound_14.ogg	off-scope-or-dup
AudioExpansion	ambient/trx/nature/dog/sound_15.ogg	off-scope-or-dup
AudioExpansion	ambient/trx/nature/dog/sound_16.ogg	off-scope-or-dup
AudioExpansion	ambient/trx/nature/dog/sound_17.ogg	off-scope-or-dup
AudioExpansion	ambient/trx/nature/dog/sound_18.ogg	off-scope-or-dup
AudioExpansion	ambient/trx/nature/dog/sound_19.ogg	off-scope-or-dup
AudioExpansion	ambient/trx/nature/dog/sound_20.ogg	off-scope-or-dup
AudioExpansion	ambient/trx/nature/dog/sound_21.ogg	off-scope-or-dup
AudioExpansion	ambient/trx/nature/dog/sound_22.ogg	off-scope-or-dup
AudioExpansion	ambient/trx/nature/dog/sound_23.ogg	off-scope-or-dup
AudioExpansion	ambient/trx/nature/dog/sound_24.ogg	off-scope-or-dup
AudioExpansion	ambient/trx/nature/dog/sound_25.ogg	off-scope-or-dup
AudioExpansion	ambient/trx/nature/dog/sound_26.ogg	off-scope-or-dup
AudioExpansion	ambient/trx/nature/dog/sound_27.ogg	off-scope-or-dup
AudioExpansion	ambient/trx/nature/dog/sound_28.ogg	off-scope-or-dup
AudioExpansion	ambient/trx/nature/dog/sound_29.ogg	off-scope-or-dup
AudioExpansion	ambient/trx/nature/dog/sound_30.ogg	off-scope-or-dup
AudioExpansion	ambient/trx/nature/dog/sound_31.ogg	off-scope-or-dup
AudioExpansion	ambient/trx/nature/dog/sound_32.ogg	off-scope-or-dup
AudioExpansion	ambient/trx/nature/dog/sound_33.ogg	off-scope-or-dup
AudioExpansion	ambient/trx/nature/dog/sound_34.ogg	off-scope-or-dup
AudioExpansion	ambient/trx/nature/dog/sound_35.ogg	off-scope-or-dup
AudioExpansion	ambient/trx/nature/dog/sound_36.ogg	off-scope-or-dup
AudioExpansion	ambient/trx/nature/dog/sound_37.ogg	off-scope-or-dup
AudioExpansion	ambient/trx/nature/dog/sound_38.ogg	off-scope-or-dup
AudioExpansion	ambient/trx/nature/dog/sound_39.ogg	off-scope-or-dup
AudioExpansion	ambient/trx/nature/dog/sound_40.ogg	off-scope-or-dup
AudioExpansion	ambient/trx/nature/dog/sound_41.ogg	off-scope-or-dup
AudioExpansion	ambient/trx/nature/dog/sound_42.ogg	off-scope-or-dup
AudioExpansion	ambient/trx/nature/dog/sound_43.ogg	off-scope-or-dup
AudioExpansion	ambient/trx/nature/dog/sound_44.ogg	off-scope-or-dup
AudioExpansion	ambient/trx/nature/dog/sound_45.ogg	off-scope-or-dup
AudioExpansion	ambient/trx/nature/dog/sound_46.ogg	off-scope-or-dup
AudioExpansion	ambient/trx/nature/dog/sound_47.ogg	off-scope-or-dup
AudioExpansion	ambient/trx/nature/dog/sound_48.ogg	off-scope-or-dup
AudioExpansion	ambient/trx/nature/dog/sound_49.ogg	off-scope-or-dup
AudioExpansion	ambient/trx/nature/dog/sound_50.ogg	off-scope-or-dup
AudioExpansion	ambient/trx/nature/dog/sound_51.ogg	off-scope-or-dup
AudioExpansion	ambient/trx/nature/dog/sound_52.ogg	off-scope-or-dup
AudioExpansion	ambient/trx/nature/dog/sound_53.ogg	off-scope-or-dup
AudioExpansion	ambient/trx/nature/dog/sound_54.ogg	off-scope-or-dup
AudioExpansion	ambient/trx/nature/dog/sound_55.ogg	off-scope-or-dup
AudioExpansion	ambient/trx/nature/dog/sound_56.ogg	off-scope-or-dup
AudioExpansion	ambient/trx/nature/dog/sound_57.ogg	off-scope-or-dup
AudioExpansion	ambient/trx/nature/dog/sound_58.ogg	off-scope-or-dup
AudioExpansion	ambient/trx/nature/dog/sound_59.ogg	off-scope-or-dup
AudioExpansion	ambient/trx/nature/dog/sound_60.ogg	off-scope-or-dup
AudioExpansion	ambient/trx/nature/flie/sound_01.ogg	off-scope-or-dup
AudioExpansion	ambient/trx/nature/flie/sound_02.ogg	off-scope-or-dup
AudioExpansion	ambient/trx/nature/flie/sound_03.ogg	off-scope-or-dup
AudioExpansion	ambient/trx/nature/flie/sound_04.ogg	off-scope-or-dup
AudioExpansion	ambient/trx/nature/flie/sound_05.ogg	off-scope-or-dup
AudioExpansion	ambient/trx/nature/flie/sound_06.ogg	off-scope-or-dup
AudioExpansion	ambient/trx/nature/flie/sound_07.ogg	off-scope-or-dup
AudioExpansion	ambient/trx/nature/flie/sound_08.ogg	off-scope-or-dup
AudioExpansion	ambient/trx/nature/flie/sound_09.ogg	off-scope-or-dup
AudioExpansion	ambient/trx/nature/flie/sound_10.ogg	off-scope-or-dup
AudioExpansion	ambient/trx/nature/flie/sound_11.ogg	off-scope-or-dup
AudioExpansion	ambient/trx/nature/flie/sound_12.ogg	off-scope-or-dup
AudioExpansion	ambient/trx/nature/flie/sound_13.ogg	off-scope-or-dup
AudioExpansion	ambient/trx/nature/flie/sound_14.ogg	off-scope-or-dup
AudioExpansion	ambient/trx/nature/flie/sound_15.ogg	off-scope-or-dup
AudioExpansion	ambient/trx/nature/flie/sound_16.ogg	off-scope-or-dup
AudioExpansion	ambient/trx/nature/flie/sound_17.ogg	off-scope-or-dup
AudioExpansion	ambient/trx/nature/flie/sound_18.ogg	off-scope-or-dup
AudioExpansion	ambient/trx/nature/flie/sound_19.ogg	off-scope-or-dup
AudioExpansion	ambient/trx/nature/flie/sound_20.ogg	off-scope-or-dup
AudioExpansion	ambient/trx/nature/flie/sound_21.ogg	off-scope-or-dup
AudioExpansion	ambient/trx/nature/flie/sound_22.ogg	off-scope-or-dup
AudioExpansion	ambient/trx/nature/flie/sound_23.ogg	off-scope-or-dup
AudioExpansion	ambient/trx/nature/flie/sound_24.ogg	off-scope-or-dup
AudioExpansion	ambient/trx/nature/flie/sound_25.ogg	off-scope-or-dup
AudioExpansion	ambient/trx/nature/flie/sound_26.ogg	off-scope-or-dup
AudioExpansion	ambient/trx/nature/flie/sound_27.ogg	off-scope-or-dup
AudioExpansion	ambient/trx/nature/flie/sound_28.ogg	off-scope-or-dup
AudioExpansion	ambient/trx/nature/flie/sound_29.ogg	off-scope-or-dup
AudioExpansion	ambient/trx/nature/flie/sound_30.ogg	off-scope-or-dup
AudioExpansion	ambient/trx/nature/frog_a/sound_01.ogg	off-scope-or-dup
AudioExpansion	ambient/trx/nature/frog_a/sound_02.ogg	off-scope-or-dup
AudioExpansion	ambient/trx/nature/frog_a/sound_03.ogg	off-scope-or-dup
AudioExpansion	ambient/trx/nature/frog_a/sound_04.ogg	off-scope-or-dup
AudioExpansion	ambient/trx/nature/frog_a/sound_05.ogg	off-scope-or-dup
AudioExpansion	ambient/trx/nature/frog_a/sound_06.ogg	off-scope-or-dup
AudioExpansion	ambient/trx/nature/frog_a/sound_07.ogg	off-scope-or-dup
AudioExpansion	ambient/trx/nature/frog_a/sound_08.ogg	off-scope-or-dup
AudioExpansion	ambient/trx/nature/frog_a/sound_09.ogg	off-scope-or-dup
AudioExpansion	ambient/trx/nature/frog_a/sound_10.ogg	off-scope-or-dup
AudioExpansion	ambient/trx/nature/frog_a/sound_11.ogg	off-scope-or-dup
AudioExpansion	ambient/trx/nature/frog_a/sound_12.ogg	off-scope-or-dup
AudioExpansion	ambient/trx/nature/frog_a/sound_13.ogg	off-scope-or-dup
AudioExpansion	ambient/trx/nature/frog_a/sound_14.ogg	off-scope-or-dup
AudioExpansion	ambient/trx/nature/frog_a/sound_15.ogg	off-scope-or-dup
AudioExpansion	ambient/trx/nature/frog_a/sound_16.ogg	off-scope-or-dup
AudioExpansion	ambient/trx/nature/frog_a/sound_17.ogg	off-scope-or-dup
AudioExpansion	ambient/trx/nature/frog_a/sound_18.ogg	off-scope-or-dup
AudioExpansion	ambient/trx/nature/frog_a/sound_19.ogg	off-scope-or-dup
AudioExpansion	ambient/trx/nature/frog_a/sound_20.ogg	off-scope-or-dup
AudioExpansion	ambient/trx/nature/frog_a/sound_21.ogg	off-scope-or-dup
AudioExpansion	ambient/trx/nature/frog_a/sound_22.ogg	off-scope-or-dup
AudioExpansion	ambient/trx/nature/frog_a/sound_23.ogg	off-scope-or-dup
AudioExpansion	ambient/trx/nature/frog_a/sound_24.ogg	off-scope-or-dup
AudioExpansion	ambient/trx/nature/frog_a/sound_25.ogg	off-scope-or-dup
AudioExpansion	ambient/trx/nature/frog_a/sound_26.ogg	off-scope-or-dup
AudioExpansion	ambient/trx/nature/frog_a/sound_27.ogg	off-scope-or-dup
AudioExpansion	ambient/trx/nature/frog_a/sound_28.ogg	off-scope-or-dup
AudioExpansion	ambient/trx/nature/frog_a/sound_29.ogg	off-scope-or-dup
AudioExpansion	ambient/trx/nature/frog_a/sound_30.ogg	off-scope-or-dup
AudioExpansion	ambient/trx/nature/frog_a/sound_31.ogg	off-scope-or-dup
AudioExpansion	ambient/trx/nature/frog_a/sound_32.ogg	off-scope-or-dup
AudioExpansion	ambient/trx/nature/frog_b/sound_01.ogg	off-scope-or-dup
AudioExpansion	ambient/trx/nature/frog_b/sound_02.ogg	off-scope-or-dup
AudioExpansion	ambient/trx/nature/frog_b/sound_03.ogg	off-scope-or-dup
AudioExpansion	ambient/trx/nature/frog_b/sound_04.ogg	off-scope-or-dup
AudioExpansion	ambient/trx/nature/frog_b/sound_05.ogg	off-scope-or-dup
AudioExpansion	ambient/trx/nature/frog_b/sound_06.ogg	off-scope-or-dup
AudioExpansion	ambient/trx/nature/frog_b/sound_07.ogg	off-scope-or-dup
AudioExpansion	ambient/trx/nature/frog_b/sound_08.ogg	off-scope-or-dup
AudioExpansion	ambient/trx/nature/frog_b/sound_09.ogg	off-scope-or-dup
AudioExpansion	ambient/trx/nature/frog_b/sound_10.ogg	off-scope-or-dup
AudioExpansion	ambient/trx/nature/frog_b/sound_11.ogg	off-scope-or-dup
AudioExpansion	ambient/trx/nature/frog_b/sound_12.ogg	off-scope-or-dup
AudioExpansion	ambient/trx/nature/frog_b/sound_13.ogg	off-scope-or-dup
AudioExpansion	ambient/trx/nature/frog_b/sound_14.ogg	off-scope-or-dup
AudioExpansion	ambient/trx/nature/frog_b/sound_15.ogg	off-scope-or-dup
AudioExpansion	ambient/trx/nature/frog_b/sound_16.ogg	off-scope-or-dup
AudioExpansion	ambient/trx/nature/frog_b/sound_17.ogg	off-scope-or-dup
AudioExpansion	ambient/trx/nature/frog_b/sound_18.ogg	off-scope-or-dup
AudioExpansion	ambient/trx/nature/frog_b/sound_19.ogg	off-scope-or-dup
AudioExpansion	ambient/trx/nature/frog_b/sound_20.ogg	off-scope-or-dup
AudioExpansion	ambient/trx/nature/frog_b/sound_21.ogg	off-scope-or-dup
AudioExpansion	ambient/trx/nature/frog_b/sound_22.ogg	off-scope-or-dup
AudioExpansion	ambient/trx/nature/frog_b/sound_23.ogg	off-scope-or-dup
AudioExpansion	ambient/trx/nature/frog_b/sound_24.ogg	off-scope-or-dup
AudioExpansion	ambient/trx/nature/frog_c/sound_01.ogg	off-scope-or-dup
AudioExpansion	ambient/trx/nature/frog_c/sound_02.ogg	off-scope-or-dup
AudioExpansion	ambient/trx/nature/frog_c/sound_03.ogg	off-scope-or-dup
AudioExpansion	ambient/trx/nature/frog_c/sound_04.ogg	off-scope-or-dup
AudioExpansion	ambient/trx/nature/frog_c/sound_05.ogg	off-scope-or-dup
AudioExpansion	ambient/trx/nature/frog_c/sound_06.ogg	off-scope-or-dup
AudioExpansion	ambient/trx/nature/frog_c/sound_07.ogg	off-scope-or-dup
AudioExpansion	ambient/trx/nature/frog_c/sound_08.ogg	off-scope-or-dup
AudioExpansion	ambient/trx/nature/frog_c/sound_09.ogg	off-scope-or-dup
AudioExpansion	ambient/trx/nature/frog_c/sound_10.ogg	off-scope-or-dup
AudioExpansion	ambient/trx/nature/frog_c/sound_11.ogg	off-scope-or-dup
AudioExpansion	ambient/trx/nature/frog_c/sound_12.ogg	off-scope-or-dup
AudioExpansion	ambient/trx/nature/frog_c/sound_13.ogg	off-scope-or-dup
AudioExpansion	ambient/trx/nature/frog_c/sound_14.ogg	off-scope-or-dup
AudioExpansion	ambient/trx/nature/frog_c/sound_15.ogg	off-scope-or-dup
AudioExpansion	ambient/trx/nature/frog_c/sound_16.ogg	off-scope-or-dup
AudioExpansion	ambient/trx/nature/frog_c/sound_17.ogg	off-scope-or-dup
AudioExpansion	ambient/trx/nature/frog_c/sound_18.ogg	off-scope-or-dup
AudioExpansion	ambient/trx/nature/frog_c/sound_19.ogg	off-scope-or-dup
AudioExpansion	ambient/trx/nature/frog_c/sound_20.ogg	off-scope-or-dup
AudioExpansion	ambient/trx/nature/frog_c/sound_21.ogg	off-scope-or-dup
AudioExpansion	ambient/trx/nature/frog_c/sound_22.ogg	off-scope-or-dup
AudioExpansion	ambient/trx/nature/frog_c/sound_23.ogg	off-scope-or-dup
AudioExpansion	ambient/trx/nature/frog_c/sound_24.ogg	off-scope-or-dup
AudioExpansion	ambient/trx/nature/frog_c/sound_25.ogg	off-scope-or-dup
AudioExpansion	ambient/trx/nature/frog_c/sound_26.ogg	off-scope-or-dup
AudioExpansion	ambient/trx/nature/frog_c/sound_27.ogg	off-scope-or-dup
AudioExpansion	ambient/trx/nature/frog_c/sound_28.ogg	off-scope-or-dup
AudioExpansion	ambient/trx/nature/frog_c/sound_29.ogg	off-scope-or-dup
AudioExpansion	ambient/trx/nature/frog_c/sound_30.ogg	off-scope-or-dup
AudioExpansion	ambient/trx/nature/frog_c/sound_31.ogg	off-scope-or-dup
AudioExpansion	ambient/trx/nature/insect/sound_01.ogg	off-scope-or-dup
AudioExpansion	ambient/trx/nature/insect/sound_02.ogg	off-scope-or-dup
AudioExpansion	ambient/trx/nature/insect/sound_03.ogg	off-scope-or-dup
AudioExpansion	ambient/trx/nature/insect/sound_04.ogg	off-scope-or-dup
AudioExpansion	ambient/trx/nature/insect/sound_05.ogg	off-scope-or-dup
AudioExpansion	ambient/trx/nature/insect/sound_06.ogg	off-scope-or-dup
AudioExpansion	ambient/trx/nature/insect/sound_07.ogg	off-scope-or-dup
AudioExpansion	ambient/trx/nature/insect/sound_08.ogg	off-scope-or-dup
AudioExpansion	ambient/trx/nature/insect/sound_09.ogg	off-scope-or-dup
AudioExpansion	ambient/trx/nature/insect/sound_10.ogg	off-scope-or-dup
AudioExpansion	ambient/trx/nature/insect/sound_11.ogg	off-scope-or-dup
AudioExpansion	ambient/trx/nature/insect/sound_12.ogg	off-scope-or-dup
AudioExpansion	ambient/trx/nature/insect/sound_13.ogg	off-scope-or-dup
AudioExpansion	ambient/trx/nature/insect/sound_14.ogg	off-scope-or-dup
AudioExpansion	ambient/trx/nature/insect/sound_15.ogg	off-scope-or-dup
AudioExpansion	ambient/trx/nature/insect/sound_16.ogg	off-scope-or-dup
AudioExpansion	ambient/trx/nature/insect/sound_17.ogg	off-scope-or-dup
AudioExpansion	ambient/trx/nature/insect/sound_18.ogg	off-scope-or-dup
AudioExpansion	ambient/trx/nature/insect/sound_19.ogg	off-scope-or-dup
AudioExpansion	ambient/trx/nature/insect/sound_20.ogg	off-scope-or-dup
AudioExpansion	ambient/trx/nature/insect/sound_21.ogg	off-scope-or-dup
AudioExpansion	ambient/trx/nature/insect/sound_22.ogg	off-scope-or-dup
AudioExpansion	ambient/trx/nature/insect/sound_23.ogg	off-scope-or-dup
AudioExpansion	ambient/trx/nature/insect/sound_24.ogg	off-scope-or-dup
AudioExpansion	ambient/trx/nature/insect/sound_25.ogg	off-scope-or-dup
AudioExpansion	ambient/trx/nature/insect/sound_26.ogg	off-scope-or-dup
AudioExpansion	ambient/trx/nature/insect/sound_27.ogg	off-scope-or-dup
AudioExpansion	ambient/trx/nature/insect_day_long/sound_01.ogg	off-scope-or-dup
AudioExpansion	ambient/trx/nature/insect_day_long/sound_02.ogg	off-scope-or-dup
AudioExpansion	ambient/trx/nature/insect_day_long/sound_03.ogg	off-scope-or-dup
AudioExpansion	ambient/trx/nature/insect_day_long/sound_04.ogg	off-scope-or-dup
AudioExpansion	ambient/trx/nature/insect_day_long/sound_05.ogg	off-scope-or-dup
AudioExpansion	ambient/trx/nature/insect_day_long/sound_06.ogg	off-scope-or-dup
AudioExpansion	ambient/trx/nature/insect_day_long/sound_07.ogg	off-scope-or-dup
AudioExpansion	ambient/trx/nature/insect_day_long/sound_08.ogg	off-scope-or-dup
AudioExpansion	ambient/trx/nature/insect_day_long/sound_09.ogg	off-scope-or-dup
AudioExpansion	ambient/trx/nature/insect_day_long/sound_10.ogg	off-scope-or-dup
AudioExpansion	ambient/trx/nature/insect_day_long/sound_11.ogg	off-scope-or-dup
AudioExpansion	ambient/trx/nature/insect_day_long/sound_12.ogg	off-scope-or-dup
AudioExpansion	ambient/trx/nature/insect_day_long/sound_13.ogg	off-scope-or-dup
AudioExpansion	ambient/trx/nature/insect_day_long/sound_14.ogg	off-scope-or-dup
AudioExpansion	ambient/trx/nature/insect_day_long/sound_15.ogg	off-scope-or-dup
AudioExpansion	ambient/trx/nature/insect_day_long/sound_16.ogg	off-scope-or-dup
AudioExpansion	ambient/trx/nature/insect_day_long/sound_17.ogg	off-scope-or-dup
AudioExpansion	ambient/trx/nature/insect_day_long/sound_18.ogg	off-scope-or-dup
AudioExpansion	ambient/trx/nature/insect_day_long/sound_19.ogg	off-scope-or-dup
AudioExpansion	ambient/trx/nature/insect_day_long/sound_20.ogg	off-scope-or-dup
AudioExpansion	ambient/trx/nature/insect_day_long/sound_21.ogg	off-scope-or-dup
AudioExpansion	ambient/trx/nature/insect_day_long/sound_22.ogg	off-scope-or-dup
AudioExpansion	ambient/trx/nature/insect_day_long/sound_23.ogg	off-scope-or-dup
AudioExpansion	ambient/trx/nature/insect_evening_long/sound_01.ogg	off-scope-or-dup
AudioExpansion	ambient/trx/nature/insect_evening_long/sound_02.ogg	off-scope-or-dup
AudioExpansion	ambient/trx/nature/insect_evening_long/sound_03.ogg	off-scope-or-dup
AudioExpansion	ambient/trx/nature/insect_evening_long/sound_04.ogg	off-scope-or-dup
AudioExpansion	ambient/trx/nature/insect_evening_long/sound_05.ogg	off-scope-or-dup
AudioExpansion	ambient/trx/nature/insect_evening_long/sound_06.ogg	off-scope-or-dup
AudioExpansion	ambient/trx/nature/insect_evening_long/sound_07.ogg	off-scope-or-dup
AudioExpansion	ambient/trx/nature/insect_evening_long/sound_08.ogg	off-scope-or-dup
AudioExpansion	ambient/trx/nature/insect_evening_long/sound_09.ogg	off-scope-or-dup
AudioExpansion	ambient/trx/nature/insect_evening_long/sound_10.ogg	off-scope-or-dup
AudioExpansion	ambient/trx/nature/insect_evening_long/sound_11.ogg	off-scope-or-dup
AudioExpansion	ambient/trx/nature/insect_evening_long/sound_12.ogg	off-scope-or-dup
AudioExpansion	ambient/trx/nature/insect_evening_long/sound_13.ogg	off-scope-or-dup
AudioExpansion	ambient/trx/nature/insect_evening_long/sound_14.ogg	off-scope-or-dup
AudioExpansion	ambient/trx/nature/insect_evening_long/sound_15.ogg	off-scope-or-dup
AudioExpansion	ambient/trx/nature/insect_evening_long/sound_16.ogg	off-scope-or-dup
AudioExpansion	ambient/trx/nature/insect_evening_long/sound_17.ogg	off-scope-or-dup
AudioExpansion	ambient/trx/nature/insect_evening_long/sound_18.ogg	off-scope-or-dup
AudioExpansion	ambient/trx/nature/insect_evening_long/sound_19.ogg	off-scope-or-dup
AudioExpansion	ambient/trx/nature/insect_evening_long/sound_20.ogg	off-scope-or-dup
AudioExpansion	ambient/trx/nature/insect_evening_long/sound_21.ogg	off-scope-or-dup
AudioExpansion	ambient/trx/nature/insect_morning/sound_01.ogg	off-scope-or-dup
AudioExpansion	ambient/trx/nature/insect_morning/sound_02.ogg	off-scope-or-dup
AudioExpansion	ambient/trx/nature/insect_morning/sound_03.ogg	off-scope-or-dup
AudioExpansion	ambient/trx/nature/insect_morning/sound_04.ogg	off-scope-or-dup
AudioExpansion	ambient/trx/nature/insect_morning/sound_05.ogg	off-scope-or-dup
AudioExpansion	ambient/trx/nature/insect_morning/sound_06.ogg	off-scope-or-dup
AudioExpansion	ambient/trx/nature/insect_morning/sound_07.ogg	off-scope-or-dup
AudioExpansion	ambient/trx/nature/insect_morning/sound_08.ogg	off-scope-or-dup
AudioExpansion	ambient/trx/nature/insect_morning/sound_09.ogg	off-scope-or-dup
AudioExpansion	ambient/trx/nature/insect_night/sound_01.ogg	off-scope-or-dup
AudioExpansion	ambient/trx/nature/insect_night/sound_02.ogg	off-scope-or-dup
AudioExpansion	ambient/trx/nature/insect_night/sound_03.ogg	off-scope-or-dup
AudioExpansion	ambient/trx/nature/insect_night/sound_04.ogg	off-scope-or-dup
AudioExpansion	ambient/trx/nature/insect_night/sound_05.ogg	off-scope-or-dup
AudioExpansion	ambient/trx/nature/insect_night/sound_06.ogg	off-scope-or-dup
AudioExpansion	ambient/trx/nature/insect_night/sound_07.ogg	off-scope-or-dup
AudioExpansion	ambient/trx/nature/insect_night/sound_08.ogg	off-scope-or-dup
AudioExpansion	ambient/trx/nature/insect_night/sound_09.ogg	off-scope-or-dup
AudioExpansion	ambient/trx/nature/insect_night/sound_10.ogg	off-scope-or-dup
AudioExpansion	ambient/trx/nature/insect_night/sound_11.ogg	off-scope-or-dup
AudioExpansion	ambient/trx/nature/insect_night/sound_12.ogg	off-scope-or-dup
AudioExpansion	ambient/trx/nature/insect_night/sound_13.ogg	off-scope-or-dup
AudioExpansion	ambient/trx/nature/insect_night/sound_14.ogg	off-scope-or-dup
AudioExpansion	ambient/trx/nature/insect_night/sound_15.ogg	off-scope-or-dup
AudioExpansion	ambient/trx/nature/insect_night/sound_16.ogg	off-scope-or-dup
AudioExpansion	ambient/trx/nature/insect_night/sound_17.ogg	off-scope-or-dup
AudioExpansion	ambient/trx/nature/insect_night/sound_18.ogg	off-scope-or-dup
AudioExpansion	ambient/trx/nature/insect_night/sound_19.ogg	off-scope-or-dup
AudioExpansion	ambient/trx/nature/insect_night/sound_20.ogg	off-scope-or-dup
AudioExpansion	ambient/trx/nature/insect_night/sound_21.ogg	off-scope-or-dup
AudioExpansion	ambient/trx/nature/insect_night/sound_22.ogg	off-scope-or-dup
AudioExpansion	ambient/trx/nature/insect_night/sound_23.ogg	off-scope-or-dup
AudioExpansion	ambient/trx/nature/insect_night/sound_24.ogg	off-scope-or-dup
AudioExpansion	ambient/trx/nature/insect_night/sound_25.ogg	off-scope-or-dup
AudioExpansion	ambient/trx/nature/insect_night/sound_26.ogg	off-scope-or-dup
AudioExpansion	ambient/trx/nature/insect_night/sound_27.ogg	off-scope-or-dup
AudioExpansion	ambient/trx/nature/insect_night/sound_28.ogg	off-scope-or-dup
AudioExpansion	ambient/trx/nature/insect_night/sound_29.ogg	off-scope-or-dup
AudioExpansion	ambient/trx/nature/insect_night/sound_30.ogg	off-scope-or-dup
AudioExpansion	ambient/trx/nature/insect_night/sound_31.ogg	off-scope-or-dup
AudioExpansion	ambient/trx/nature/insect_night/sound_32.ogg	off-scope-or-dup
AudioExpansion	ambient/trx/nature/insect_night/sound_33.ogg	off-scope-or-dup
AudioExpansion	ambient/trx/nature/insect_night/sound_34.ogg	off-scope-or-dup
AudioExpansion	ambient/trx/nature/insect_night/sound_36.ogg	off-scope-or-dup
AudioExpansion	ambient/trx/nature/insect_night/sound_37.ogg	off-scope-or-dup
AudioExpansion	ambient/trx/nature/insect_night/sound_38.ogg	off-scope-or-dup
AudioExpansion	ambient/trx/nature/insect_night/sound_39.ogg	off-scope-or-dup
AudioExpansion	ambient/trx/nature/insect_night/sound_40.ogg	off-scope-or-dup
AudioExpansion	ambient/trx/nature/insect_night/sound_41.ogg	off-scope-or-dup
AudioExpansion	ambient/trx/nature/insect_night/sound_42.ogg	off-scope-or-dup
AudioExpansion	ambient/trx/nature/insect_night/sound_43.ogg	off-scope-or-dup
AudioExpansion	ambient/trx/nature/insect_swamp_day/sound_01.ogg	off-scope-or-dup
AudioExpansion	ambient/trx/nature/insect_swamp_day/sound_02.ogg	off-scope-or-dup
AudioExpansion	ambient/trx/nature/insect_swamp_day/sound_03.ogg	off-scope-or-dup
AudioExpansion	ambient/trx/nature/insect_swamp_day/sound_04.ogg	off-scope-or-dup
AudioExpansion	ambient/trx/nature/insect_swamp_day/sound_05.ogg	off-scope-or-dup
AudioExpansion	ambient/trx/nature/insect_swamp_day/sound_06.ogg	off-scope-or-dup
AudioExpansion	ambient/trx/nature/insect_swamp_day/sound_07.ogg	off-scope-or-dup
AudioExpansion	ambient/trx/nature/insect_swamp_day/sound_08.ogg	off-scope-or-dup
AudioExpansion	ambient/trx/nature/insect_swamp_day/sound_09.ogg	off-scope-or-dup
AudioExpansion	ambient/trx/nature/insect_swamp_day/sound_10.ogg	off-scope-or-dup
AudioExpansion	ambient/trx/nature/insect_swamp_day/sound_11.ogg	off-scope-or-dup
AudioExpansion	ambient/trx/nature/insect_swamp_day/sound_12.ogg	off-scope-or-dup
AudioExpansion	ambient/trx/nature/insect_swamp_day/sound_13.ogg	off-scope-or-dup
AudioExpansion	ambient/trx/nature/insect_swamp_day/sound_14.ogg	off-scope-or-dup
AudioExpansion	ambient/trx/nature/insect_swamp_day/sound_15.ogg	off-scope-or-dup
AudioExpansion	ambient/trx/nature/insect_swamp_day/sound_16.ogg	off-scope-or-dup
AudioExpansion	ambient/trx/nature/insect_swamp_day/sound_17.ogg	off-scope-or-dup
AudioExpansion	ambient/trx/nature/insect_swamp_day/sound_18.ogg	off-scope-or-dup
AudioExpansion	ambient/trx/nature/insect_swamp_day/sound_19.ogg	off-scope-or-dup
AudioExpansion	ambient/trx/nature/insect_swamp_day/sound_20.ogg	off-scope-or-dup
AudioExpansion	ambient/trx/nature/insect_swamp_day/sound_21.ogg	off-scope-or-dup
AudioExpansion	ambient/trx/nature/insect_swamp_day/sound_22.ogg	off-scope-or-dup
AudioExpansion	ambient/trx/nature/insect_swamp_day/sound_23.ogg	off-scope-or-dup
AudioExpansion	ambient/trx/nature/insect_swamp_day/sound_24.ogg	off-scope-or-dup
AudioExpansion	ambient/trx/nature/insect_swamp_day/sound_25.ogg	off-scope-or-dup
AudioExpansion	ambient/trx/nature/insect_swamp_day/sound_26.ogg	off-scope-or-dup
AudioExpansion	ambient/trx/nature/insect_swamp_day/sound_27.ogg	off-scope-or-dup
AudioExpansion	ambient/trx/nature/insect_swamp_day/sound_28.ogg	off-scope-or-dup
AudioExpansion	ambient/trx/nature/insect_swamp_day/sound_29.ogg	off-scope-or-dup
AudioExpansion	ambient/trx/nature/insect_swamp_day/sound_30.ogg	off-scope-or-dup
AudioExpansion	ambient/trx/nature/insect_swamp_day/sound_31.ogg	off-scope-or-dup
AudioExpansion	ambient/trx/nature/insect_swamp_day/sound_32.ogg	off-scope-or-dup
AudioExpansion	ambient/trx/nature/insect_swamp_day/sound_33.ogg	off-scope-or-dup
AudioExpansion	ambient/trx/nature/insect_swamp_day/sound_34.ogg	off-scope-or-dup
AudioExpansion	ambient/trx/nature/insect_swamp_day/sound_35.ogg	off-scope-or-dup
AudioExpansion	ambient/trx/nature/insect_swamp_night/sound_01.ogg	off-scope-or-dup
AudioExpansion	ambient/trx/nature/insect_swamp_night/sound_02.ogg	off-scope-or-dup
AudioExpansion	ambient/trx/nature/insect_swamp_night/sound_03.ogg	off-scope-or-dup
AudioExpansion	ambient/trx/nature/insect_swamp_night/sound_04.ogg	off-scope-or-dup
AudioExpansion	ambient/trx/nature/insect_swamp_night/sound_05.ogg	off-scope-or-dup
AudioExpansion	ambient/trx/nature/insect_swamp_night/sound_06.ogg	off-scope-or-dup
AudioExpansion	ambient/trx/nature/insect_swamp_night/sound_07.ogg	off-scope-or-dup
AudioExpansion	ambient/trx/nature/insect_swamp_night/sound_08.ogg	off-scope-or-dup
AudioExpansion	ambient/trx/nature/insect_swamp_night/sound_09.ogg	off-scope-or-dup
AudioExpansion	ambient/trx/nature/insect_swamp_night/sound_10.ogg	off-scope-or-dup
AudioExpansion	ambient/trx/nature/owl/bak/sound_01.ogg	off-scope-or-dup
AudioExpansion	ambient/trx/nature/owl/bak/sound_02.ogg	off-scope-or-dup
AudioExpansion	ambient/trx/nature/owl/bak/sound_03.ogg	off-scope-or-dup
AudioExpansion	ambient/trx/nature/owl/bak/sound_04.ogg	off-scope-or-dup
AudioExpansion	ambient/trx/nature/owl/bak/sound_05.ogg	off-scope-or-dup
AudioExpansion	ambient/trx/nature/owl/bak/sound_06.ogg	off-scope-or-dup
AudioExpansion	ambient/trx/nature/owl/bak/sound_07.ogg	off-scope-or-dup
AudioExpansion	ambient/trx/nature/owl/bak/sound_08.ogg	off-scope-or-dup
AudioExpansion	ambient/trx/nature/owl/bak/sound_09.ogg	off-scope-or-dup
AudioExpansion	ambient/trx/nature/owl/bak/sound_10.ogg	off-scope-or-dup
AudioExpansion	ambient/trx/nature/owl/bak/sound_11.ogg	off-scope-or-dup
AudioExpansion	ambient/trx/nature/owl/bak/sound_12.ogg	SILENCE-excluded
AudioExpansion	ambient/trx/nature/owl/bak/sound_13.ogg	SILENCE-excluded
AudioExpansion	ambient/trx/nature/owl/bak/sound_14.ogg	off-scope-or-dup
AudioExpansion	ambient/trx/nature/owl/sound_01.ogg	off-scope-or-dup
AudioExpansion	ambient/trx/nature/owl/sound_02.ogg	off-scope-or-dup
AudioExpansion	ambient/trx/nature/owl/sound_03.ogg	off-scope-or-dup
AudioExpansion	ambient/trx/nature/owl/sound_04.ogg	off-scope-or-dup
AudioExpansion	ambient/trx/nature/owl/sound_05.ogg	off-scope-or-dup
AudioExpansion	ambient/trx/nature/owl/sound_06.ogg	off-scope-or-dup
AudioExpansion	ambient/trx/nature/owl/sound_07.ogg	off-scope-or-dup
AudioExpansion	ambient/trx/nature/owl/sound_08.ogg	off-scope-or-dup
AudioExpansion	ambient/trx/nature/owl/sound_09.ogg	off-scope-or-dup
AudioExpansion	ambient/trx/nature/owl/sound_10.ogg	off-scope-or-dup
AudioExpansion	ambient/trx/nature/owl/sound_11.ogg	off-scope-or-dup
AudioExpansion	ambient/trx/nature/owl/sound_12.ogg	off-scope-or-dup
AudioExpansion	ambient/trx/nature/owl/sound_13.ogg	off-scope-or-dup
AudioExpansion	ambient/trx/nature/owl/sound_14.ogg	off-scope-or-dup
AudioExpansion	ambient/trx/nature/rustle/sound_01.ogg	off-scope-or-dup
AudioExpansion	ambient/trx/nature/rustle/sound_02.ogg	off-scope-or-dup
AudioExpansion	ambient/trx/nature/rustle/sound_03.ogg	off-scope-or-dup
AudioExpansion	ambient/trx/nature/rustle/sound_04.ogg	off-scope-or-dup
AudioExpansion	ambient/trx/nature/rustle/sound_05.ogg	off-scope-or-dup
AudioExpansion	ambient/trx/nature/rustle/sound_06.ogg	off-scope-or-dup
AudioExpansion	ambient/trx/nature/rustle/sound_07.ogg	off-scope-or-dup
AudioExpansion	ambient/trx/nature/rustle/sound_08.ogg	off-scope-or-dup
AudioExpansion	ambient/trx/nature/rustle/sound_09.ogg	off-scope-or-dup
AudioExpansion	ambient/trx/nature/rustle/sound_10.ogg	off-scope-or-dup
AudioExpansion	ambient/trx/nature/rustle/sound_11.ogg	off-scope-or-dup
AudioExpansion	ambient/trx/nature/storm/sound_01.ogg	HELD-loop-surplus
AudioExpansion	ambient/trx/nature/storm/sound_02.ogg	HELD-loop-surplus
AudioExpansion	ambient/trx/nature/storm/sound_03.ogg	USED-shipped
AudioExpansion	ambient/trx/nature/storm/sound_04.ogg	USED-shipped
AudioExpansion	ambient/trx/nature/storm/sound_05.ogg	USED-shipped
AudioExpansion	ambient/trx/nature/storm/sound_06.ogg	USED-shipped
AudioExpansion	ambient/trx/nature/storm/sound_07.ogg	USED-shipped
AudioExpansion	ambient/trx/nature/storm/sound_09.ogg	HELD-loop-surplus
AudioExpansion	ambient/trx/nature/storm/sound_10.ogg	HELD-loop-surplus
AudioExpansion	ambient/trx/nature/storm/sound_15.ogg	USED-shipped
AudioExpansion	ambient/trx/nature/storm/sound_17.ogg	USED-shipped
AudioExpansion	ambient/trx/nature/storm/sound_18.ogg	USED-shipped
AudioExpansion	ambient/trx/nature/storm/sound_19.ogg	HELD-loop-surplus
AudioExpansion	ambient/trx/nature/storm/sound_20.ogg	USED-shipped
AudioExpansion	ambient/trx/nature/storm/sound_21.ogg	HELD-loop-surplus
AudioExpansion	ambient/trx/nature/storm/sound_22.ogg	USED-shipped
AudioExpansion	ambient/trx/nature/storm/sound_23.ogg	INTRA-DUP-excluded
AudioExpansion	ambient/trx/nature/storm/sound_24.ogg	INTRA-DUP-excluded
AudioExpansion	ambient/trx/nature/storm/sound_25.ogg	USED-shipped
AudioExpansion	ambient/trx/nature/whispers/sound_01.ogg	USED-shipped
AudioExpansion	ambient/trx/nature/whispers/sound_02.ogg	USED-shipped
AudioExpansion	ambient/trx/nature/whispers/sound_03.ogg	USED-shipped
AudioExpansion	ambient/trx/nature/whispers/sound_04.ogg	USED-shipped
AudioExpansion	ambient/trx/nature/whispers/sound_05.ogg	USED-shipped
AudioExpansion	ambient/trx/nature/whispers/sound_06.ogg	USED-shipped
AudioExpansion	ambient/trx/nature/whispers/sound_07.ogg	USED-shipped
AudioExpansion	ambient/trx/nature/whispers/sound_08.ogg	USED-shipped
AudioExpansion	ambient/trx/nature/whispers/sound_09.ogg	USED-shipped
AudioExpansion	ambient/trx/nature/whispers/sound_10.ogg	USED-shipped
AudioExpansion	ambient/trx/nature/whispers/sound_11.ogg	USED-shipped
AudioExpansion	ambient/trx/nature/whispers/sound_12.ogg	USED-shipped
AudioExpansion	ambient/trx/nature/whispers/sound_13.ogg	USED-shipped
AudioExpansion	ambient/trx/nature/whispers/sound_14.ogg	USED-shipped
AudioExpansion	ambient/trx/nature/whispers/sound_15.ogg	USED-shipped
AudioExpansion	ambient/trx/nature/wind_dark/sound_01.ogg	HELD-loop-surplus
AudioExpansion	ambient/trx/nature/wind_dark/sound_02.ogg	HELD-loop-surplus
AudioExpansion	ambient/trx/nature/wind_dark/sound_03.ogg	HELD-loop-surplus
AudioExpansion	ambient/trx/nature/wind_dark/sound_04.ogg	HELD-loop-surplus
AudioExpansion	ambient/trx/nature/wind_dark/sound_05.ogg	HELD-loop-surplus
AudioExpansion	ambient/trx/nature/wind_forest/sound_01.ogg	off-scope-or-dup
AudioExpansion	ambient/trx/nature/wind_forest/sound_02.ogg	off-scope-or-dup
AudioExpansion	ambient/trx/nature/wind_forest/sound_03.ogg	off-scope-or-dup
AudioExpansion	ambient/trx/nature/wind_forest/sound_04.ogg	SILENCE-excluded
AudioExpansion	ambient/trx/nature/wind_forest/sound_05.ogg	off-scope-or-dup
AudioExpansion	ambient/trx/nature/wind_forest/sound_06.ogg	SILENCE-excluded
AudioExpansion	ambient/trx/nature/wind_gust/sound_01.ogg	off-scope-or-dup
AudioExpansion	ambient/trx/nature/wind_gust/sound_02.ogg	off-scope-or-dup
AudioExpansion	ambient/trx/nature/wind_gust/sound_03.ogg	off-scope-or-dup
AudioExpansion	ambient/trx/nature/wind_gust/sound_04.ogg	off-scope-or-dup
AudioExpansion	ambient/trx/nature/wind_gust/sound_05.ogg	off-scope-or-dup
AudioExpansion	ambient/trx/nature/wind_gust/sound_06.ogg	off-scope-or-dup
AudioExpansion	ambient/trx/nature/wind_gust/sound_07.ogg	off-scope-or-dup
AudioExpansion	ambient/trx/nature/wind_gust/sound_08.ogg	off-scope-or-dup
AudioExpansion	ambient/trx/nature/wind_gust/sound_09.ogg	off-scope-or-dup
AudioExpansion	ambient/trx/nature/wind_gust/sound_10.ogg	off-scope-or-dup
AudioExpansion	ambient/trx/nature/wind_gust/sound_11.ogg	off-scope-or-dup
AudioExpansion	ambient/trx/nature/wind_gust/sound_12.ogg	off-scope-or-dup
AudioExpansion	ambient/trx/nature/wind_gust/sound_13.ogg	off-scope-or-dup
AudioExpansion	ambient/trx/nature/wind_gust/sound_14.ogg	off-scope-or-dup
AudioExpansion	ambient/trx/nature/wind_gust/sound_20.ogg	off-scope-or-dup
AudioExpansion	ambient/trx/nature/wind_gust/sound_22.ogg	off-scope-or-dup
AudioExpansion	ambient/trx/nature/wind_heavy/sound_01.ogg	off-scope-or-dup
AudioExpansion	ambient/trx/nature/wind_heavy/sound_02.ogg	off-scope-or-dup
AudioExpansion	ambient/trx/nature/wind_heavy/sound_03.ogg	off-scope-or-dup
AudioExpansion	ambient/trx/nature/wind_heavy/sound_04.ogg	off-scope-or-dup
AudioExpansion	ambient/trx/nature/wind_heavy/sound_05.ogg	off-scope-or-dup
AudioExpansion	ambient/trx/nature/wind_heavy/sound_06.ogg	off-scope-or-dup
AudioExpansion	ambient/trx/nature/wind_heavy/sound_07.ogg	off-scope-or-dup
AudioExpansion	ambient/trx/nature/wind_heavy/sound_08.ogg	off-scope-or-dup
AudioExpansion	ambient/trx/nature/wind_heavy/sound_09.ogg	off-scope-or-dup
AudioExpansion	ambient/trx/nature/wind_heavy/sound_10.ogg	off-scope-or-dup
AudioExpansion	ambient/trx/nature/wind_heavy/sound_11.ogg	off-scope-or-dup
AudioExpansion	ambient/trx/nature/wind_heavy/sound_12.ogg	off-scope-or-dup
AudioExpansion	ambient/trx/nature/wind_normal/sound_01.ogg	off-scope-or-dup
AudioExpansion	ambient/trx/nature/wind_normal/sound_02.ogg	off-scope-or-dup
AudioExpansion	ambient/trx/nature/wind_normal/sound_03.ogg	off-scope-or-dup
AudioExpansion	ambient/trx/nature/wind_normal/sound_04.ogg	off-scope-or-dup
AudioExpansion	ambient/trx/nature/wind_normal/sound_05.ogg	off-scope-or-dup
AudioExpansion	ambient/trx/nature/wind_normal/sound_06.ogg	off-scope-or-dup
AudioExpansion	ambient/trx/nature/wind_normal/sound_07.ogg	off-scope-or-dup
AudioExpansion	ambient/trx/nature/wind_normal/sound_08.ogg	off-scope-or-dup
AudioExpansion	ambient/trx/nature/wind_normal/sound_09.ogg	off-scope-or-dup
AudioExpansion	ambient/trx/nature/wind_normal/sound_10.ogg	off-scope-or-dup
AudioExpansion	ambient/trx/nature/wind_normal/sound_11.ogg	off-scope-or-dup
AudioExpansion	ambient/trx/nature/wind_normal/sound_12.ogg	off-scope-or-dup
AudioExpansion	ambient/trx/nature/wind_normal/sound_13.ogg	off-scope-or-dup
AudioExpansion	ambient/trx/nature/wind_normal/sound_14.ogg	off-scope-or-dup
AudioExpansion	ambient/trx/nature/wind_normal/sound_15.ogg	off-scope-or-dup
AudioExpansion	ambient/trx/nature/wind_normal/sound_16.ogg	off-scope-or-dup
AudioExpansion	ambient/trx/nature/wind_normal/sound_17.ogg	off-scope-or-dup
AudioExpansion	ambient/trx/nature/wind_normal/sound_18.ogg	off-scope-or-dup
AudioExpansion	ambient/trx/nature/wind_normal/sound_19.ogg	off-scope-or-dup
AudioExpansion	ambient/trx/nature/wind_normal/sound_20.ogg	off-scope-or-dup
AudioExpansion	ambient/trx/nature/wind_normal/sound_21.ogg	off-scope-or-dup
AudioExpansion	ambient/trx/nature/wind_normal/sound_22.ogg	off-scope-or-dup
AudioExpansion	ambient/trx/spooks_above/amb_night/sound_01.ogg	BASE-DUP-excluded
AudioExpansion	ambient/trx/spooks_above/amb_night/sound_02.ogg	BASE-DUP-excluded
AudioExpansion	ambient/trx/spooks_above/amb_night/sound_03.ogg	BASE-DUP-excluded
AudioExpansion	ambient/trx/spooks_above/amb_night/sound_04.ogg	BASE-DUP-excluded
AudioExpansion	ambient/trx/spooks_above/amb_night/sound_05.ogg	BASE-DUP-excluded
AudioExpansion	ambient/trx/spooks_above/amb_night/sound_06.ogg	BASE-DUP-excluded
AudioExpansion	ambient/trx/spooks_above/amb_night/sound_07.ogg	BASE-DUP-excluded
AudioExpansion	ambient/trx/spooks_above/amb_night/sound_08.ogg	BASE-DUP-excluded
AudioExpansion	ambient/trx/spooks_above/amb_night/sound_09.ogg	BASE-DUP-excluded
AudioExpansion	ambient/trx/spooks_above/amb_night/sound_10.ogg	BASE-DUP-excluded
AudioExpansion	ambient/trx/spooks_above/fielddaymutants/sound_01.ogg	USED-shipped
AudioExpansion	ambient/trx/spooks_above/fielddaymutants/sound_02.ogg	USED-shipped
AudioExpansion	ambient/trx/spooks_above/fielddaymutants/sound_03.ogg	USED-shipped
AudioExpansion	ambient/trx/spooks_above/fielddaymutants/sound_04.ogg	USED-shipped
AudioExpansion	ambient/trx/spooks_above/fielddaymutants/sound_05.ogg	USED-shipped
AudioExpansion	ambient/trx/spooks_above/fielddaymutants/sound_06.ogg	USED-shipped
AudioExpansion	ambient/trx/spooks_above/fielddaymutants/sound_07.ogg	USED-shipped
AudioExpansion	ambient/trx/spooks_above/fielddaymutants/sound_08.ogg	USED-shipped
AudioExpansion	ambient/trx/spooks_above/fielddaymutants/sound_09.ogg	USED-shipped
AudioExpansion	ambient/trx/spooks_above/fielddaymutants/sound_10.ogg	USED-shipped
AudioExpansion	ambient/trx/spooks_above/fielddaymutants/sound_11.ogg	USED-shipped
AudioExpansion	ambient/trx/spooks_above/fielddaymutants/sound_12.ogg	USED-shipped
AudioExpansion	ambient/trx/spooks_above/fielddaymutants/sound_13.ogg	USED-shipped
AudioExpansion	ambient/trx/spooks_above/fielddaymutants/sound_14.ogg	USED-shipped
AudioExpansion	ambient/trx/spooks_above/fieldnightmutants/sound_01.ogg	USED-shipped
AudioExpansion	ambient/trx/spooks_above/fieldnightmutants/sound_02.ogg	USED-shipped
AudioExpansion	ambient/trx/spooks_above/fieldnightmutants/sound_03.ogg	USED-shipped
AudioExpansion	ambient/trx/spooks_above/fieldnightmutants/sound_04.ogg	USED-shipped
AudioExpansion	ambient/trx/spooks_above/fieldnightmutants/sound_05.ogg	USED-shipped
AudioExpansion	ambient/trx/spooks_above/fieldnightmutants/sound_06.ogg	USED-shipped
AudioExpansion	ambient/trx/spooks_above/fieldnightmutants/sound_07.ogg	USED-shipped
AudioExpansion	ambient/trx/spooks_above/fieldnightmutants/sound_08.ogg	USED-shipped
AudioExpansion	ambient/trx/spooks_above/fieldnightmutants/sound_09.ogg	USED-shipped
AudioExpansion	ambient/trx/spooks_above/fieldnightmutants/sound_10.ogg	USED-shipped
AudioExpansion	ambient/trx/spooks_above/fieldnightmutants/sound_11.ogg	USED-shipped
AudioExpansion	ambient/trx/spooks_above/fieldnightmutants/sound_12.ogg	USED-shipped
AudioExpansion	ambient/trx/spooks_above/fieldnightmutants/sound_13.ogg	USED-shipped
AudioExpansion	ambient/trx/spooks_above/fieldnightmutants/sound_14.ogg	USED-shipped
AudioExpansion	ambient/trx/spooks_above/fieldnightmutants/sound_15.ogg	USED-shipped
AudioExpansion	ambient/trx/spooks_above/forestdaymutants/sound_01.ogg	USED-shipped
AudioExpansion	ambient/trx/spooks_above/forestdaymutants/sound_02.ogg	USED-shipped
AudioExpansion	ambient/trx/spooks_above/forestdaymutants/sound_03.ogg	USED-shipped
AudioExpansion	ambient/trx/spooks_above/forestdaymutants/sound_04.ogg	USED-shipped
AudioExpansion	ambient/trx/spooks_above/forestdaymutants/sound_05.ogg	USED-shipped
AudioExpansion	ambient/trx/spooks_above/forestdaymutants/sound_06.ogg	USED-shipped
AudioExpansion	ambient/trx/spooks_above/forestdaymutants/sound_07.ogg	USED-shipped
AudioExpansion	ambient/trx/spooks_above/forestdaymutants/sound_08.ogg	USED-shipped
AudioExpansion	ambient/trx/spooks_above/forestdaymutants/sound_09.ogg	USED-shipped
AudioExpansion	ambient/trx/spooks_above/forestdaymutants/sound_10.ogg	USED-shipped
AudioExpansion	ambient/trx/spooks_above/forestdaymutants/sound_11.ogg	USED-shipped
AudioExpansion	ambient/trx/spooks_above/forestdaymutants/sound_12.ogg	USED-shipped
AudioExpansion	ambient/trx/spooks_above/forestdaymutants/sound_13.ogg	USED-shipped
AudioExpansion	ambient/trx/spooks_above/forestdaymutants/sound_14.ogg	USED-shipped
AudioExpansion	ambient/trx/spooks_above/forestdaymutants/sound_15.ogg	USED-shipped
AudioExpansion	ambient/trx/spooks_above/forestdaymutants/sound_16.ogg	USED-shipped
AudioExpansion	ambient/trx/spooks_above/forestdaymutants/sound_17.ogg	USED-shipped
AudioExpansion	ambient/trx/spooks_above/forestdaymutants/sound_18.ogg	USED-shipped
AudioExpansion	ambient/trx/spooks_above/forestdaymutants/sound_19.ogg	USED-shipped
AudioExpansion	ambient/trx/spooks_above/forestdaymutants/sound_20.ogg	USED-shipped
AudioExpansion	ambient/trx/spooks_above/forestnightmutants/sound_01.ogg	USED-shipped
AudioExpansion	ambient/trx/spooks_above/forestnightmutants/sound_02.ogg	USED-shipped
AudioExpansion	ambient/trx/spooks_above/forestnightmutants/sound_03.ogg	USED-shipped
AudioExpansion	ambient/trx/spooks_above/forestnightmutants/sound_04.ogg	USED-shipped
AudioExpansion	ambient/trx/spooks_above/forestnightmutants/sound_05.ogg	USED-shipped
AudioExpansion	ambient/trx/spooks_above/forestnightmutants/sound_06.ogg	USED-shipped
AudioExpansion	ambient/trx/spooks_above/forestnightmutants/sound_07.ogg	USED-shipped
AudioExpansion	ambient/trx/spooks_above/forestnightmutants/sound_08.ogg	USED-shipped
AudioExpansion	ambient/trx/spooks_above/forestnightmutants/sound_09.ogg	USED-shipped
AudioExpansion	ambient/trx/spooks_above/forestnightmutants/sound_10.ogg	USED-shipped
AudioExpansion	ambient/trx/spooks_above/forestnightmutants/sound_11.ogg	USED-shipped
AudioExpansion	ambient/trx/spooks_above/forestnightmutants/sound_12.ogg	USED-shipped
AudioExpansion	ambient/trx/spooks_above/forestnightmutants/sound_13.ogg	USED-shipped
AudioExpansion	ambient/trx/spooks_above/forestnightmutants/sound_14.ogg	USED-shipped
AudioExpansion	ambient/trx/spooks_above/forestnightmutants/sound_15.ogg	USED-shipped
AudioExpansion	ambient/trx/spooks_above/forestnightmutants/sound_16.ogg	USED-shipped
AudioExpansion	ambient/trx/spooks_above/forestnightmutants/sound_17.ogg	USED-shipped
AudioExpansion	ambient/trx/spooks_above/mutants/sound_03.ogg	BASE-DUP-excluded
AudioExpansion	ambient/trx/spooks_above/mutants/sound_04 - Copy.ogg	BASE-DUP-excluded
AudioExpansion	ambient/trx/spooks_above/mutants/sound_04.ogg	BASE-DUP-excluded
AudioExpansion	ambient/trx/spooks_above/mutants/sound_05.ogg	BASE-DUP-excluded
AudioExpansion	ambient/trx/spooks_above/mutants/sound_06.ogg	BASE-DUP-excluded
AudioExpansion	ambient/trx/spooks_above/mutants/sound_07.ogg	BASE-DUP-excluded
AudioExpansion	ambient/trx/spooks_above/mutants/sound_08.ogg	BASE-DUP-excluded
AudioExpansion	ambient/trx/spooks_above/mutants/sound_09.ogg	BASE-DUP-excluded
AudioExpansion	ambient/trx/spooks_above/mutants/sound_10.ogg	BASE-DUP-excluded
AudioExpansion	ambient/trx/spooks_above/mutants/sound_11.ogg	BASE-DUP-excluded
AudioExpansion	ambient/trx/spooks_above/mutants/sound_13.ogg	BASE-DUP-excluded
AudioExpansion	ambient/trx/spooks_above/screams/sound_01.ogg	SILENCE-excluded
AudioExpansion	ambient/trx/spooks_above/screams/sound_02.ogg	SILENCE-excluded
AudioExpansion	ambient/trx/spooks_above/screams/sound_03.ogg	SILENCE-excluded
AudioExpansion	ambient/trx/spooks_above/screams/sound_04.ogg	SILENCE-excluded
AudioExpansion	ambient/trx/spooks_above/screams/sound_05.ogg	SILENCE-excluded
AudioExpansion	ambient/trx/spooks_above/screams/sound_08.ogg	SILENCE-excluded
AudioExpansion	ambient/trx/spooks_above/screams/sound_09.ogg	SILENCE-excluded
AudioExpansion	ambient/trx/spooks_above/screams/sound_10.ogg	SILENCE-excluded
AudioExpansion	ambient/trx/spooks_above/screams/sound_11.ogg	SILENCE-excluded
AudioExpansion	ambient/trx/spooks_above/screams/sound_12.ogg	SILENCE-excluded
AudioExpansion	ambient/trx/spooks_above/screams/sound_13.ogg	SILENCE-excluded
AudioExpansion	ambient/trx/spooks_above/screams/sound_14.ogg	SILENCE-excluded
AudioExpansion	ambient/trx/spooks_above/screams/sound_15.ogg	SILENCE-excluded
AudioExpansion	ambient/trx/spooks_above/screams/sound_16.ogg	SILENCE-excluded
AudioExpansion	ambient/trx/spooks_above/screams/sound_17.ogg	SILENCE-excluded
AudioExpansion	ambient/trx/spooks_above/screams/sound_18.ogg	SILENCE-excluded
AudioExpansion	ambient/trx/spooks_above/screams/sound_20.ogg	SILENCE-excluded
AudioExpansion	ambient/trx/spooks_above/screams/sound_21.ogg	SILENCE-excluded
AudioExpansion	ambient/trx/spooks_above/screams/sound_23.ogg	SILENCE-excluded
AudioExpansion	ambient/trx/spooks_above/screams/sound_24.ogg	SILENCE-excluded
AudioExpansion	ambient/trx/spooks_above/screams/sound_25.ogg	SILENCE-excluded
AudioExpansion	ambient/trx/spooks_above/shooting/sound_01.ogg	SILENCE-excluded
AudioExpansion	ambient/trx/spooks_above/shooting/sound_02.ogg	SILENCE-excluded
AudioExpansion	ambient/trx/spooks_above/shooting/sound_03.ogg	SILENCE-excluded
AudioExpansion	ambient/trx/spooks_above/shooting/sound_04.ogg	SILENCE-excluded
AudioExpansion	ambient/trx/spooks_above/shooting/sound_05.ogg	SILENCE-excluded
AudioExpansion	ambient/trx/spooks_above/shooting/sound_06.ogg	SILENCE-excluded
AudioExpansion	ambient/trx/spooks_above/shooting/sound_07.ogg	SILENCE-excluded
AudioExpansion	ambient/trx/spooks_above/shooting/sound_08.ogg	SILENCE-excluded
AudioExpansion	ambient/trx/spooks_above/shooting/sound_09.ogg	SILENCE-excluded
AudioExpansion	ambient/trx/spooks_above/shooting/sound_10.ogg	SILENCE-excluded
AudioExpansion	ambient/trx/spooks_above/shooting/sound_11.ogg	SILENCE-excluded
AudioExpansion	ambient/trx/spooks_above/shooting/sound_12.ogg	SILENCE-excluded
AudioExpansion	ambient/trx/spooks_above/shooting/sound_13.ogg	SILENCE-excluded
AudioExpansion	ambient/trx/spooks_above/shooting/sound_14.ogg	SILENCE-excluded
AudioExpansion	ambient/trx/spooks_above/shooting/sound_15.ogg	SILENCE-excluded
AudioExpansion	ambient/trx/spooks_above/shooting/sound_16.ogg	SILENCE-excluded
AudioExpansion	ambient/trx/spooks_above/shooting/sound_17.ogg	SILENCE-excluded
AudioExpansion	ambient/trx/spooks_above/shooting/sound_18.ogg	SILENCE-excluded
AudioExpansion	ambient/trx/spooks_above/shooting/sound_19.ogg	SILENCE-excluded
AudioExpansion	ambient/trx/spooks_above/shooting/sound_20.ogg	SILENCE-excluded
AudioExpansion	ambient/trx/spooks_above/shooting/sound_21.ogg	SILENCE-excluded
AudioExpansion	ambient/trx/spooks_above/shooting/sound_22.ogg	SILENCE-excluded
AudioExpansion	ambient/trx/spooks_above/shooting/sound_23.ogg	SILENCE-excluded
AudioExpansion	ambient/trx/spooks_above/shooting/sound_24.ogg	SILENCE-excluded
AudioExpansion	ambient/trx/spooks_above/shooting/sound_25.ogg	SILENCE-excluded
AudioExpansion	ambient/trx/spooks_above/shooting/sound_26.ogg	SILENCE-excluded
AudioExpansion	ambient/trx/spooks_above/shooting/sound_27.ogg	SILENCE-excluded
AudioExpansion	ambient/trx/spooks_above/shooting/sound_28.ogg	SILENCE-excluded
AudioExpansion	ambient/trx/spooks_above/shooting/sound_29.ogg	SILENCE-excluded
AudioExpansion	ambient/trx/spooks_above/shooting/sound_30.ogg	SILENCE-excluded
AudioExpansion	ambient/trx/spooks_above/shooting/sound_31.ogg	SILENCE-excluded
AudioExpansion	ambient/trx/spooks_above/shooting/sound_32.ogg	SILENCE-excluded
AudioExpansion	ambient/trx/spooks_above/shooting/sound_33.ogg	SILENCE-excluded
AudioExpansion	ambient/trx/spooks_above/shooting/sound_34.ogg	SILENCE-excluded
AudioExpansion	ambient/trx/spooks_above/shooting/sound_35.ogg	SILENCE-excluded
AudioExpansion	ambient/trx/spooks_above/shooting/sound_36.ogg	SILENCE-excluded
AudioExpansion	ambient/trx/spooks_above/shooting/sound_37.ogg	SILENCE-excluded
AudioExpansion	ambient/trx/spooks_above/spooks/sound_01.ogg	USED-shipped
AudioExpansion	ambient/trx/spooks_above/spooks/sound_02.ogg	SILENCE-excluded
AudioExpansion	ambient/trx/spooks_above/spooks/sound_04.ogg	SILENCE-excluded
AudioExpansion	ambient/trx/spooks_above/spooks/sound_05.ogg	SILENCE-excluded
AudioExpansion	ambient/trx/spooks_above/spooks/sound_06.ogg	SILENCE-excluded
AudioExpansion	ambient/trx/spooks_above/spooks/sound_08.ogg	SILENCE-excluded
AudioExpansion	ambient/trx/spooks_above/spooks/sound_09.ogg	SILENCE-excluded
AudioExpansion	ambient/trx/spooks_above/spooks/sound_10.ogg	USED-shipped
AudioExpansion	ambient/trx/spooks_above/spooks/sound_12.ogg	SILENCE-excluded
AudioExpansion	ambient/trx/spooks_above/spooks/sound_13.ogg	SILENCE-excluded
AudioExpansion	ambient/trx/spooks_above/spooks/sound_14.ogg	SILENCE-excluded
AudioExpansion	ambient/trx/spooks_above/spooks/sound_15.ogg	SILENCE-excluded
AudioExpansion	ambient/trx/spooks_above/spooks/sound_16.ogg	SILENCE-excluded
AudioExpansion	ambient/trx/spooks_above/spooks/sound_17.ogg	USED-shipped
AudioExpansion	ambient/trx/spooks_above/spooks/sound_18.ogg	SILENCE-excluded
AudioExpansion	ambient/trx/spooks_above/spooks/sound_19.ogg	USED-shipped
AudioExpansion	ambient/trx/spooks_above/spooks/sound_20.ogg	SILENCE-excluded
AudioExpansion	ambient/trx/spooks_above/spooks/sound_22.ogg	SILENCE-excluded
AudioExpansion	ambient/trx/spooks_above/spooks/sound_23.ogg	SILENCE-excluded
AudioExpansion	ambient/trx/spooks_above/spooks/sound_24.ogg	SILENCE-excluded
AudioExpansion	ambient/trx/spooks_above/spooks/sound_25.ogg	USED-shipped
AudioExpansion	ambient/trx/spooks_above/spooks/sound_26.ogg	USED-shipped
AudioExpansion	ambient/trx/spooks_above/spooks/sound_27.ogg	USED-shipped
AudioExpansion	ambient/trx/spooks_above/spooks/sound_28.ogg	USED-shipped
AudioExpansion	ambient/trx/spooks_above/spooks/sound_29.ogg	USED-shipped
AudioExpansion	ambient/trx/spooks_above/spooks/sound_30.ogg	USED-shipped
AudioExpansion	ambient/trx/spooks_above/spooks/sound_31.ogg	USED-shipped
AudioExpansion	ambient/trx/spooks_above/spooks/sound_32.ogg	SILENCE-excluded
AudioExpansion	ambient/trx/spooks_above/spooks/sound_33.ogg	SILENCE-excluded
AudioExpansion	ambient/trx/spooks_above/swampdaymutants/sound_01.ogg	USED-shipped
AudioExpansion	ambient/trx/spooks_above/swampdaymutants/sound_02.ogg	USED-shipped
AudioExpansion	ambient/trx/spooks_above/swampdaymutants/sound_03.ogg	USED-shipped
AudioExpansion	ambient/trx/spooks_above/swampdaymutants/sound_04.ogg	USED-shipped
AudioExpansion	ambient/trx/spooks_above/swampdaymutants/sound_05.ogg	USED-shipped
AudioExpansion	ambient/trx/spooks_above/swampdaymutants/sound_06.ogg	USED-shipped
AudioExpansion	ambient/trx/spooks_above/swampdaymutants/sound_07.ogg	USED-shipped
AudioExpansion	ambient/trx/spooks_above/swampdaymutants/sound_08.ogg	USED-shipped
AudioExpansion	ambient/trx/spooks_above/swampdaymutants/sound_09.ogg	USED-shipped
AudioExpansion	ambient/trx/spooks_above/swampdaymutants/sound_10.ogg	USED-shipped
AudioExpansion	ambient/trx/spooks_above/swampdaymutants/sound_11.ogg	USED-shipped
AudioExpansion	ambient/trx/spooks_above/swampdaymutants/sound_12.ogg	USED-shipped
AudioExpansion	ambient/trx/spooks_above/swampdaymutants/sound_13.ogg	USED-shipped
AudioExpansion	ambient/trx/spooks_above/swampdaymutants/sound_14.ogg	USED-shipped
AudioExpansion	ambient/trx/spooks_above/swampdaymutants/sound_15.ogg	USED-shipped
AudioExpansion	ambient/trx/spooks_above/swampdaymutants/sound_16.ogg	USED-shipped
AudioExpansion	ambient/trx/spooks_above/swampdaymutants/sound_17.ogg	USED-shipped
AudioExpansion	ambient/trx/spooks_above/swampdaymutants/sound_18.ogg	USED-shipped
AudioExpansion	ambient/trx/spooks_above/swampdaymutants/sound_19.ogg	USED-shipped
AudioExpansion	ambient/trx/spooks_above/swampnightmutants/sound_01.ogg	USED-shipped
AudioExpansion	ambient/trx/spooks_above/swampnightmutants/sound_02.ogg	INTRA-DUP-excluded
AudioExpansion	ambient/trx/spooks_above/swampnightmutants/sound_03.ogg	USED-shipped
AudioExpansion	ambient/trx/spooks_above/swampnightmutants/sound_04.ogg	USED-shipped
AudioExpansion	ambient/trx/spooks_above/swampnightmutants/sound_05.ogg	USED-shipped
AudioExpansion	ambient/trx/spooks_above/swampnightmutants/sound_06.ogg	USED-shipped
AudioExpansion	ambient/trx/spooks_above/swampnightmutants/sound_07.ogg	USED-shipped
AudioExpansion	ambient/trx/spooks_above/swampnightmutants/sound_08.ogg	USED-shipped
AudioExpansion	ambient/trx/spooks_above/swampnightmutants/sound_09.ogg	USED-shipped
AudioExpansion	ambient/trx/spooks_above/swampnightmutants/sound_10.ogg	USED-shipped
AudioExpansion	ambient/trx/spooks_above/swampnightmutants/sound_11.ogg	USED-shipped
AudioExpansion	ambient/trx/spooks_above/swampnightmutants/sound_12.ogg	USED-shipped
AudioExpansion	ambient/trx/spooks_above/swampnightmutants/sound_13.ogg	USED-shipped
AudioExpansion	ambient/trx/spooks_above/swampnightmutants/sound_14.ogg	USED-shipped
AudioExpansion	ambient/trx/spooks_above/swampnightmutants/sound_15.ogg	USED-shipped
AudioExpansion	ambient/trx/spooks_above/urbandaymutants/sound_01.ogg	USED-shipped
AudioExpansion	ambient/trx/spooks_above/urbandaymutants/sound_02.ogg	USED-shipped
AudioExpansion	ambient/trx/spooks_above/urbandaymutants/sound_03.ogg	USED-shipped
AudioExpansion	ambient/trx/spooks_above/urbandaymutants/sound_04.ogg	USED-shipped
AudioExpansion	ambient/trx/spooks_above/urbandaymutants/sound_05.ogg	USED-shipped
AudioExpansion	ambient/trx/spooks_above/urbandaymutants/sound_06.ogg	USED-shipped
AudioExpansion	ambient/trx/spooks_above/urbandaymutants/sound_07.ogg	USED-shipped
AudioExpansion	ambient/trx/spooks_above/urbandaymutants/sound_08.ogg	USED-shipped
AudioExpansion	ambient/trx/spooks_above/urbandaymutants/sound_09.ogg	USED-shipped
AudioExpansion	ambient/trx/spooks_above/urbandaymutants/sound_10.ogg	USED-shipped
AudioExpansion	ambient/trx/spooks_above/urbandaymutants/sound_11.ogg	USED-shipped
AudioExpansion	ambient/trx/spooks_above/urbandaymutants/sound_12.ogg	USED-shipped
AudioExpansion	ambient/trx/spooks_above/urbandaymutants/sound_13.ogg	USED-shipped
AudioExpansion	ambient/trx/spooks_above/urbandaymutants/sound_14.ogg	USED-shipped
AudioExpansion	ambient/trx/spooks_above/urbandaymutants/sound_15.ogg	USED-shipped
AudioExpansion	ambient/trx/spooks_above/urbandaymutants/sound_16.ogg	USED-shipped
AudioExpansion	ambient/trx/spooks_above/urbandaymutants/sound_17.ogg	USED-shipped
AudioExpansion	ambient/trx/spooks_above/urbandaymutants/sound_18.ogg	USED-shipped
AudioExpansion	ambient/trx/spooks_above/urbandaymutants/sound_19.ogg	USED-shipped
AudioExpansion	ambient/trx/spooks_above/urbandaymutants/sound_20.ogg	USED-shipped
AudioExpansion	ambient/trx/spooks_above/urbandaymutants/sound_21.ogg	USED-shipped
AudioExpansion	ambient/trx/spooks_above/urbandaymutants/sound_22.ogg	USED-shipped
AudioExpansion	ambient/trx/spooks_above/urbannightmutants/sound_01.ogg	USED-shipped
AudioExpansion	ambient/trx/spooks_above/urbannightmutants/sound_02.ogg	USED-shipped
AudioExpansion	ambient/trx/spooks_above/urbannightmutants/sound_03.ogg	USED-shipped
AudioExpansion	ambient/trx/spooks_above/urbannightmutants/sound_04.ogg	USED-shipped
AudioExpansion	ambient/trx/spooks_above/urbannightmutants/sound_05.ogg	USED-shipped
AudioExpansion	ambient/trx/spooks_above/urbannightmutants/sound_06.ogg	USED-shipped
AudioExpansion	ambient/trx/spooks_above/urbannightmutants/sound_07.ogg	USED-shipped
AudioExpansion	ambient/trx/spooks_above/urbannightmutants/sound_08.ogg	USED-shipped
AudioExpansion	ambient/trx/spooks_above/urbannightmutants/sound_09.ogg	USED-shipped
AudioExpansion	ambient/trx/spooks_above/urbannightmutants/sound_10.ogg	USED-shipped
AudioExpansion	ambient/trx/spooks_above/urbannightmutants/sound_11.ogg	USED-shipped
AudioExpansion	ambient/trx/spooks_above/urbannightmutants/sound_12.ogg	USED-shipped
AudioExpansion	ambient/trx/spooks_above/urbannightmutants/sound_13.ogg	USED-shipped
AudioExpansion	ambient/trx/spooks_above/urbannightmutants/sound_14.ogg	USED-shipped
AudioExpansion	ambient/trx/spooks_above/urbannightmutants/sound_15.ogg	USED-shipped
AudioExpansion	ambient/trx/spooks_above/urbannightmutants/sound_16.ogg	USED-shipped
AudioExpansion	ambient/trx/spooks_above/urbannightmutants/sound_17.ogg	USED-shipped
AudioExpansion	ambient/trx/spooks_above/urbannightmutants/sound_18.ogg	USED-shipped
AudioExpansion	ambient/trx/spooks_above/urbannightmutants/sound_19.ogg	USED-shipped
AudioExpansion	ambient/trx/spooks_above/urbannightmutants/sound_20.ogg	USED-shipped
AudioExpansion	ambient/trx/spooks_above/urbannightmutants/sound_21.ogg	USED-shipped
AudioExpansion	ambient/trx/spooks_below/ambient/sound_01.ogg	HELD-loop-surplus
AudioExpansion	ambient/trx/spooks_below/ambient/sound_02.ogg	HELD-loop-surplus
AudioExpansion	ambient/trx/spooks_below/ambient/sound_03.ogg	HELD-loop-surplus
AudioExpansion	ambient/trx/spooks_below/ambient/sound_04.ogg	HELD-loop-surplus
AudioExpansion	ambient/trx/spooks_below/ambient/sound_05.ogg	HELD-loop-surplus
AudioExpansion	ambient/trx/spooks_below/ambient/sound_06.ogg	HELD-loop-surplus
AudioExpansion	ambient/trx/spooks_below/ambient/sound_07.ogg	USED-effect-unshipped
AudioExpansion	ambient/trx/spooks_below/ambient/sound_08.ogg	HELD-loop-surplus
AudioExpansion	ambient/trx/spooks_below/ambient/sound_09.ogg	HELD-loop-surplus
AudioExpansion	ambient/trx/spooks_below/ambient/sound_10.ogg	HELD-loop-surplus
AudioExpansion	ambient/trx/spooks_below/ambient/sound_11.ogg	HELD-loop-surplus
AudioExpansion	ambient/trx/spooks_below/ambient/sound_12.ogg	HELD-loop-surplus
AudioExpansion	ambient/trx/spooks_below/ambient/sound_13.ogg	INTRA-DUP-excluded
AudioExpansion	ambient/trx/spooks_below/ambient/sound_14.ogg	INTRA-DUP-excluded
AudioExpansion	ambient/trx/spooks_below/ambient/sound_15.ogg	HELD-loop-surplus
AudioExpansion	ambient/trx/spooks_below/ambient/sound_16.ogg	INTRA-DUP-excluded
AudioExpansion	ambient/trx/spooks_below/ambient/sound_17.ogg	HELD-loop-surplus
AudioExpansion	ambient/trx/spooks_below/ambient/sound_18.ogg	HELD-loop-surplus
AudioExpansion	ambient/trx/spooks_below/ambient/sound_19.ogg	USED-effect-unshipped
AudioExpansion	ambient/trx/spooks_below/ambient/sound_20.ogg	HELD-loop-surplus
AudioExpansion	ambient/trx/spooks_below/ambient/sound_21.ogg	HELD-loop-surplus
AudioExpansion	ambient/trx/spooks_below/ambient/sound_22.ogg	HELD-loop-surplus
AudioExpansion	ambient/trx/spooks_below/ambient/sound_23.ogg	HELD-loop-surplus
AudioExpansion	ambient/trx/spooks_below/ambient/sound_24.ogg	HELD-loop-surplus
AudioExpansion	ambient/trx/spooks_below/ambient/sound_25.ogg	HELD-loop-surplus
AudioExpansion	ambient/trx/spooks_below/ambient/sound_26.ogg	HELD-loop-surplus
AudioExpansion	ambient/trx/spooks_below/ambient/sound_27.ogg	HELD-loop-surplus
AudioExpansion	ambient/trx/spooks_below/ambient/sound_28.ogg	HELD-loop-surplus
AudioExpansion	ambient/trx/spooks_below/ambient/sound_29.ogg	HELD-loop-surplus
AudioExpansion	ambient/trx/spooks_below/ambient/sound_30.ogg	HELD-loop-surplus
AudioExpansion	ambient/trx/spooks_below/ambient/sound_31.ogg	HELD-loop-surplus
AudioExpansion	ambient/trx/spooks_below/ambient/sound_32.ogg	HELD-loop-surplus
AudioExpansion	ambient/trx/spooks_below/ambient/sound_33.ogg	HELD-loop-surplus
AudioExpansion	ambient/trx/spooks_below/ambient/sound_34.ogg	HELD-loop-surplus
AudioExpansion	ambient/trx/spooks_below/ambient/sound_35.ogg	HELD-loop-surplus
AudioExpansion	ambient/trx/spooks_below/ambient/sound_36.ogg	HELD-loop-surplus
AudioExpansion	ambient/trx/spooks_below/ambient/sound_37.ogg	HELD-loop-surplus
AudioExpansion	ambient/trx/spooks_below/ambient/sound_38.ogg	HELD-loop-surplus
AudioExpansion	ambient/trx/spooks_below/ambient/sound_39.ogg	HELD-loop-surplus
AudioExpansion	ambient/trx/spooks_below/ambient/sound_40.ogg	HELD-loop-surplus
AudioExpansion	ambient/trx/spooks_below/ambient/sound_41.ogg	HELD-loop-surplus
AudioExpansion	ambient/trx/spooks_below/ambient/sound_42.ogg	HELD-loop-surplus
AudioExpansion	ambient/trx/spooks_below/ambient/sound_43.ogg	HELD-loop-surplus
AudioExpansion	ambient/trx/spooks_below/ambient/sound_44.ogg	HELD-loop-surplus
AudioExpansion	ambient/trx/spooks_below/ambient/sound_45.ogg	HELD-loop-surplus
AudioExpansion	ambient/trx/spooks_below/ambient/sound_46.ogg	INTRA-DUP-excluded
AudioExpansion	ambient/trx/spooks_below/ambient/sound_47.ogg	HELD-loop-surplus
AudioExpansion	ambient/trx/spooks_below/ambient/sound_48.ogg	HELD-loop-surplus
AudioExpansion	ambient/trx/spooks_below/ambient/sound_49.ogg	HELD-loop-surplus
AudioExpansion	ambient/trx/spooks_below/ambient/sound_50.ogg	HELD-loop-surplus
AudioExpansion	ambient/trx/spooks_below/ambient/sound_51.ogg	INTRA-DUP-excluded
AudioExpansion	ambient/trx/spooks_below/ambient/sound_52.ogg	HELD-loop-surplus
AudioExpansion	ambient/trx/spooks_below/ambient/sound_53.ogg	INTRA-DUP-excluded
AudioExpansion	ambient/trx/spooks_below/ambient/sound_54.ogg	HELD-loop-surplus
AudioExpansion	ambient/trx/spooks_below/ambient/sound_55.ogg	HELD-loop-surplus
AudioExpansion	ambient/trx/spooks_below/ambient/sound_56.ogg	HELD-loop-surplus
AudioExpansion	ambient/trx/spooks_below/ambient/sound_57.ogg	USED-effect-unshipped
AudioExpansion	ambient/trx/spooks_below/ambient/sound_58.ogg	HELD-loop-surplus
AudioExpansion	ambient/trx/spooks_below/ambient/sound_59.ogg	HELD-loop-surplus
AudioExpansion	ambient/trx/spooks_below/ambient/sound_60.ogg	USED-effect-unshipped
AudioExpansion	ambient/trx/spooks_below/ambient/sound_61.ogg	USED-effect-unshipped
AudioExpansion	ambient/trx/spooks_below/ambient/sound_62.ogg	INTRA-DUP-excluded
AudioExpansion	ambient/trx/spooks_below/ambient/sound_63.ogg	USED-effect-unshipped
AudioExpansion	ambient/trx/spooks_below/ambient/sound_64.ogg	USED-effect-unshipped
AudioExpansion	ambient/trx/spooks_below/ambient/sound_65.ogg	INTRA-DUP-excluded
AudioExpansion	ambient/trx/spooks_below/ambient/sound_66.ogg	INTRA-DUP-excluded
AudioExpansion	ambient/trx/spooks_below/ambient/sound_67.ogg	INTRA-DUP-excluded
AudioExpansion	ambient/trx/spooks_below/ambient/sound_68.ogg	INTRA-DUP-excluded
AudioExpansion	ambient/trx/spooks_below/ambient/sound_69.ogg	USED-effect-unshipped
AudioExpansion	ambient/trx/spooks_below/ambient/sound_70.ogg	INTRA-DUP-excluded
AudioExpansion	ambient/trx/spooks_below/ambient/sound_71.ogg	INTRA-DUP-excluded
AudioExpansion	ambient/trx/spooks_below/ambient/sound_72.ogg	INTRA-DUP-excluded
AudioExpansion	ambient/trx/spooks_below/ambient/sound_73.ogg	INTRA-DUP-excluded
AudioExpansion	ambient/trx/spooks_below/ambient/sound_74.ogg	INTRA-DUP-excluded
AudioExpansion	ambient/trx/spooks_below/ambient/sound_75.ogg	INTRA-DUP-excluded
AudioExpansion	ambient/trx/spooks_below/ambient/sound_76.ogg	USED-effect-unshipped
AudioExpansion	ambient/trx/spooks_below/ambient/sound_77.ogg	USED-effect-unshipped
AudioExpansion	ambient/trx/spooks_below/banging/sound_01.ogg	USED-shipped
AudioExpansion	ambient/trx/spooks_below/banging/sound_02.ogg	HELD-loop-surplus
AudioExpansion	ambient/trx/spooks_below/banging/sound_03.ogg	HELD-loop-surplus
AudioExpansion	ambient/trx/spooks_below/banging/sound_04.ogg	HELD-loop-surplus
AudioExpansion	ambient/trx/spooks_below/banging/sound_05.ogg	HELD-loop-surplus
AudioExpansion	ambient/trx/spooks_below/banging/sound_06.ogg	HELD-loop-surplus
AudioExpansion	ambient/trx/spooks_below/banging/sound_07.ogg	HELD-loop-surplus
AudioExpansion	ambient/trx/spooks_below/banging/sound_08.ogg	HELD-loop-surplus
AudioExpansion	ambient/trx/spooks_below/banging/sound_09.ogg	HELD-loop-surplus
AudioExpansion	ambient/trx/spooks_below/banging/sound_10.ogg	HELD-loop-surplus
AudioExpansion	ambient/trx/spooks_below/banging/sound_11.ogg	HELD-loop-surplus
AudioExpansion	ambient/trx/spooks_below/banging/sound_12.ogg	HELD-loop-surplus
AudioExpansion	ambient/trx/spooks_below/banging/sound_13.ogg	HELD-loop-surplus
AudioExpansion	ambient/trx/spooks_below/banging/sound_14.ogg	HELD-loop-surplus
AudioExpansion	ambient/trx/spooks_below/banging/sound_15.ogg	HELD-loop-surplus
AudioExpansion	ambient/trx/spooks_below/bats/sound_01.ogg	USED-shipped
AudioExpansion	ambient/trx/spooks_below/bats/sound_02.ogg	USED-shipped
AudioExpansion	ambient/trx/spooks_below/bats/sound_03.ogg	USED-shipped
AudioExpansion	ambient/trx/spooks_below/bats/sound_04.ogg	USED-shipped
AudioExpansion	ambient/trx/spooks_below/bats/sound_05.ogg	USED-shipped
AudioExpansion	ambient/trx/spooks_below/bats/sound_06.ogg	USED-shipped
AudioExpansion	ambient/trx/spooks_below/creaks/sound_01.ogg	USED-effect-unshipped
AudioExpansion	ambient/trx/spooks_below/creaks/sound_02.ogg	USED-effect-unshipped
AudioExpansion	ambient/trx/spooks_below/creaks/sound_03.ogg	HELD-loop-surplus
AudioExpansion	ambient/trx/spooks_below/creaks/sound_04.ogg	HELD-loop-surplus
AudioExpansion	ambient/trx/spooks_below/creaks/sound_05.ogg	HELD-loop-surplus
AudioExpansion	ambient/trx/spooks_below/creaks/sound_06.ogg	USED-effect-unshipped
AudioExpansion	ambient/trx/spooks_below/creaks/sound_07.ogg	HELD-loop-surplus
AudioExpansion	ambient/trx/spooks_below/creaks/sound_08.ogg	HELD-loop-surplus
AudioExpansion	ambient/trx/spooks_below/creaks/sound_09.ogg	HELD-loop-surplus
AudioExpansion	ambient/trx/spooks_below/creaks/sound_10.ogg	USED-effect-unshipped
AudioExpansion	ambient/trx/spooks_below/creaks/sound_11.ogg	USED-effect-unshipped
AudioExpansion	ambient/trx/spooks_below/creaks/sound_12.ogg	INTRA-DUP-excluded
AudioExpansion	ambient/trx/spooks_below/creaks/sound_13.ogg	INTRA-DUP-excluded
AudioExpansion	ambient/trx/spooks_below/creaks/sound_14.ogg	INTRA-DUP-excluded
AudioExpansion	ambient/trx/spooks_below/creaks/sound_15.ogg	INTRA-DUP-excluded
AudioExpansion	ambient/trx/spooks_below/creaks/sound_16.ogg	INTRA-DUP-excluded
AudioExpansion	ambient/trx/spooks_below/creaks/sound_17.ogg	INTRA-DUP-excluded
AudioExpansion	ambient/trx/spooks_below/creaks/sound_18.ogg	INTRA-DUP-excluded
AudioExpansion	ambient/trx/spooks_below/creaks/sound_19.ogg	INTRA-DUP-excluded
AudioExpansion	ambient/trx/spooks_below/creaks/sound_20.ogg	INTRA-DUP-excluded
AudioExpansion	ambient/trx/spooks_below/creaks/sound_21.ogg	INTRA-DUP-excluded
AudioExpansion	ambient/trx/spooks_below/creaks/sound_22.ogg	HELD-loop-surplus
AudioExpansion	ambient/trx/spooks_below/creaks/sound_23.ogg	HELD-loop-surplus
AudioExpansion	ambient/trx/spooks_below/creaks/sound_24.ogg	HELD-loop-surplus
AudioExpansion	ambient/trx/spooks_below/creaks/sound_25.ogg	USED-effect-unshipped
AudioExpansion	ambient/trx/spooks_below/creaks/sound_26.ogg	USED-effect-unshipped
AudioExpansion	ambient/trx/spooks_below/creaks/sound_27.ogg	HELD-loop-surplus
AudioExpansion	ambient/trx/spooks_below/creaks/sound_28.ogg	HELD-loop-surplus
AudioExpansion	ambient/trx/spooks_below/creaks/sound_29.ogg	USED-effect-unshipped
AudioExpansion	ambient/trx/spooks_below/creaks/sound_30.ogg	HELD-loop-surplus
AudioExpansion	ambient/trx/spooks_below/drone/sound_01.ogg	HELD-loop-surplus
AudioExpansion	ambient/trx/spooks_below/drone/sound_02.ogg	HELD-loop-surplus
AudioExpansion	ambient/trx/spooks_below/drone/sound_03.ogg	HELD-loop-surplus
AudioExpansion	ambient/trx/spooks_below/drone/sound_04.ogg	HELD-loop-surplus
AudioExpansion	ambient/trx/spooks_below/drone/sound_05.ogg	HELD-loop-surplus
AudioExpansion	ambient/trx/spooks_below/drone/sound_06.ogg	HELD-loop-surplus
AudioExpansion	ambient/trx/spooks_below/drone/sound_07.ogg	HELD-loop-surplus
AudioExpansion	ambient/trx/spooks_below/drone/sound_08.ogg	HELD-loop-surplus
AudioExpansion	ambient/trx/spooks_below/lab/sound_01.ogg	USED-shipped
AudioExpansion	ambient/trx/spooks_below/lab/sound_02.ogg	USED-shipped
AudioExpansion	ambient/trx/spooks_below/lab/sound_03.ogg	USED-shipped
AudioExpansion	ambient/trx/spooks_below/lab/sound_04.ogg	USED-shipped
AudioExpansion	ambient/trx/spooks_below/lab/sound_05.ogg	USED-shipped
AudioExpansion	ambient/trx/spooks_below/lab/sound_06.ogg	USED-shipped
AudioExpansion	ambient/trx/spooks_below/lab/sound_07.ogg	USED-shipped
AudioExpansion	ambient/trx/spooks_below/lab/sound_08.ogg	USED-shipped
AudioExpansion	ambient/trx/spooks_below/lab/sound_09.ogg	USED-shipped
AudioExpansion	ambient/trx/spooks_below/lab/sound_10.ogg	USED-shipped
AudioExpansion	ambient/trx/spooks_below/lab/sound_11.ogg	USED-shipped
AudioExpansion	ambient/trx/spooks_below/lab/sound_12.ogg	HELD-loop-surplus
AudioExpansion	ambient/trx/spooks_below/lab/sound_13.ogg	USED-shipped
AudioExpansion	ambient/trx/spooks_below/lab/sound_14.ogg	USED-shipped
AudioExpansion	ambient/trx/spooks_below/lab/sound_15.ogg	HELD-loop-surplus
AudioExpansion	ambient/trx/spooks_below/lab/sound_16.ogg	HELD-loop-surplus
AudioExpansion	ambient/trx/spooks_below/lab/sound_17.ogg	USED-shipped
AudioExpansion	ambient/trx/spooks_below/lab/sound_18.ogg	USED-shipped
AudioExpansion	ambient/trx/spooks_below/lab/sound_19.ogg	HELD-loop-surplus
AudioExpansion	ambient/trx/spooks_below/lab/sound_20.ogg	USED-shipped
AudioExpansion	ambient/trx/spooks_below/lab/sound_21.ogg	USED-shipped
AudioExpansion	ambient/trx/spooks_below/lab/sound_22.ogg	INTRA-DUP-excluded
AudioExpansion	ambient/trx/spooks_below/lab/sound_23.ogg	INTRA-DUP-excluded
AudioExpansion	ambient/trx/spooks_below/lab/sound_24.ogg	INTRA-DUP-excluded
AudioExpansion	ambient/trx/spooks_below/lowchancerumble/sound_01.ogg	USED-shipped
AudioExpansion	ambient/trx/spooks_below/lowrumble/sound_01.ogg	USED-shipped
AudioExpansion	ambient/trx/spooks_below/lowrumble/sound_02.ogg	USED-shipped
AudioExpansion	ambient/trx/spooks_below/lowrumble/sound_03.ogg	USED-shipped
AudioExpansion	ambient/trx/spooks_below/machine/sound_01.ogg	HELD-loop-surplus
AudioExpansion	ambient/trx/spooks_below/machine/sound_02.ogg	HELD-loop-surplus
AudioExpansion	ambient/trx/spooks_below/machine/sound_03.ogg	HELD-loop-surplus
AudioExpansion	ambient/trx/spooks_below/machine/sound_04.ogg	HELD-loop-surplus
AudioExpansion	ambient/trx/spooks_below/machine/sound_05.ogg	HELD-loop-surplus
AudioExpansion	ambient/trx/spooks_below/machine/sound_06.ogg	HELD-loop-surplus
AudioExpansion	ambient/trx/spooks_below/machine/sound_07.ogg	HELD-loop-surplus
AudioExpansion	ambient/trx/spooks_below/machine/sound_08.ogg	HELD-loop-surplus
AudioExpansion	ambient/trx/spooks_below/machine/sound_09.ogg	HELD-loop-surplus
AudioExpansion	ambient/trx/spooks_below/machine/sound_10.ogg	HELD-loop-surplus
AudioExpansion	ambient/trx/spooks_below/machine/sound_11.ogg	HELD-loop-surplus
AudioExpansion	ambient/trx/spooks_below/machine/sound_12.ogg	HELD-loop-surplus
AudioExpansion	ambient/trx/spooks_below/machine/sound_13.ogg	HELD-loop-surplus
AudioExpansion	ambient/trx/spooks_below/machine/sound_14.ogg	HELD-loop-surplus
AudioExpansion	ambient/trx/spooks_below/machine/sound_15.ogg	HELD-loop-surplus
AudioExpansion	ambient/trx/spooks_below/machine/sound_16.ogg	HELD-loop-surplus
AudioExpansion	ambient/trx/spooks_below/machine/sound_17.ogg	HELD-loop-surplus
AudioExpansion	ambient/trx/spooks_below/machine/sound_18.ogg	HELD-loop-surplus
AudioExpansion	ambient/trx/spooks_below/machine/sound_19.ogg	HELD-loop-surplus
AudioExpansion	ambient/trx/spooks_below/machine/sound_20.ogg	HELD-loop-surplus
AudioExpansion	ambient/trx/spooks_below/metal/sound_01.ogg	INTRA-DUP-excluded
AudioExpansion	ambient/trx/spooks_below/metal/sound_02.ogg	INTRA-DUP-excluded
AudioExpansion	ambient/trx/spooks_below/metal/sound_03.ogg	INTRA-DUP-excluded
AudioExpansion	ambient/trx/spooks_below/metal/sound_04.ogg	INTRA-DUP-excluded
AudioExpansion	ambient/trx/spooks_below/metal/sound_05.ogg	INTRA-DUP-excluded
AudioExpansion	ambient/trx/spooks_below/metal/sound_06.ogg	INTRA-DUP-excluded
AudioExpansion	ambient/trx/spooks_below/metal/sound_07.ogg	INTRA-DUP-excluded
AudioExpansion	ambient/trx/spooks_below/metal/sound_08.ogg	INTRA-DUP-excluded
AudioExpansion	ambient/trx/spooks_below/metal/sound_09.ogg	INTRA-DUP-excluded
AudioExpansion	ambient/trx/spooks_below/metal/sound_10.ogg	INTRA-DUP-excluded
AudioExpansion	ambient/trx/spooks_below/metal/sound_11.ogg	INTRA-DUP-excluded
AudioExpansion	ambient/trx/spooks_below/metal/sound_12.ogg	BASE-DUP-excluded
AudioExpansion	ambient/trx/spooks_below/metal/sound_13.ogg	BASE-DUP-excluded
AudioExpansion	ambient/trx/spooks_below/metal/sound_14.ogg	BASE-DUP-excluded
AudioExpansion	ambient/trx/spooks_below/noise/sound_01.ogg	HELD-loop-surplus
AudioExpansion	ambient/trx/spooks_below/noise/sound_02.ogg	HELD-loop-surplus
AudioExpansion	ambient/trx/spooks_below/noise/sound_03.ogg	USED-shipped
AudioExpansion	ambient/trx/spooks_below/noise/sound_04.ogg	USED-shipped
AudioExpansion	ambient/trx/spooks_below/noise/sound_05.ogg	USED-shipped
AudioExpansion	ambient/trx/spooks_below/noise/sound_06.ogg	HELD-loop-surplus
AudioExpansion	ambient/trx/spooks_below/noise/sound_07.ogg	HELD-loop-surplus
AudioExpansion	ambient/trx/spooks_below/noise/sound_08.ogg	HELD-loop-surplus
AudioExpansion	ambient/trx/spooks_below/noise/sound_09.ogg	USED-shipped
AudioExpansion	ambient/trx/spooks_below/noise/sound_10.ogg	USED-shipped
AudioExpansion	ambient/trx/spooks_below/noise/sound_11.ogg	USED-shipped
AudioExpansion	ambient/trx/spooks_below/noise/sound_12.ogg	HELD-loop-surplus
AudioExpansion	ambient/trx/spooks_below/noise/sound_13.ogg	HELD-loop-surplus
AudioExpansion	ambient/trx/spooks_below/noise/sound_14.ogg	HELD-loop-surplus
AudioExpansion	ambient/trx/spooks_below/noise/sound_15.ogg	HELD-loop-surplus
AudioExpansion	ambient/trx/spooks_below/noise/sound_16.ogg	USED-shipped
AudioExpansion	ambient/trx/spooks_below/noise/sound_17.ogg	USED-shipped
AudioExpansion	ambient/trx/spooks_below/noise/sound_18.ogg	HELD-loop-surplus
AudioExpansion	ambient/trx/spooks_below/noise/sound_19.ogg	HELD-loop-surplus
AudioExpansion	ambient/trx/spooks_below/noise/sound_20.ogg	USED-shipped
AudioExpansion	ambient/trx/spooks_below/noise/sound_21.ogg	USED-shipped
AudioExpansion	ambient/trx/spooks_below/noise/sound_22.ogg	INTRA-DUP-excluded
AudioExpansion	ambient/trx/spooks_below/noise/sound_23.ogg	INTRA-DUP-excluded
AudioExpansion	ambient/trx/spooks_below/noise/sound_24.ogg	HELD-loop-surplus
AudioExpansion	ambient/trx/spooks_below/noise/sound_25.ogg	INTRA-DUP-excluded
AudioExpansion	ambient/trx/spooks_below/noise/sound_26.ogg	INTRA-DUP-excluded
AudioExpansion	ambient/trx/spooks_below/noise/sound_27.ogg	HELD-loop-surplus
AudioExpansion	ambient/trx/spooks_below/noise/sound_28.ogg	HELD-loop-surplus
AudioExpansion	ambient/trx/spooks_below/noise/sound_29.ogg	USED-shipped
AudioExpansion	ambient/trx/spooks_below/noise/sound_30.ogg	HELD-loop-surplus
AudioExpansion	ambient/trx/spooks_below/noise/sound_31.ogg	USED-shipped
AudioExpansion	ambient/trx/spooks_below/noise/sound_32.ogg	USED-shipped
AudioExpansion	ambient/trx/spooks_below/noise/sound_33.ogg	HELD-loop-surplus
AudioExpansion	ambient/trx/spooks_below/noise/sound_34.ogg	HELD-loop-surplus
AudioExpansion	ambient/trx/spooks_below/noise/sound_35.ogg	USED-shipped
AudioExpansion	ambient/trx/spooks_below/noise/sound_36.ogg	USED-shipped
AudioExpansion	ambient/trx/spooks_below/noise/sound_37.ogg	USED-shipped
AudioExpansion	ambient/trx/spooks_below/noise/sound_38.ogg	HELD-loop-surplus
AudioExpansion	ambient/trx/spooks_below/noise/sound_39.ogg	USED-shipped
AudioExpansion	ambient/trx/spooks_below/noise/sound_40.ogg	INTRA-DUP-excluded
AudioExpansion	ambient/trx/spooks_below/noise/sound_41.ogg	INTRA-DUP-excluded
AudioExpansion	ambient/trx/spooks_below/noise/sound_42.ogg	INTRA-DUP-excluded
AudioExpansion	ambient/trx/spooks_below/noise/sound_43.ogg	INTRA-DUP-excluded
AudioExpansion	ambient/trx/spooks_below/noise/sound_44.ogg	INTRA-DUP-excluded
AudioExpansion	ambient/trx/spooks_below/noise/sound_45.ogg	INTRA-DUP-excluded
AudioExpansion	ambient/trx/spooks_below/noise/sound_46.ogg	INTRA-DUP-excluded
AudioExpansion	ambient/trx/spooks_below/noise/sound_47.ogg	INTRA-DUP-excluded
AudioExpansion	ambient/trx/spooks_below/noise/sound_48.ogg	INTRA-DUP-excluded
AudioExpansion	ambient/trx/spooks_below/noise/sound_49.ogg	HELD-loop-surplus
AudioExpansion	ambient/trx/spooks_below/rats/sound_01.ogg	USED-shipped
AudioExpansion	ambient/trx/spooks_below/rats/sound_02.ogg	HELD-loop-surplus
AudioExpansion	ambient/trx/spooks_below/rats/sound_03.ogg	USED-shipped
AudioExpansion	ambient/trx/spooks_below/rats/sound_04.ogg	USED-shipped
AudioExpansion	ambient/trx/spooks_below/spooks/sound_01.ogg	USED-shipped
AudioExpansion	ambient/trx/spooks_below/spooks/sound_02.ogg	USED-shipped
AudioExpansion	ambient/trx/spooks_below/spooks/sound_03.ogg	USED-shipped
AudioExpansion	ambient/trx/spooks_below/spooks/sound_04.ogg	USED-shipped
AudioExpansion	ambient/trx/spooks_below/spooks/sound_05.ogg	USED-shipped
AudioExpansion	ambient/trx/spooks_below/spooks/sound_06.ogg	USED-shipped
AudioExpansion	ambient/trx/spooks_below/spooks/sound_07.ogg	USED-shipped
AudioExpansion	ambient/trx/spooks_below/spooks/sound_08.ogg	USED-shipped
AudioExpansion	ambient/trx/spooks_below/spooks/sound_09.ogg	USED-shipped
AudioExpansion	ambient/trx/spooks_below/water_drip/sound_01.ogg	USED-shipped
AudioExpansion	ambient/trx/spooks_below/water_drip/sound_02.ogg	USED-shipped
AudioExpansion	ambient/trx/spooks_below/water_drip/sound_03.ogg	USED-shipped
AudioExpansion	ambient/trx/spooks_below/water_drip/sound_04.ogg	USED-shipped
AudioExpansion	ambient/trx/spooks_below/water_drip/sound_05.ogg	USED-shipped
AudioExpansion	ambient/trx/spooks_below/water_drip/sound_06.ogg	USED-shipped
AudioExpansion	ambient/trx/spooks_below/water_drip/sound_07.ogg	USED-shipped
AudioExpansion	ambient/trx/spooks_below/water_drip/sound_08.ogg	USED-shipped
AudioExpansion	ambient/trx/underground_1.ogg	HELD-loop-surplus
AudioExpansion	ambient/trx/underground_2.ogg	HELD-loop-surplus
AudioExpansion	ambient/trx/underground_4.ogg	HELD-loop-surplus
AudioExpansion	ambient/ugrnd/ugrnd_whispers_1.ogg	HELD-loop-surplus
AudioExpansion	ambient/ugrnd/ugrnd_whispers_3.ogg	HELD-loop-surplus
AudioExpansion	ambient/whistling_wind1.ogg	off-scope-or-dup
AudioExpansion	nature/AniThunder1.ogg	HELD-loop-surplus
AudioExpansion	nature/AniThunder2.ogg	HELD-loop-surplus
AudioExpansion	nature/AniThunder3.ogg	HELD-loop-surplus
AudioExpansion	nature/AniThunder4.ogg	HELD-loop-surplus
AudioExpansion	nature/AniThunder5.ogg	HELD-loop-surplus
AudioExpansion	nature/AniThunder6.ogg	HELD-loop-surplus
AudioExpansion	nature/AniThunder7.ogg	HELD-loop-surplus
AudioExpansion	nature/AniThunder8.ogg	HELD-loop-surplus
AudioExpansion	nature/AniThunder9.ogg	HELD-loop-surplus
AudioExpansion	nature/stormstrikeclose1.ogg	USED-shipped
AudioExpansion	nature/stormstrikeclose10.ogg	USED-shipped
AudioExpansion	nature/stormstrikeclose11.ogg	USED-shipped
AudioExpansion	nature/stormstrikeclose12.ogg	USED-shipped
AudioExpansion	nature/stormstrikeclose2.ogg	USED-shipped
AudioExpansion	nature/stormstrikeclose3.ogg	USED-shipped
AudioExpansion	nature/stormstrikeclose4.ogg	USED-shipped
AudioExpansion	nature/stormstrikeclose5.ogg	HELD-loop-surplus
AudioExpansion	nature/stormstrikeclose6.ogg	USED-shipped
AudioExpansion	nature/stormstrikeclose7.ogg	USED-shipped
AudioExpansion	nature/stormstrikeclose8.ogg	USED-shipped
AudioExpansion	nature/stormstrikeclose9.ogg	USED-shipped
AudioExpansion	nature/stormstrikemedium1.ogg	USED-shipped
AudioExpansion	nature/stormstrikemedium10.ogg	USED-shipped
AudioExpansion	nature/stormstrikemedium11.ogg	USED-shipped
AudioExpansion	nature/stormstrikemedium12.ogg	USED-shipped
AudioExpansion	nature/stormstrikemedium2.ogg	USED-shipped
AudioExpansion	nature/stormstrikemedium3.ogg	USED-shipped
AudioExpansion	nature/stormstrikemedium4.ogg	HELD-loop-surplus
AudioExpansion	nature/stormstrikemedium5.ogg	USED-shipped
AudioExpansion	nature/stormstrikemedium6.ogg	USED-shipped
AudioExpansion	nature/stormstrikemedium7.ogg	USED-shipped
AudioExpansion	nature/stormstrikemedium8.ogg	USED-shipped
AudioExpansion	nature/stormstrikemedium9.ogg	USED-shipped
AudioExpansion	ambient/trx/nature/storm/sound_08.ogg	INTRA-DUP-excluded
AudioExpansion	ambient/trx/nature/storm/sound_11.ogg	INTRA-DUP-excluded
AudioExpansion	ambient/trx/nature/storm/sound_12.ogg	INTRA-DUP-excluded
AudioExpansion	ambient/trx/nature/storm/sound_13.ogg	INTRA-DUP-excluded
AudioExpansion	ambient/trx/nature/storm/sound_14.ogg	INTRA-DUP-excluded
AudioExpansion	ambient/trx/nature/storm/sound_16.ogg	INTRA-DUP-excluded
