deployed	category	orig_mod	orig_dir	orig_file	base_volume
zs\bats\1	bats	AudioExpansion	ambient/trx/spooks_below/bats	sound_01	3.174
zs\bats\2	bats	AudioExpansion	ambient/trx/spooks_below/bats	sound_02	2.416
zs\bats\3	bats	AudioExpansion	ambient/trx/nature/bats	sound_01	0.999
zs\bats\4	bats	AudioExpansion	ambient/trx/nature/bats	sound_02	1.068
zs\bats\5	bats	AudioExpansion	ambient/trx/spooks_below/bats	sound_03	5.35
zs\bats\6	bats	AudioExpansion	ambient/trx/nature/bats	sound_03	1.343
zs\bats\7	bats	AudioExpansion	ambient/trx/nature/bats	sound_04	2.418
zs\bats\8	bats	AudioExpansion	ambient/trx/nature/bats	sound_05	2.35
zs\bats\9	bats	AudioExpansion	ambient/trx/nature/bats	sound_06	3.097
zs\dark_signal\1	dark_signal	Amplified	radio/white_noise	white_noise_heavy_horror_1#white_noise_heavy_horror_1_000	2.322
zs\dark_signal\2	dark_signal	Amplified	radio/white_noise	white_noise_heavy_horror_1#white_noise_heavy_horror_1_001	1.703
zs\dark_signal\3	dark_signal	Amplified	radio/white_noise	white_noise_heavy_horror_1#white_noise_heavy_horror_1_002	3.634
zs\dark_signal\4	dark_signal	Amplified	radio/white_noise	white_noise_heavy_horror_1#white_noise_heavy_horror_1_003	1.083
zs\dark_signal\5	dark_signal	Amplified	radio/white_noise	white_noise_heavy_horror_1#white_noise_heavy_horror_1_004	4.186
zs\dark_signal\6	dark_signal	Amplified	radio/white_noise	white_noise_heavy_horror_1#white_noise_heavy_horror_1_005	3.487
zs\dark_signal\7	dark_signal	Amplified	radio/white_noise	white_noise_heavy_horror_1#white_noise_heavy_horror_1_006	3.482
zs\dark_signal\8	dark_signal	Amplified	radio/white_noise	white_noise_heavy_horror_1#white_noise_heavy_horror_1_007	4.358
zs\dark_signal\9	dark_signal	Amplified	radio/white_noise	white_noise_heavy_horror_1#white_noise_heavy_horror_1_008	10.72
zs\dark_signal\10	dark_signal	Amplified	ambient/soundscape/dark_signal	darksignal1	1.694
zs\dark_signal\11	dark_signal	Amplified	ambient/soundscape/dark_signal	darksignal10	1.813
zs\dark_signal\12	dark_signal	Amplified	ambient/soundscape/dark_signal	darksignal11	1.682
zs\dark_signal\13	dark_signal	Amplified	ambient/soundscape/dark_signal	darksignal12	3.366
zs\dark_signal\14	dark_signal	Amplified	ambient/soundscape/dark_signal	darksignal13	3.353
zs\dark_signal\15	dark_signal	Amplified	ambient/soundscape/dark_signal	darksignal14	3.381
zs\dark_signal\16	dark_signal	Amplified	ambient/soundscape/dark_signal	darksignal15	3.358
zs\dark_signal\17	dark_signal	Amplified	ambient/soundscape/dark_signal	darksignal16	3.359
zs\dark_signal\18	dark_signal	Amplified	ambient/soundscape/dark_signal	darksignal17	2.765
zs\dark_signal\19	dark_signal	Amplified	ambient/soundscape/dark_signal	darksignal18	3.39
zs\dark_signal\20	dark_signal	Amplified	ambient/soundscape/dark_signal	darksignal2	2.899
zs\dark_signal\21	dark_signal	Amplified	ambient/soundscape/dark_signal	darksignal3	3.106
zs\dark_signal\22	dark_signal	Amplified	ambient/soundscape/dark_signal	darksignal4	3.12
zs\dark_signal\23	dark_signal	Amplified	ambient/soundscape/dark_signal	darksignal5	2.683
zs\dark_signal\24	dark_signal	Amplified	ambient/soundscape/dark_signal	darksignal6	2.758
zs\dark_signal\25	dark_signal	Amplified	ambient/soundscape/dark_signal	darksignal7	3.258
zs\dark_signal\26	dark_signal	Amplified	ambient/soundscape/dark_signal	darksignal8	1.656
zs\dark_signal\27	dark_signal	Amplified	ambient/soundscape/dark_signal	darksignal9	3.331
zs\dark_signal\28	dark_signal	Amplified	ambient/soundscape/dark_signal	radiosignal1	8.061
zs\dark_signal\29	dark_signal	Amplified	ambient/soundscape/dark_signal	radiosignal10	10.737
zs\dark_signal\30	dark_signal	Amplified	ambient/soundscape/dark_signal	radiosignal11	6.552
zs\dark_signal\31	dark_signal	Amplified	ambient/soundscape/dark_signal	radiosignal12	3.247
zs\dark_signal\32	dark_signal	Amplified	ambient/soundscape/dark_signal	radiosignal13	9.408
zs\dark_signal\33	dark_signal	Amplified	ambient/soundscape/dark_signal	radiosignal14	4.097
zs\dark_signal\34	dark_signal	Amplified	ambient/soundscape/dark_signal	radiosignal15	6.127
zs\dark_signal\35	dark_signal	Amplified	ambient/soundscape/dark_signal	radiosignal16	2.937
zs\dark_signal\36	dark_signal	Amplified	ambient/soundscape/dark_signal	radiosignal17	5.443
zs\dark_signal\37	dark_signal	Amplified	ambient/soundscape/dark_signal	radiosignal18	8.536
zs\dark_signal\38	dark_signal	Amplified	ambient/soundscape/dark_signal	radiosignal19	8.289
zs\dark_signal\39	dark_signal	Amplified	ambient/soundscape/dark_signal	radiosignal2	6.516
zs\dark_signal\40	dark_signal	Amplified	ambient/soundscape/dark_signal	radiosignal20	8.064
zs\dark_signal\41	dark_signal	Amplified	ambient/soundscape/dark_signal	radiosignal21	4.771
zs\dark_signal\42	dark_signal	Amplified	ambient/soundscape/dark_signal	radiosignal22	8.033
zs\dark_signal\43	dark_signal	Amplified	ambient/soundscape/dark_signal	radiosignal23	2.902
zs\dark_signal\44	dark_signal	Amplified	ambient/soundscape/dark_signal	radiosignal24	5.949
zs\dark_signal\45	dark_signal	Amplified	ambient/soundscape/dark_signal	radiosignal25	4.741
zs\dark_signal\46	dark_signal	Amplified	ambient/soundscape/dark_signal	radiosignal26	4.574
zs\dark_signal\47	dark_signal	Amplified	ambient/soundscape/dark_signal	radiosignal27	10.654
zs\dark_signal\48	dark_signal	Amplified	ambient/soundscape/dark_signal	radiosignal28	6.683
zs\dark_signal\49	dark_signal	Amplified	ambient/soundscape/dark_signal	radiosignal29	7.986
zs\dark_signal\50	dark_signal	Amplified	ambient/soundscape/dark_signal	radiosignal3	7.96
zs\dark_signal\51	dark_signal	Amplified	ambient/soundscape/dark_signal	radiosignal30	8.398
zs\dark_signal\52	dark_signal	Amplified	ambient/soundscape/dark_signal	radiosignal31	4.392
zs\dark_signal\53	dark_signal	Amplified	ambient/soundscape/dark_signal	radiosignal32	7.962
zs\dark_signal\54	dark_signal	Amplified	ambient/soundscape/dark_signal	radiosignal4	8.343
zs\dark_signal\55	dark_signal	Amplified	ambient/soundscape/dark_signal	radiosignal5	4.414
zs\dark_signal\56	dark_signal	Amplified	ambient/soundscape/dark_signal	radiosignal6	6.723
zs\dark_signal\57	dark_signal	Amplified	ambient/soundscape/dark_signal	radiosignal7	7.391
zs\dark_signal\58	dark_signal	Amplified	ambient/soundscape/dark_signal	radiosignal8	4.107
zs\dark_signal\59	dark_signal	Amplified	ambient/soundscape/dark_signal	radiosignal9	6.318
zs\drip\1	drip	Amplified	ambient/soundscape/underground/spooks_below/water_drip	sound_01	6.694
zs\drip\2	drip	Amplified	ambient/soundscape/underground/spooks_below/water_drip	sound_02	1.488
zs\drip\3	drip	Amplified	ambient/soundscape/underground/spooks_below/water_drip	sound_03	1.108
zs\drip\4	drip	Amplified	ambient/soundscape/underground/spooks_below/water_drip	sound_04	1.997
zs\drip\5	drip	Amplified	ambient/soundscape/underground/spooks_below/water_drip	sound_05	4.757
zs\drip\6	drip	Amplified	ambient/soundscape/underground/spooks_below/water_drip	sound_06	1.281
zs\drip\7	drip	Amplified	ambient/soundscape/underground/spooks_below/water_drip	sound_07	10.591
zs\drip\8	drip	Amplified	ambient/soundscape/underground/spooks_below/water_drip	sound_08	6.859
zs\drip\9	drip	Amplified	ambient/soundscape/underground/spooks_below/water_drip	sound_09	4.387
zs\drip\10	drip	Amplified	ambient/soundscape/underground/spooks_below/water_drip	sound_10	1.141
zs\drip\11	drip	AudioExpansion	ambient/trx/spooks_below/water_drip	sound_06	13.712
zs\drone\1	drone	Soundscape	ambient/trx/spooks_above/drone	sound_04	3.163
zs\drone\2	drone	Soundscape	ambient/trx/spooks_above/drone	sound_05	5.417
zs\drone\3	drone	Soundscape	ambient/trx/spooks_above/drone	sound_08	2.787
zs\drone\4	drone	Soundscape	ambient/trx/spooks_above/drone	sound_09	2.778
zs\drone\5	drone	Soundscape	ambient/trx/spooks_above/drone	sound_10	3.159
zs\drone\6	drone	Soundscape	ambient/trx/spooks_above/drone	sound_11	3.215
zs\drone\7	drone	Soundscape	ambient/trx/spooks_above/drone	sound_01	5.002
zs\drone\8	drone	Soundscape	ambient/trx/spooks_above/drone	sound_02	2.84
zs\drone\9	drone	Soundscape	ambient/trx/spooks_above/drone	sound_03	2.588
zs\drone\10	drone	Soundscape	ambient/trx/spooks_above/drone	sound_06	2.86
zs\drone\11	drone	Soundscape	ambient/trx/spooks_above/drone	sound_07	2.981
zs\drone\12	drone	Soundscape	ambient/soundscape/underground/spooks_below/drone	sound_01	0.888
zs\drone\13	drone	Soundscape	ambient/soundscape/underground/spooks_below/drone	sound_02	0.885
zs\drone\14	drone	Soundscape	ambient/soundscape/underground/spooks_below/drone	sound_03	0.876
zs\drone\15	drone	Soundscape	ambient/soundscape/underground/spooks_below/drone	sound_04	0.891
zs\drone\16	drone	Soundscape	ambient/soundscape/underground/spooks_below/drone	sound_05	0.905
zs\drone\17	drone	Soundscape	ambient/soundscape/underground/spooks_below/drone	sound_06	0.887
zs\drone\18	drone	Soundscape	ambient/soundscape/underground/spooks_below/drone	sound_07	0.967
zs\drone\19	drone	Soundscape	ambient/soundscape/underground/spooks_below/drone	sound_08	0.917
zs\drone\20	drone	Soundscape	ambient/soundscape/underground/spooks_below/drone	sound_09	0.965
zs\drone\21	drone	Soundscape	ambient/soundscape/underground/spooks_below/drone	sound_10	1.062
zs\drone\22	drone	RETUNE457	ambient/soundscape/underground/spooks_below/drone	sound_01	15.921
zs\drone\23	drone	RETUNE457	ambient/soundscape/underground/spooks_below/drone	sound_02	16.11
zs\drone\24	drone	RETUNE457	ambient/trx/spooks_below/drone	sound_03	11.091
zs\drone\25	drone	RETUNE457	ambient/soundscape/underground/spooks_below/drone	sound_03	15.726
zs\drone\26	drone	RETUNE457	ambient/trx/spooks_below/drone	sound_04	6.325
zs\drone\27	drone	RETUNE457	ambient/soundscape/underground/spooks_below/drone	sound_04	16.358
zs\drone\28	drone	RETUNE457	ambient/trx/spooks_below/drone	sound_05	7.322
zs\drone\29	drone	RETUNE457	ambient/soundscape/underground/spooks_below/drone	sound_05	16.169
zs\drone\30	drone	RETUNE457	ambient/soundscape/underground/spooks_below/drone	sound_06	17.153
zs\drone\31	drone	RETUNE457	ambient/trx/spooks_below/drone	sound_07	5.696
zs\drone\32	drone	RETUNE457	ambient/trx/spooks_below/drone	sound_08	5.203
zs\drone\33	drone	RETUNE457	ambient/trx/spooks_below/drone	sound_09	5.921
zs\drone\34	drone	RETUNE457	ambient/trx/spooks_below/drone	sound_10	5.061
zs\drone\35	drone	RETUNE457	ambient/soundscape/underground/spooks_below/drone	sound_10	2.794
zs\drone\36	drone	RETUNE457	ambient/trx/spooks_below/drone	sound_11	5.292
zs\drone\37	drone	RETUNE457	ambient/soundscape/underground/spooks_below/drone	sound_11	17.048
zs\drone\38	drone	RETUNE457	ambient/soundscape/underground/spooks_below/drone	sound_07	3.062
zs\drone\39	drone	RETUNE457	ambient/soundscape/underground/spooks_below/drone	sound_08	3.378
zs\drone\40	drone	RETUNE457	ambient/soundscape/underground/spooks_below/drone	sound_09	3.487
zs\drone\41	drone	myRETUNE	ambient/trx/spooks_above/drone	s_01	3.327
zs\drone\42	drone	myRETUNE	ambient/trx/spooks_above/drone	s_02	11.183
zs\drone\43	drone	myRETUNE	ambient/trx/spooks_above/drone	s_03	2.146
zs\drone\44	drone	myRETUNE	ambient/trx/spooks_above/drone	s_04	13.846
zs\drone\45	drone	myRETUNE	ambient/trx/spooks_above/drone	s_05	5.156
zs\drone\46	drone	myRETUNE	ambient/trx/spooks_above/drone	s_06	2.509
zs\drone\47	drone	myRETUNE	ambient/trx/spooks_above/drone	s_07	1.41
zs\drone\48	drone	myRETUNE	ambient/trx/spooks_above/drone	s_08	15.469
zs\drone\49	drone	myRETUNE	ambient/trx/spooks_above/drone	s_09	14.986
zs\drone\50	drone	myRETUNE	ambient/trx/spooks_above/drone	s_10	14.7
zs\drone\51	drone	myRETUNE	ambient/trx/spooks_above/drone	s_11	8.795
zs\drone\52	drone	myRETUNE	ambient/trx/spooks_above/drone	s_12	16.905
zs\drone\53	drone	myRETUNE	ambient/trx/spooks_above/drone	s_13	8.169
zs\drone\54	drone	myRETUNE	ambient/trx/spooks_above/drone	s_14	4.085
zs\drone\55	drone	AudioExpansion	ambient/trx/spooks_below/drone	sound_01	16.837
zs\drone\56	drone	AudioExpansion	ambient/trx/spooks_below/drone	sound_02	14.424
zs\drone\57	drone	AudioExpansion	ambient/trx/spooks_below/drone	sound_03	12.285
zs\drone\58	drone	AudioExpansion	ambient/trx/spooks_below/drone	sound_04	9.81
zs\drone\59	drone	AudioExpansion	ambient/trx/spooks_below/drone	sound_05	7.225
zs\drone\60	drone	AudioExpansion	ambient/trx/spooks_below/drone	sound_06	9.257
zs\drone\61	drone	AudioExpansion	ambient/trx/spooks_below/drone	sound_07	11.628
zs\drone\62	drone	AudioExpansion	ambient/trx/spooks_below/drone	sound_08	12.174
zs\foliage\1	foliage	Amplified	ambient/soundscape/foliage	bigsnap1	16.36
zs\foliage\2	foliage	Amplified	ambient/soundscape/foliage	bigsnap10	17.376
zs\foliage\3	foliage	Amplified	ambient/soundscape/foliage	bigsnap11	16.989
zs\foliage\4	foliage	Amplified	ambient/soundscape/foliage	bigsnap12	17.281
zs\foliage\5	foliage	Amplified	ambient/soundscape/foliage	bigsnap13	16.511
zs\foliage\6	foliage	Amplified	ambient/soundscape/foliage	bigsnap14	17.805
zs\foliage\7	foliage	Amplified	ambient/soundscape/foliage	bigsnap15	17.315
zs\foliage\8	foliage	Amplified	ambient/soundscape/foliage	bigsnap2	17.893
zs\foliage\9	foliage	Amplified	ambient/soundscape/foliage	bigsnap3	17.043
zs\foliage\10	foliage	Amplified	ambient/soundscape/foliage	bigsnap4	16.951
zs\foliage\11	foliage	Amplified	ambient/soundscape/foliage	bigsnap5	16.859
zs\foliage\12	foliage	Amplified	ambient/soundscape/foliage	bigsnap6	17.521
zs\foliage\13	foliage	Amplified	ambient/soundscape/foliage	bigsnap7	13.068
zs\foliage\14	foliage	Amplified	ambient/soundscape/foliage	bigsnap8	16.765
zs\foliage\15	foliage	Amplified	ambient/soundscape/foliage	bigsnap9	12.162
zs\foliage\16	foliage	Amplified	ambient/soundscape/foliage	Foliage1	18.817
zs\foliage\17	foliage	Amplified	ambient/soundscape/foliage	Foliage12	21.306
zs\foliage\18	foliage	Amplified	ambient/soundscape/foliage	Foliage13	27.877
zs\foliage\19	foliage	Amplified	ambient/soundscape/foliage	Foliage4	16.448
zs\foliage\20	foliage	Amplified	ambient/soundscape/foliage	snap1	15.886
zs\foliage\21	foliage	Amplified	ambient/soundscape/foliage	snap11	16.806
zs\foliage\22	foliage	Amplified	ambient/soundscape/foliage	snap13	27.927
zs\foliage\23	foliage	Amplified	ambient/soundscape/foliage	snap16	14.349
zs\foliage\24	foliage	Amplified	ambient/soundscape/foliage	snap17	23.861
zs\foliage\25	foliage	Amplified	ambient/soundscape/foliage	snap18	15.05
zs\foliage\26	foliage	Amplified	ambient/soundscape/foliage	snap19	17.67
zs\foliage\27	foliage	Amplified	ambient/soundscape/foliage	snap4	17.828
zs\foliage\28	foliage	Amplified	ambient/soundscape/foliage	snap5	24.011
zs\foliage\29	foliage	Amplified	ambient/soundscape/foliage	snap7	14.933
zs\foliage\30	foliage	Amplified	ambient/soundscape/foliage	snap8	10.117
zs\foliage\31	foliage	Amplified	ambient/soundscape/foliage	snap9	6.736
zs\foliage\32	foliage	Amplified	ambient/soundscape/foliage	snap14	24.544
zs\foliage\33	foliage	Amplified	ambient/soundscape/foliage	snap3	8.287
zs\foliage\34	foliage	Amplified	ambient/soundscape/foliage	Snapmed1	16.965
zs\foliage\35	foliage	Amplified	ambient/soundscape/foliage	Snapmed10	17.815
zs\foliage\36	foliage	Amplified	ambient/soundscape/foliage	Snapmed11	18.128
zs\foliage\37	foliage	Amplified	ambient/soundscape/foliage	Snapmed12	17.069
zs\foliage\38	foliage	Amplified	ambient/soundscape/foliage	Snapmed13	12.343
zs\foliage\39	foliage	Amplified	ambient/soundscape/foliage	Snapmed2	18.337
zs\foliage\40	foliage	Amplified	ambient/soundscape/foliage	Snapmed3	18.196
zs\foliage\41	foliage	Amplified	ambient/soundscape/foliage	Snapmed4	20.483
zs\foliage\42	foliage	Amplified	ambient/soundscape/foliage	Snapmed5	19.35
zs\foliage\43	foliage	Amplified	ambient/soundscape/foliage	Snapmed6	17.029
zs\foliage\44	foliage	Amplified	ambient/soundscape/foliage	Snapmed7	17.664
zs\foliage\45	foliage	Amplified	ambient/soundscape/foliage	Snapmed8	17.448
zs\foliage\46	foliage	Amplified	ambient/soundscape/foliage	Snapmed9	18.844
zs\foliage\47	foliage	Amplified	ambient/soundscape/foliage	Spooksnap1	11.195
zs\foliage\48	foliage	Amplified	ambient/soundscape/foliage	Spooksnap2	11.027
zs\foliage\49	foliage	Amplified	ambient/soundscape/foliage	Spooksnap3	14.615
zs\foliage\50	foliage	Amplified	ambient/soundscape/foliage	Spooksnap4	10.149
zs\foliage\51	foliage	Amplified	ambient/soundscape/foliage	Spooksnap5	7.722
zs\foliage\52	foliage	Amplified	ambient/soundscape/foliage	Spooksnap6	11.182
zs\foliage\53	foliage	Amplified	ambient/soundscape/foliage	Spooksnap7	12.065
zs\foliage\54	foliage	Amplified	ambient/soundscape/foliage	spookSway1	16.215
zs\foliage\55	foliage	Amplified	ambient/soundscape/foliage	spookSway10	16.8
zs\foliage\56	foliage	Amplified	ambient/soundscape/foliage	spookSway11	14.282
zs\foliage\57	foliage	Amplified	ambient/soundscape/foliage	spookSway12	16.192
zs\foliage\58	foliage	Amplified	ambient/soundscape/foliage	spookSway3	14.392
zs\foliage\59	foliage	Amplified	ambient/soundscape/foliage	spookSway4	16.769
zs\foliage\60	foliage	Amplified	ambient/soundscape/foliage	spookSway5	18.207
zs\foliage\61	foliage	Amplified	ambient/soundscape/foliage	spookSway6	15.571
zs\foliage\62	foliage	Amplified	ambient/soundscape/foliage	spookSway7	10.185
zs\foliage\63	foliage	Amplified	ambient/soundscape/foliage	spookSway8	25.775
zs\foliage\64	foliage	Amplified	ambient/soundscape/foliage	spookSway9	15.426
zs\foliage\65	foliage	Amplified	ambient/soundscape/foliage	Sway_2	19.055
zs\foliage\66	foliage	Amplified	ambient/soundscape/foliage	Sway_4	25.593
zs\foliage\67	foliage	Amplified	ambient/soundscape/foliage	Sway_10	22.298
zs\foliage\68	foliage	Amplified	ambient/soundscape/foliage	Sway_11	18.592
zs\foliage\69	foliage	Amplified	ambient/soundscape/foliage	Sway_13	18.041
zs\foliage\70	foliage	Amplified	ambient/soundscape/foliage	Sway_14	22.84
zs\foliage\71	foliage	Amplified	ambient/soundscape/foliage	Sway_15	19.346
zs\foliage\72	foliage	Amplified	ambient/soundscape/foliage	Sway_16	16.319
zs\foliage\73	foliage	Amplified	ambient/soundscape/foliage	Sway_5	27.974
zs\foliage\74	foliage	AudioExpansion	ambient/trx/nature/rustle	sound_01	8.983
zs\foliage\75	foliage	AudioExpansion	ambient/trx/nature/rustle	sound_02	6.614
zs\foliage\76	foliage	AudioExpansion	ambient/trx/nature/rustle	sound_03	7.177
zs\foliage\77	foliage	AudioExpansion	ambient/trx/nature/rustle	sound_04	7.462
zs\foliage\78	foliage	AudioExpansion	ambient/trx/nature/rustle	sound_05	7.65
zs\foliage\79	foliage	AudioExpansion	ambient/trx/nature/rustle	sound_06	12.916
zs\foliage\80	foliage	AudioExpansion	ambient/trx/nature/rustle	sound_07	14.827
zs\foliage\81	foliage	AudioExpansion	ambient/trx/nature/rustle	sound_08	18.06
zs\foliage\82	foliage	AudioExpansion	ambient/trx/nature/rustle	sound_09	20.721
zs\foliage\83	foliage	AudioExpansion	ambient/trx/nature/rustle	sound_10	14.657
zs\foliage\84	foliage	AudioExpansion	ambient/trx/nature/rustle	sound_11	12.529
zs\gunfire\1	gunfire	Amplified	ambient/trx/spooks_above/shooting	sound_01	8.851
zs\gunfire\2	gunfire	Amplified	ambient/trx/spooks_above/shooting	sound_02	6.547
zs\gunfire\3	gunfire	Amplified	ambient/trx/spooks_above/shooting	sound_03	7.308
zs\gunfire\4	gunfire	Amplified	ambient/trx/spooks_above/shooting	sound_06	7.825
zs\gunfire\5	gunfire	Amplified	ambient/trx/spooks_above/shooting	sound_07	9.086
zs\gunfire\6	gunfire	Amplified	ambient/trx/spooks_above/shooting	sound_34	3.021
zs\gunfire\7	gunfire	Amplified	ambient/trx/spooks_above/shooting	sound_30	2.187
zs\gunfire\8	gunfire	Amplified	ambient/trx/spooks_above/shooting	sound_10	3.005
zs\gunfire\9	gunfire	Amplified	ambient/trx/spooks_above/shooting	sound_11	2.323
zs\gunfire\10	gunfire	Amplified	ambient/trx/spooks_above/shooting	sound_13	2.417
zs\gunfire\11	gunfire	Amplified	ambient/trx/spooks_above/shooting	sound_14	2.756
zs\gunfire\12	gunfire	Amplified	ambient/trx/spooks_above/shooting	sound_17	7.046
zs\gunfire\13	gunfire	Amplified	ambient/trx/spooks_above/shooting	sound_18	2.123
zs\gunfire\14	gunfire	Amplified	ambient/trx/spooks_above/shooting	sound_19	7.872
zs\gunfire\15	gunfire	Amplified	ambient/trx/spooks_above/shooting	sound_20	7.845
zs\gunfire\16	gunfire	Amplified	ambient/trx/spooks_above/shooting	sound_21	11.266
zs\gunfire\17	gunfire	Amplified	ambient/trx/spooks_above/shooting	sound_23	9.606
zs\gunfire\18	gunfire	Amplified	ambient/trx/spooks_above/shooting	sound_24	18.002
zs\gunfire\19	gunfire	Amplified	ambient/trx/spooks_above/shooting	sound_25	10.723
zs\gunfire\20	gunfire	Amplified	ambient/trx/spooks_above/shooting	sound_26	1.701
zs\gunfire\21	gunfire	Amplified	ambient/trx/spooks_above/shooting	sound_27	9.222
zs\gunfire\22	gunfire	Amplified	ambient/trx/spooks_above/shooting	sound_28	12.567
zs\gunfire\23	gunfire	Amplified	ambient/trx/spooks_above/shooting	sound_29	10.31
zs\gunfire\24	gunfire	Amplified	ambient/trx/spooks_above/shooting	sound_33	1.473
zs\gunfire\25	gunfire	Amplified	ambient/trx/spooks_above/shooting	sound_35	3.003
zs\gunfire\26	gunfire	RETUNE457	ambient/trx/spooks_above/shooting	sound_01	1.809
zs\gunfire\27	gunfire	RETUNE457	ambient/trx/spooks_above/shooting	sound_02	1.966
zs\gunfire\28	gunfire	RETUNE457	ambient/trx/spooks_above/shooting	sound_03	4.418
zs\gunfire\29	gunfire	RETUNE457	ambient/trx/spooks_above/shooting	sound_04	7.531
zs\gunfire\30	gunfire	RETUNE457	ambient/trx/spooks_above/shooting	sound_05	5.393
zs\gunfire\31	gunfire	RETUNE457	ambient/trx/spooks_above/shooting	sound_06	8.874
zs\gunfire\32	gunfire	RETUNE457	ambient/trx/spooks_above/shooting	sound_07	2.222
zs\gunfire\33	gunfire	RETUNE457	ambient/trx/spooks_above/shooting	sound_08	2.311
zs\gunfire\34	gunfire	RETUNE457	ambient/trx/spooks_above/shooting	sound_09	3.778
zs\gunfire\35	gunfire	RETUNE457	ambient/trx/spooks_above/shooting	sound_10	2.64
zs\gunfire\36	gunfire	RETUNE457	ambient/trx/spooks_above/shooting	sound_11	5.253
zs\gunfire\37	gunfire	RETUNE457	ambient/trx/spooks_above/shooting	sound_12	8.811
zs\gunfire\38	gunfire	RETUNE457	ambient/trx/spooks_above/shooting	sound_13	6.466
zs\gunfire\39	gunfire	RETUNE457	ambient/trx/spooks_above/shooting	sound_14	4.106
zs\gunfire\40	gunfire	RETUNE457	ambient/trx/spooks_above/shooting	sound_15	8.093
zs\gunfire\41	gunfire	RETUNE457	ambient/trx/spooks_above/shooting	sound_16	7.452
zs\gunfire\42	gunfire	RETUNE457	ambient/trx/spooks_above/shooting	sound_17	5.098
zs\gunfire\43	gunfire	RETUNE457	ambient/trx/spooks_above/shooting	sound_18	8.444
zs\gunfire\44	gunfire	RETUNE457	ambient/trx/spooks_above/shooting	sound_20	1.637
zs\gunfire\45	gunfire	RETUNE457	ambient/trx/spooks_above/shooting	sound_21	2.522
zs\gunfire\46	gunfire	RETUNE457	ambient/trx/spooks_above/shooting	sound_22	4.494
zs\gunfire\47	gunfire	RETUNE457	ambient/trx/spooks_above/shooting	sound_23	6.324
zs\gunfire\48	gunfire	RETUNE457	ambient/trx/spooks_above/shooting	sound_24	2.626
zs\gunfire\49	gunfire	RETUNE457	ambient/trx/spooks_above/shooting	sound_25	4.888
zs\gunfire\50	gunfire	RETUNE457	ambient/trx/spooks_above/shooting	sound_27	2.285
zs\gunfire\51	gunfire	RETUNE457	ambient/trx/spooks_above/shooting	sound_28	4.652
zs\gunfire\52	gunfire	RETUNE457	ambient/trx/spooks_above/shooting	sound_29	3.968
zs\gunfire\53	gunfire	RETUNE457	ambient/trx/spooks_above/shooting	sound_30	3.234
zs\gunfire\54	gunfire	RETUNE457	ambient/trx/spooks_above/shooting	sound_31	2.774
zs\gunfire\55	gunfire	RETUNE457	ambient/trx/spooks_above/shooting	sound_32	4.733
zs\gunfire\56	gunfire	vanilla	ambient/trx/spooks_above/shooting	sound_20	7.845
zs\gunfire\57	gunfire	vanilla	ambient/trx/spooks_above/shooting	sound_23	9.606
zs\gunfire\58	gunfire	vanilla	ambient/trx/spooks_above/shooting	sound_26	1.701
zs\gunfire\59	gunfire	vanilla	ambient/trx/spooks_above/shooting	sound_29	10.31
zs\gunfire\60	gunfire	vanilla	ambient/trx/spooks_above/shooting	sound_33	1.473
zs\industrial\1	industrial	Amplified	ambient/soundscape/Spoops/day_drones	drone1	8.191
zs\industrial\2	industrial	Amplified	ambient/soundscape/Spoops/day_drones	drone10	22.081
zs\industrial\3	industrial	Amplified	ambient/soundscape/Spoops/drones	drone28	19.397
zs\industrial\4	industrial	Amplified	ambient/soundscape/Spoops/day_drones	drone11	7.655
zs\industrial\5	industrial	Amplified	ambient/soundscape/Spoops/day_drones	drone14	6.86
zs\industrial\6	industrial	Amplified	ambient/soundscape/Spoops/day_drones	drone15	8.411
zs\industrial\7	industrial	Amplified	ambient/soundscape/Spoops/day_drones	drone16	22.22
zs\industrial\8	industrial	Amplified	ambient/soundscape/Spoops/day_drones	drone17	4.69
zs\industrial\9	industrial	Amplified	ambient/soundscape/Spoops/day_drones	drone18	5.347
zs\industrial\10	industrial	Amplified	ambient/soundscape/Spoops/day_drones	drone2	7.643
zs\industrial\11	industrial	Amplified	ambient/soundscape/Spoops/day_drones	drone20	9.909
zs\industrial\12	industrial	Amplified	ambient/soundscape/Spoops/day_drones	drone21	4.775
zs\industrial\13	industrial	Amplified	ambient/soundscape/Spoops/day_drones	drone22	9.682
zs\industrial\14	industrial	Amplified	ambient/soundscape/Spoops/day_drones	drone23	4.515
zs\industrial\15	industrial	Amplified	ambient/soundscape/Spoops/day_drones	drone24	4.791
zs\industrial\16	industrial	Amplified	ambient/soundscape/Spoops/day_drones	drone25	6.823
zs\industrial\17	industrial	Amplified	ambient/soundscape/Spoops/day_drones	drone3	5.982
zs\industrial\18	industrial	Amplified	ambient/soundscape/Spoops/day_drones	drone4	6.501
zs\industrial\19	industrial	Amplified	ambient/soundscape/Spoops/day_drones	drone5	15.586
zs\industrial\20	industrial	Amplified	ambient/soundscape/Spoops/drones	drone17	13.759
zs\industrial\21	industrial	Amplified	ambient/soundscape/Spoops/day_drones	drone6	11.256
zs\industrial\22	industrial	Amplified	ambient/soundscape/Spoops/day_drones	drone7	8.518
zs\industrial\23	industrial	Amplified	ambient/soundscape/Spoops/day_drones	drone9	26.508
zs\industrial\24	industrial	Amplified	ambient/soundscape/Spoops/drones	drone10	12.699
zs\industrial\25	industrial	Amplified	ambient/soundscape/Spoops/drones	drone11	7.886
zs\industrial\26	industrial	Amplified	ambient/soundscape/Spoops/drones	drone12	14.463
zs\industrial\27	industrial	Amplified	ambient/soundscape/Spoops/drones	drone13	7.942
zs\industrial\28	industrial	Amplified	ambient/soundscape/Spoops/drones	drone14	7.536
zs\industrial\29	industrial	Amplified	ambient/soundscape/Spoops/drones	drone15	9.71
zs\industrial\30	industrial	Amplified	ambient/soundscape/Spoops/drones	drone16	11.31
zs\industrial\31	industrial	Amplified	ambient/soundscape/Spoops/drones	drone18	4.501
zs\industrial\32	industrial	Amplified	ambient/soundscape/Spoops/drones	drone19	24.663
zs\industrial\33	industrial	Amplified	ambient/soundscape/Spoops/drones	drone2	11.981
zs\industrial\34	industrial	Amplified	ambient/soundscape/Spoops/drones	drone20	6.722
zs\industrial\35	industrial	Amplified	ambient/soundscape/Spoops/drones	drone21	6.671
zs\industrial\36	industrial	Amplified	ambient/soundscape/Spoops/drones	drone22	6.364
zs\industrial\37	industrial	Amplified	ambient/soundscape/Spoops/drones	drone25	10.909
zs\industrial\38	industrial	Amplified	ambient/soundscape/Spoops/drones	drone26	7.803
zs\industrial\39	industrial	Amplified	ambient/soundscape/Spoops/drones	drone29	18.252
zs\industrial\40	industrial	Amplified	ambient/soundscape/Spoops/drones	drone3	21.702
zs\industrial\41	industrial	Amplified	ambient/soundscape/Spoops/drones	drone33	23.164
zs\industrial\42	industrial	Amplified	ambient/soundscape/Spoops/drones	drone34	19.397
zs\industrial\43	industrial	Amplified	ambient/soundscape/Spoops/drones	drone35	17.265
zs\industrial\44	industrial	Amplified	ambient/soundscape/Spoops/drones	drone36	20.122
zs\industrial\45	industrial	Amplified	ambient/soundscape/Spoops/drones	drone37	23.197
zs\industrial\46	industrial	Amplified	ambient/soundscape/Spoops/drones	drone38	17.177
zs\industrial\47	industrial	Amplified	ambient/soundscape/Spoops/drones	drone39	20.699
zs\industrial\48	industrial	Amplified	ambient/soundscape/Spoops/drones	drone40	3.377
zs\industrial\49	industrial	Amplified	ambient/soundscape/Spoops/drones	drone5	6.564
zs\industrial\50	industrial	Amplified	ambient/soundscape/Spoops/drones	drone8	4.824
zs\industrial\51	industrial	Amplified	ambient/soundscape/Spoops/drones	drone9	7.935
zs\industrial\52	industrial	Amplified	ambient/soundscape/Spoops/urban_drones	drone1	16.429
zs\industrial\53	industrial	Amplified	ambient/soundscape/Spoops/urban_drones	drone14	21.09
zs\industrial\54	industrial	Amplified	ambient/soundscape/Spoops/urban_drones	drone15	14.479
zs\industrial\55	industrial	Amplified	ambient/soundscape/Spoops/urban_drones	drone16	14.882
zs\industrial\56	industrial	Amplified	ambient/soundscape/Spoops/urban_drones	drone17	19.828
zs\industrial\57	industrial	Amplified	ambient/soundscape/Spoops/urban_drones	drone18	14.221
zs\industrial\58	industrial	Amplified	ambient/soundscape/Spoops/urban_drones	drone19	11.111
zs\industrial\59	industrial	Amplified	ambient/soundscape/Spoops/urban_drones	drone2	10.093
zs\industrial\60	industrial	Amplified	ambient/soundscape/Spoops/urban_drones	drone20	28.116
zs\industrial\61	industrial	Amplified	ambient/soundscape/Spoops/urban_drones	drone21	5.405
zs\industrial\62	industrial	Amplified	ambient/soundscape/Spoops/urban_drones	drone24	10.353
zs\industrial\63	industrial	Amplified	ambient/soundscape/Spoops/urban_drones	drone26	21.876
zs\industrial\64	industrial	Amplified	ambient/soundscape/Spoops/urban_drones	drone29	14.402
zs\industrial\65	industrial	Amplified	ambient/soundscape/Spoops/urban_drones	drone3	9.487
zs\industrial\66	industrial	Amplified	ambient/soundscape/Spoops/urban_drones	drone30	16.181
zs\industrial\67	industrial	Amplified	ambient/soundscape/Spoops/urban_drones	drone31	11.447
zs\industrial\68	industrial	Amplified	ambient/soundscape/Spoops/urban_drones	drone32	24.679
zs\industrial\69	industrial	Amplified	ambient/soundscape/Spoops/urban_drones	drone33	20.832
zs\industrial\70	industrial	Amplified	ambient/soundscape/Spoops/urban_drones	drone34	12.655
zs\industrial\71	industrial	Amplified	ambient/soundscape/Spoops/urban_drones	drone35	11.934
zs\industrial\72	industrial	Amplified	ambient/soundscape/Spoops/urban_drones	drone36	12.353
zs\industrial\73	industrial	Amplified	ambient/soundscape/Spoops/urban_drones	drone37	19.427
zs\industrial\74	industrial	Amplified	ambient/soundscape/Spoops/urban_drones	drone38	17.36
zs\industrial\75	industrial	Amplified	ambient/soundscape/Spoops/urban_drones	drone39	3.527
zs\industrial\76	industrial	Amplified	ambient/soundscape/Spoops/urban_drones	drone4	12.394
zs\industrial\77	industrial	Amplified	ambient/soundscape/Spoops/urban_drones	drone40	21.633
zs\industrial\78	industrial	Amplified	ambient/soundscape/Spoops/urban_drones	drone41	28.147
zs\industrial\79	industrial	Amplified	ambient/soundscape/Spoops/urban_drones	drone42	26.442
zs\industrial\80	industrial	Amplified	ambient/soundscape/Spoops/urban_drones	drone44	25.133
zs\industrial\81	industrial	Amplified	ambient/soundscape/Spoops/urban_drones	drone45	16.721
zs\industrial\82	industrial	Amplified	ambient/soundscape/Spoops/urban_drones	drone46	17.025
zs\industrial\83	industrial	Amplified	ambient/soundscape/Spoops/urban_drones	drone47	21.437
zs\industrial\84	industrial	Amplified	ambient/soundscape/Spoops/urban_drones	drone48	14.881
zs\industrial\85	industrial	Amplified	ambient/soundscape/Spoops/urban_drones	drone50	11.865
zs\industrial\86	industrial	Amplified	ambient/soundscape/Spoops/urban_drones	drone51	17.701
zs\industrial\87	industrial	Amplified	ambient/soundscape/Spoops/urban_drones	drone52	27.312
zs\industrial\88	industrial	Amplified	ambient/soundscape/Spoops/urban_drones	drone6	12.315
zs\industrial\89	industrial	Amplified	ambient/soundscape/Spoops/urban_drones	drone7	8.474
zs\industrial\90	industrial	Amplified	ambient/soundscape/Spoops/urban_drones	drone8	11.191
zs\labs\1	labs	Amplified	ambient/underground	steam_1	1.463
zs\labs\2	labs	Amplified	ambient/x16	klaxon_1	1.652
zs\labs\3	labs	Amplified	ambient/x16	klaxon_2	1.511
zs\labs\4	labs	Amplified	ambient/x16	klaxon_3	1.506
zs\labs\5	labs	Amplified	ambient/x16	x16_begin	0.498
zs\labs\6	labs	Amplified	ambient/x16	x16_brain_stop	0.801
zs\labs\7	labs	Amplified	ambient/x16	x16_engine1_run	1.637
zs\labs\8	labs	Amplified	ambient/x16	x16_engine2_run	0.893
zs\labs\9	labs	Amplified	ambient/soundscape/underground	under_1	2.886
zs\labs\10	labs	Amplified	ambient/soundscape/underground	under_10	1.596
zs\labs\11	labs	Amplified	ambient/soundscape/underground	under_100	13.831
zs\labs\12	labs	Amplified	ambient/soundscape/underground	under_98	8.414
zs\labs\13	labs	Amplified	ambient/soundscape/underground	under_99	6.023
zs\labs\14	labs	Amplified	ambient/soundscape/underground	under_11	1.805
zs\labs\15	labs	Amplified	ambient/soundscape/underground	under_12	1.787
zs\labs\16	labs	Amplified	ambient/soundscape/underground	under_13	3.438
zs\labs\17	labs	Amplified	ambient/soundscape/underground	under_14	1.812
zs\labs\18	labs	Amplified	ambient/soundscape/underground	under_15	8.378
zs\labs\19	labs	Amplified	ambient/soundscape/underground	under_16	1.603
zs\labs\20	labs	Amplified	ambient/soundscape/underground	under_17	0.986
zs\labs\21	labs	Amplified	ambient/soundscape/underground	under_18	0.88
zs\labs\22	labs	Amplified	ambient/soundscape/underground	under_19	1.541
zs\labs\23	labs	Amplified	ambient/soundscape/underground	under_2	3.143
zs\labs\24	labs	Amplified	ambient/soundscape/underground	under_20	3.359
zs\labs\25	labs	Amplified	ambient/soundscape/underground	under_21	0.966
zs\labs\26	labs	Amplified	ambient/soundscape/underground	under_22	1.605
zs\labs\27	labs	Amplified	ambient/soundscape/underground	under_23	1.628
zs\labs\28	labs	Amplified	ambient/soundscape/underground	under_24	0.91
zs\labs\29	labs	Amplified	ambient/soundscape/underground	under_26	10.084
zs\labs\30	labs	Amplified	ambient/soundscape/underground	under_28	25.054
zs\labs\31	labs	Amplified	ambient/soundscape/underground	under_29	4.507
zs\labs\32	labs	Amplified	ambient/soundscape/underground	under_3	0.912
zs\labs\33	labs	Amplified	ambient/soundscape/underground	under_30	4.577
zs\labs\34	labs	Amplified	ambient/soundscape/underground	under_31	23.505
zs\labs\35	labs	Amplified	ambient/soundscape/underground	under_32	5.518
zs\labs\36	labs	Amplified	ambient/soundscape/underground	under_33	7.396
zs\labs\37	labs	Amplified	ambient/soundscape/underground	under_34	8.884
zs\labs\38	labs	Amplified	ambient/soundscape/underground	under_35	11.995
zs\labs\39	labs	Amplified	ambient/soundscape/underground	under_36	11.695
zs\labs\40	labs	Amplified	ambient/soundscape/underground	under_37	9.564
zs\labs\41	labs	Amplified	ambient/soundscape/underground	under_38	9.428
zs\labs\42	labs	Amplified	ambient/soundscape/underground	under_39	6.893
zs\labs\43	labs	Amplified	ambient/soundscape/underground	under_4	2.357
zs\labs\44	labs	Amplified	ambient/soundscape/underground	under_40	17.87
zs\labs\45	labs	Amplified	ambient/soundscape/underground	under_41	24.994
zs\labs\46	labs	Amplified	ambient/soundscape/underground	under_42	24.547
zs\labs\47	labs	Amplified	ambient/soundscape/underground	under_43	27.992
zs\labs\48	labs	vanilla	ambient/ugrnd	hit_3	5.979
zs\labs\49	labs	Amplified	ambient/soundscape/underground	under_44	6.077
zs\labs\50	labs	Amplified	ambient/soundscape/underground	under_45	17.021
zs\labs\51	labs	Amplified	ambient/soundscape/underground	under_47	6.61
zs\labs\52	labs	Amplified	ambient/soundscape/underground	under_48	6.616
zs\labs\53	labs	Amplified	ambient/soundscape/underground	under_49	7.141
zs\labs\54	labs	Amplified	ambient/soundscape/underground	under_5	0.957
zs\labs\55	labs	Amplified	ambient/soundscape/underground	under_50	5.381
zs\labs\56	labs	Amplified	ambient/soundscape/underground	under_51	0.971
zs\labs\57	labs	Amplified	ambient/soundscape/underground	under_52	0.968
zs\labs\58	labs	Amplified	ambient/soundscape/underground	under_53	4.623
zs\labs\59	labs	Amplified	ambient/soundscape/underground	under_54	14.091
zs\labs\60	labs	Amplified	ambient/soundscape/underground	under_55	13.966
zs\labs\61	labs	Amplified	ambient/soundscape/underground	under_56	20.018
zs\labs\62	labs	Amplified	ambient/soundscape/underground	under_57	26.127
zs\labs\63	labs	Amplified	ambient/soundscape/underground	under_58	10.048
zs\labs\64	labs	Amplified	ambient/soundscape/underground	under_59	17.909
zs\labs\65	labs	Amplified	ambient/soundscape/underground	under_6	2.72
zs\labs\66	labs	Amplified	ambient/soundscape/underground	under_60	17.101
zs\labs\67	labs	Amplified	ambient/soundscape/underground	under_61	4.98
zs\labs\68	labs	Amplified	ambient/soundscape/underground	under_62	4.538
zs\labs\69	labs	Amplified	ambient/soundscape/underground	under_64	16.674
zs\labs\70	labs	Amplified	ambient/soundscape/underground	under_65	16.545
zs\labs\71	labs	Amplified	ambient/soundscape/underground	under_66	18.632
zs\labs\72	labs	Amplified	ambient/soundscape/underground	under_67	21.814
zs\labs\73	labs	Amplified	ambient/soundscape/underground	under_68	2.996
zs\labs\74	labs	Amplified	ambient/soundscape/underground/spooks_below/ambient	sound_02	0.949
zs\labs\75	labs	Amplified	ambient/soundscape/underground	under_69	19.673
zs\labs\76	labs	Amplified	ambient/soundscape/underground	under_7	1.768
zs\labs\77	labs	Amplified	ambient/soundscape/underground	under_70	24.655
zs\labs\78	labs	Amplified	ambient/soundscape/underground	under_71	21.649
zs\labs\79	labs	Amplified	ambient/soundscape/underground	under_72	14.088
zs\labs\80	labs	Amplified	ambient/soundscape/underground	under_73	12.736
zs\labs\81	labs	Amplified	ambient/soundscape/underground	under_74	8.596
zs\labs\82	labs	Amplified	ambient/soundscape/underground	under_75	18.748
zs\labs\83	labs	Amplified	ambient/soundscape/underground	under_76	21.016
zs\labs\84	labs	Amplified	ambient/soundscape/underground	under_77	16.998
zs\labs\85	labs	Amplified	ambient/soundscape/underground	under_78	13.57
zs\labs\86	labs	Amplified	ambient/soundscape/underground	under_79	13.617
zs\labs\87	labs	Amplified	ambient/soundscape/underground	under_8	14.224
zs\labs\88	labs	Amplified	ambient/soundscape/underground	under_80	12.097
zs\labs\89	labs	Amplified	ambient/soundscape/underground	under_81	21.61
zs\labs\90	labs	Amplified	ambient/soundscape/underground	under_82	22.405
zs\labs\91	labs	Amplified	ambient/soundscape/underground	under_83	2.911
zs\labs\92	labs	Amplified	ambient/soundscape/underground	under_84	14.689
zs\labs\93	labs	Amplified	ambient/soundscape/underground	under_85	21.232
zs\labs\94	labs	Amplified	ambient/soundscape/underground	under_86	20.954
zs\labs\95	labs	Amplified	ambient/soundscape/underground	under_87	24.463
zs\labs\96	labs	Amplified	ambient/soundscape/underground	under_88	11.42
zs\labs\97	labs	Amplified	ambient/soundscape/underground	under_89	25.958
zs\labs\98	labs	Amplified	ambient/soundscape/underground	under_9	0.919
zs\labs\99	labs	Amplified	ambient/soundscape/underground	under_90	4.537
zs\labs\100	labs	Amplified	ambient/soundscape/underground	under_91	11.855
zs\labs\101	labs	Amplified	ambient/soundscape/underground	under_92	10.137
zs\labs\102	labs	Amplified	ambient/soundscape/underground	under_93	6.608
zs\labs\103	labs	Amplified	ambient/soundscape/underground	under_94	7.803
zs\labs\104	labs	Amplified	ambient/soundscape/underground	under_95	8.473
zs\labs\105	labs	Amplified	ambient/soundscape/underground	under_96	3.313
zs\labs\106	labs	Amplified	ambient/soundscape/underground/spooks_below/ambient	sound_01	0.9
zs\labs\107	labs	Amplified	ambient/soundscape/underground/spooks_below/ambient	sound_04	0.894
zs\labs\108	labs	Amplified	ambient/soundscape/underground/spooks_below/ambient	sound_05	2.457
zs\labs\109	labs	Amplified	ambient/soundscape/underground/spooks_below/ambient	sound_06	3.874
zs\labs\110	labs	Amplified	ambient/soundscape/underground/spooks_below/ambient	sound_07	2.499
zs\labs\111	labs	Amplified	ambient/soundscape/underground/spooks_below/ambient	sound_08	2.068
zs\labs\112	labs	Amplified	ambient/soundscape/underground/spooks_below/ambient	sound_09	3.127
zs\labs\113	labs	Amplified	ambient/soundscape/underground/spooks_below/ambient	sound_10	2.475
zs\labs\114	labs	Amplified	ambient/soundscape/underground/spooks_below/ambient	sound_11	2.861
zs\labs\115	labs	Amplified	ambient/soundscape/underground/spooks_below/ambient	sound_12	3.677
zs\labs\116	labs	Amplified	ambient/soundscape/underground/spooks_below/banging	sound_01	1.664
zs\labs\117	labs	Amplified	ambient/soundscape/underground/spooks_below/banging	sound_02	2.74
zs\labs\118	labs	Amplified	ambient/soundscape/underground/spooks_below/banging	sound_03	1.489
zs\labs\119	labs	Amplified	ambient/soundscape/underground/spooks_below/banging	sound_04	4.556
zs\labs\120	labs	Amplified	ambient/soundscape/underground/spooks_below/banging	sound_05	2.485
zs\labs\121	labs	Amplified	ambient/soundscape/underground/spooks_below/banging	sound_06	1.671
zs\labs\122	labs	Amplified	ambient/soundscape/underground/spooks_below/banging	sound_07	2.661
zs\labs\123	labs	Amplified	ambient/soundscape/underground/spooks_below/lab	sound_01	13.916
zs\labs\124	labs	Amplified	ambient/soundscape/underground/spooks_below/lab	sound_02	5.397
zs\labs\125	labs	RETUNE457	ambient/soundscape/underground	under_32	14.199
zs\labs\126	labs	Amplified	ambient/soundscape/underground/spooks_below/lab	sound_03	8.192
zs\labs\127	labs	Amplified	ambient/soundscape/underground/spooks_below/lab	sound_04	4.902
zs\labs\128	labs	RETUNE457	ambient/soundscape/underground	under_34	12.731
zs\labs\129	labs	Amplified	ambient/soundscape/underground/spooks_below/lab	sound_05	4.845
zs\labs\130	labs	Amplified	ambient/soundscape/underground/spooks_below/lab	sound_06	1.771
zs\labs\131	labs	Amplified	ambient/soundscape/underground/spooks_below/machine	sound_01	0.956
zs\labs\132	labs	Amplified	ambient/soundscape/underground/spooks_below/machine	sound_02	1.007
zs\labs\133	labs	Amplified	ambient/soundscape/underground/spooks_below/machine	sound_03	1.149
zs\labs\134	labs	Amplified	ambient/soundscape/underground/spooks_below/machine	sound_04	1.088
zs\labs\135	labs	Amplified	ambient/soundscape/underground/spooks_below/machine	sound_05	0.969
zs\labs\136	labs	Amplified	ambient/soundscape/underground/spooks_below/machine	sound_06	0.9
zs\labs\137	labs	Amplified	ambient/soundscape/underground/spooks_below/machine	sound_07	0.945
zs\labs\138	labs	Amplified	ambient/soundscape/underground/spooks_below/machine	sound_08	0.888
zs\labs\139	labs	Amplified	ambient/soundscape/underground/spooks_below/machine	sound_09	0.932
zs\labs\140	labs	Amplified	ambient/soundscape/underground/spooks_below/machine	sound_10	0.852
zs\labs\141	labs	Amplified	ambient/soundscape/underground/spooks_below/machine	sound_11	0.939
zs\labs\142	labs	Amplified	ambient/soundscape/underground/spooks_below/machine	sound_12	1.002
zs\labs\143	labs	Amplified	ambient/soundscape/underground/spooks_below/metal	sound_01	4.735
zs\labs\144	labs	Amplified	ambient/soundscape/underground/spooks_below/metal	sound_02	4.513
zs\labs\145	labs	Amplified	ambient/soundscape/underground/spooks_below/metal	sound_03	4.528
zs\labs\146	labs	Amplified	ambient/soundscape/underground/spooks_below/metal	sound_04	4.478
zs\labs\147	labs	Amplified	ambient/soundscape/underground/spooks_below/metal	sound_06	4.513
zs\labs\148	labs	Amplified	ambient/soundscape/underground/spooks_below/metal	sound_07	4.703
zs\labs\149	labs	Amplified	ambient/soundscape/underground/spooks_below/metal	sound_08	4.43
zs\labs\150	labs	Amplified	ambient/soundscape/underground/spooks_below/metal	sound_09	4.7
zs\labs\151	labs	Amplified	ambient/soundscape/underground/spooks_below/metal	sound_10	4.494
zs\labs\152	labs	Amplified	ambient/soundscape/underground/spooks_below/metal	sound_11	4.519
zs\labs\153	labs	Amplified	ambient/soundscape/underground/spooks_below/noise	sound_01	4.793
zs\labs\154	labs	Amplified	ambient/soundscape/underground/spooks_below/noise	sound_02	4.861
zs\labs\155	labs	Amplified	ambient/soundscape/underground/spooks_below/noise	sound_03	4.94
zs\labs\156	labs	Amplified	ambient/soundscape/underground/spooks_below/noise	sound_04	4.597
zs\labs\157	labs	Amplified	ambient/soundscape/underground/spooks_below/noise	sound_05	4.49
zs\labs\158	labs	Amplified	ambient/soundscape/underground/spooks_below/noise	sound_06	4.473
zs\labs\159	labs	Amplified	ambient/soundscape/underground/spooks_below/noise	sound_07	4.442
zs\labs\160	labs	Amplified	ambient/soundscape/underground/spooks_below/noise	sound_08	4.59
zs\labs\161	labs	Amplified	ambient/soundscape/underground/spooks_below/noise	sound_10	4.578
zs\labs\162	labs	Amplified	ambient/soundscape/underground/spooks_below/noise	sound_11	4.615
zs\labs\163	labs	Amplified	ambient/soundscape/underground/spooks_below/noise	sound_12	4.678
zs\labs\164	labs	Amplified	ambient/soundscape/underground/spooks_below/noise	sound_13	4.568
zs\labs\165	labs	Amplified	ambient/soundscape/underground/spooks_below/noise	sound_14	4.56
zs\labs\166	labs	Amplified	ambient/soundscape/underground/spooks_below/noise	sound_15	4.531
zs\labs\167	labs	Amplified	ambient/soundscape/underground/spooks_below/noise	sound_16	4.714
zs\labs\168	labs	Amplified	ambient/soundscape/underground/spooks_below/noise	sound_22	4.468
zs\labs\169	labs	Amplified	ambient/soundscape/underground/spooks_below/noise	sound_23	4.504
zs\labs\170	labs	Amplified	ambient/soundscape/underground/spooks_below/noise	sound_24	4.491
zs\labs\171	labs	Amplified	ambient/soundscape/underground/spooks_below/noise	sound_27	4.678
zs\labs\172	labs	Amplified	ambient/soundscape/background/Underground	underground_7	18.07
zs\labs\173	labs	Soundscape	ambient/soundscape/underground	under_2	1.405
zs\labs\174	labs	Soundscape	ambient/soundscape/underground	under_20	0.945
zs\labs\175	labs	Soundscape	ambient/soundscape/underground	under_23	2.151
zs\labs\176	labs	Soundscape	ambient/soundscape/underground	under_29	2.233
zs\labs\177	labs	Soundscape	ambient/soundscape/underground	under_30	1.83
zs\labs\178	labs	Soundscape	ambient/soundscape/underground	under_31	1.522
zs\labs\179	labs	Soundscape	ambient/soundscape/underground/spooks_below/banging	sound_01	1.208
zs\labs\180	labs	Soundscape	ambient/soundscape/underground/spooks_below/banging	sound_02	0.898
zs\labs\181	labs	Soundscape	ambient/soundscape/underground/spooks_below/banging	sound_03	0.979
zs\labs\182	labs	Soundscape	ambient/soundscape/underground/spooks_below/banging	sound_04	0.862
zs\labs\183	labs	Soundscape	ambient/soundscape/underground/spooks_below/banging	sound_05	0.862
zs\labs\184	labs	Soundscape	ambient/soundscape/underground/spooks_below/banging	sound_06	0.862
zs\labs\185	labs	Soundscape	ambient/soundscape/underground/spooks_below/banging	sound_07	0.851
zs\labs\186	labs	Soundscape	ambient/soundscape/underground/spooks_below/lab	sound_01	0.884
zs\labs\187	labs	Soundscape	ambient/soundscape/underground/spooks_below/lab	sound_02	0.848
zs\labs\188	labs	Soundscape	ambient/soundscape/underground/spooks_below/lab	sound_03	1.265
zs\labs\189	labs	Soundscape	ambient/soundscape/underground/spooks_below/lab	sound_04	0.958
zs\labs\190	labs	Soundscape	ambient/soundscape/underground/spooks_below/lab	sound_05	0.826
zs\labs\191	labs	Soundscape	ambient/soundscape/underground/spooks_below/metal	sound_01	1.431
zs\labs\192	labs	Soundscape	ambient/soundscape/underground/spooks_below/metal	sound_02	1.118
zs\labs\193	labs	vanilla	ambient/x18	x18_hit_2	0.923
zs\labs\194	labs	Soundscape	ambient/soundscape/underground/spooks_below/metal	sound_04	0.973
zs\labs\195	labs	Soundscape	ambient/soundscape/underground/spooks_below/metal	sound_05	0.88
zs\labs\196	labs	Soundscape	ambient/soundscape/underground/spooks_below/metal	sound_06	1.34
zs\labs\197	labs	Soundscape	ambient/soundscape/underground/spooks_below/noise	sound_24	1.625
zs\labs\198	labs	AudioExpansion	ambient/trx/spooks_below/ambient	sound_58	1.511
zs\labs\199	labs	AudioExpansion	ambient/trx/spooks_below/noise	sound_49	20.644
zs\labs\200	labs	Soundscape	ambient/soundscape/underground/spooks_below/metal	sound_07	2.443
zs\labs\201	labs	vanilla	ambient/ugrnd	ugrnd_metal_6	1.428
zs\labs\202	labs	Soundscape	ambient/soundscape/underground/spooks_below/metal	sound_08	0.897
zs\labs\203	labs	Soundscape	ambient/soundscape/underground/spooks_below/metal	sound_09	0.885
zs\labs\204	labs	Soundscape	ambient/soundscape/underground/spooks_below/metal	sound_10	0.912
zs\labs\205	labs	Soundscape	ambient/soundscape/underground/spooks_below/metal	sound_11	0.902
zs\labs\206	labs	Soundscape	ambient/soundscape/underground/spooks_below/metal	sound_12	0.919
zs\labs\207	labs	DarkSignal304	ambient/soundscape/underground/spooks_below/noise	sound_07	1.948
zs\labs\208	labs	Soundscape	ambient/soundscape/underground/spooks_below/metal	sound_13	0.726
zs\labs\209	labs	Soundscape	ambient/soundscape/underground/spooks_below/metal	sound_14	0.879
zs\labs\210	labs	Soundscape	ambient/soundscape/underground/spooks_below/noise	sound_01	0.865
zs\labs\211	labs	Soundscape	ambient/soundscape/underground/spooks_below/noise	sound_02	0.88
zs\labs\212	labs	Soundscape	ambient/soundscape/underground/spooks_below/noise	sound_03	0.873
zs\labs\213	labs	Soundscape	ambient/soundscape/underground/spooks_below/noise	sound_04	1.159
zs\labs\214	labs	Soundscape	ambient/soundscape/underground/spooks_below/noise	sound_05	1.319
zs\labs\215	labs	Soundscape	ambient/soundscape/underground/spooks_below/noise	sound_06	1.269
zs\labs\216	labs	Soundscape	ambient/soundscape/underground/spooks_below/noise	sound_07	0.896
zs\labs\217	labs	Soundscape	ambient/soundscape/underground/spooks_below/noise	sound_08	0.881
zs\labs\218	labs	Soundscape	ambient/soundscape/underground/spooks_below/noise	sound_09	0.872
zs\labs\219	labs	Soundscape	ambient/soundscape/underground/spooks_below/noise	sound_10	0.876
zs\labs\220	labs	Soundscape	ambient/soundscape/underground/spooks_below/noise	sound_11	0.887
zs\labs\221	labs	Soundscape	ambient/soundscape/underground/spooks_below/noise	sound_12	0.908
zs\labs\222	labs	Soundscape	ambient/soundscape/underground/spooks_below/noise	sound_13	0.883
zs\labs\223	labs	Soundscape	ambient/soundscape/underground/spooks_below/noise	sound_14	0.888
zs\labs\224	labs	Soundscape	ambient/soundscape/underground/spooks_below/noise	sound_15	0.901
zs\labs\225	labs	Soundscape	ambient/soundscape/underground/spooks_below/noise	sound_16	0.891
zs\labs\226	labs	Soundscape	ambient/soundscape/underground/spooks_below/noise	sound_17	0.896
zs\labs\227	labs	Soundscape	ambient/soundscape/underground/spooks_below/noise	sound_18	0.893
zs\labs\228	labs	Soundscape	ambient/soundscape/underground/spooks_below/noise	sound_19	0.88
zs\labs\229	labs	Soundscape	ambient/soundscape/underground/spooks_below/noise	sound_20	1.411
zs\labs\230	labs	Soundscape	ambient/soundscape/underground/spooks_below/noise	sound_21	1.195
zs\labs\231	labs	Soundscape	ambient/soundscape/underground/spooks_below/noise	sound_22	0.899
zs\labs\232	labs	Soundscape	ambient/soundscape/underground/spooks_below/noise	sound_23	0.908
zs\labs\233	labs	Soundscape	ambient/soundscape/underground/spooks_below/noise	sound_25	1.327
zs\labs\234	labs	Soundscape	ambient/soundscape/underground/spooks_below/noise	sound_26	0.877
zs\labs\235	labs	Soundscape	ambient/soundscape/underground/spooks_below/noise	sound_27	0.937
zs\labs\236	labs	Soundscape	ambient/soundscape/underground/spooks_below/noise	sound_28	1.108
zs\labs\237	labs	RETUNE457	ambient/trx/spooks_below/ambient	sound_01	5.036
zs\labs\238	labs	RETUNE457	ambient/soundscape/underground	under_11	15.188
zs\labs\239	labs	RETUNE457	ambient/trx/spooks_below/ambient	sound_02	4.764
zs\labs\240	labs	RETUNE457	ambient/soundscape/underground/spooks_below/metal	sound_04	3.95
zs\labs\241	labs	RETUNE457	ambient/soundscape/underground/spooks_below/noise	sound_04	6.863
zs\labs\242	labs	RETUNE457	ambient/trx/spooks_below/ambient	sound_03	4.417
zs\labs\243	labs	RETUNE457	ambient/soundscape/underground	under_16	16.259
zs\labs\244	labs	RETUNE457	ambient/trx/spooks_below/ambient	sound_04	4.741
zs\labs\245	labs	RETUNE457	ambient/soundscape/underground	under_18	13.828
zs\labs\246	labs	RETUNE457	ambient/trx/spooks_below/ambient	sound_05	4.462
zs\labs\247	labs	RETUNE457	ambient/trx/spooks_below/ambient	sound_06	4.935
zs\labs\248	labs	RETUNE457	ambient/trx/spooks_below/ambient	sound_07	5.013
zs\labs\249	labs	RETUNE457	ambient/trx/spooks_below/ambient	sound_08	4.72
zs\labs\250	labs	RETUNE457	ambient/trx/spooks_below/ambient	sound_09	4.882
zs\labs\251	labs	RETUNE457	ambient/trx/spooks_below/ambient	sound_10	4.869
zs\labs\252	labs	RETUNE457	ambient/trx/spooks_below/ambient	sound_11	4.848
zs\labs\253	labs	RETUNE457	ambient/trx/spooks_below/ambient	sound_12	4.961
zs\labs\254	labs	RETUNE457	ambient/trx/spooks_below/lab	sound_06	4.878
zs\labs\255	labs	RETUNE457	ambient/soundscape/background	underground_2	4.54
zs\labs\256	labs	RETUNE457	ambient/soundscape/underground	steam_1	23.985
zs\labs\257	labs	RETUNE457	ambient/soundscape/underground	under_10	27.397
zs\labs\258	labs	RETUNE457	ambient/soundscape/underground	under_12	15.495
zs\labs\259	labs	RETUNE457	ambient/soundscape/underground	under_17	16.698
zs\labs\260	labs	RETUNE457	ambient/soundscape/underground	under_20	15.059
zs\labs\261	labs	RETUNE457	ambient/soundscape/underground	under_25	24.001
zs\labs\262	labs	RETUNE457	ambient/soundscape/underground	under_27	16.098
zs\labs\263	labs	RETUNE457	ambient/soundscape/underground	under_28	27.93
zs\labs\264	labs	RETUNE457	ambient/soundscape/underground	under_3	23.491
zs\labs\265	labs	RETUNE457	ambient/soundscape/underground	under_30	12.707
zs\labs\266	labs	RETUNE457	ambient/soundscape/underground	under_31	27.38
zs\labs\267	labs	RETUNE457	ambient/soundscape/underground	under_9	24.076
zs\labs\268	labs	RETUNE457	ambient/soundscape/underground/spooks_below/banging	sound_01	6.643
zs\labs\269	labs	RETUNE457	ambient/soundscape/underground/spooks_below/banging	sound_02	11.474
zs\labs\270	labs	RETUNE457	ambient/soundscape/underground/spooks_below/banging	sound_03	5.365
zs\labs\271	labs	RETUNE457	ambient/soundscape/underground/spooks_below/banging	sound_04	7.975
zs\labs\272	labs	RETUNE457	ambient/soundscape/underground/spooks_below/banging	sound_05	7.906
zs\labs\273	labs	RETUNE457	ambient/soundscape/underground/spooks_below/banging	sound_06	11.407
zs\labs\274	labs	RETUNE457	ambient/soundscape/underground/spooks_below/banging	sound_07	8.458
zs\labs\275	labs	RETUNE457	ambient/soundscape/underground/spooks_below/banging	sound_09	3.487
zs\labs\276	labs	RETUNE457	ambient/soundscape/underground/spooks_below/banging	sound_10	2.794
zs\labs\277	labs	RETUNE457	ambient/soundscape/underground/spooks_below/machine	sound_01	1.311
zs\labs\278	labs	RETUNE457	ambient/soundscape/underground/spooks_below/machine	sound_02	2.158
zs\labs\279	labs	RETUNE457	ambient/soundscape/underground/spooks_below/machine	sound_03	6.887
zs\labs\280	labs	RETUNE457	ambient/soundscape/underground/spooks_below/machine	sound_04	5.437
zs\labs\281	labs	RETUNE457	ambient/soundscape/underground/spooks_below/machine	sound_05	0.849
zs\labs\282	labs	RETUNE457	ambient/soundscape/underground/spooks_below/machine	sound_06	2.487
zs\labs\283	labs	RETUNE457	ambient/soundscape/underground/spooks_below/machine	sound_08	1.406
zs\labs\284	labs	RETUNE457	ambient/soundscape/underground/spooks_below/machine	sound_09	1.755
zs\labs\285	labs	RETUNE457	ambient/soundscape/underground/spooks_below/machine	sound_11	2.173
zs\labs\286	labs	RETUNE457	ambient/soundscape/underground/spooks_below/machine	sound_12	2.284
zs\labs\287	labs	RETUNE457	ambient/soundscape/underground/spooks_below/metal	sound_01	9.27
zs\labs\288	labs	RETUNE457	ambient/soundscape/underground/spooks_below/metal	sound_02	7.185
zs\labs\289	labs	RETUNE457	ambient/soundscape/underground/spooks_below/noise	sound_02	11.707
zs\labs\290	labs	RETUNE457	ambient/soundscape/underground/spooks_below/metal	sound_03	8.851
zs\labs\291	labs	RETUNE457	ambient/soundscape/underground/spooks_below/noise	sound_03	17.682
zs\labs\292	labs	RETUNE457	ambient/soundscape/underground/spooks_below/metal	sound_07	7.046
zs\labs\293	labs	RETUNE457	ambient/soundscape/underground/spooks_below/metal	sound_08	2.641
zs\labs\294	labs	RETUNE457	ambient/soundscape/underground/spooks_below/metal	sound_09	4.447
zs\labs\295	labs	RETUNE457	ambient/soundscape/underground/spooks_below/noise	sound_09	7.24
zs\labs\296	labs	RETUNE457	ambient/soundscape/underground/spooks_below/metal	sound_10	7.562
zs\labs\297	labs	RETUNE457	ambient/soundscape/underground/spooks_below/noise	sound_10	12.931
zs\labs\298	labs	RETUNE457	ambient/soundscape/underground/spooks_below/metal	sound_11	2.823
zs\labs\299	labs	RETUNE457	ambient/soundscape/underground/spooks_below/noise	sound_11	5.055
zs\labs\300	labs	RETUNE457	ambient/soundscape/underground/spooks_below/metal	sound_12	2.731
zs\labs\301	labs	RETUNE457	ambient/soundscape/underground/spooks_below/noise	sound_12	4.884
zs\labs\302	labs	RETUNE457	ambient/soundscape/underground/spooks_below/metal	sound_13	2.864
zs\labs\303	labs	RETUNE457	ambient/soundscape/underground/spooks_below/noise	sound_13	5.199
zs\labs\304	labs	RETUNE457	ambient/soundscape/underground/spooks_below/metal	sound_14	3.092
zs\labs\305	labs	RETUNE457	ambient/soundscape/underground/spooks_below/noise	sound_07	12.56
zs\labs\306	labs	RETUNE457	ambient/soundscape/underground/spooks_below/noise	sound_08	4.8
zs\labs\307	labs	RETUNE457	ambient/soundscape/underground/spooks_below/noise	sound_20	6.289
zs\labs\308	labs	RETUNE457	ambient/soundscape/underground/spooks_below/noise	sound_26	9.305
zs\labs\309	labs	RETUNE457	ambient/soundscape/underground/spooks_below/noise	sound_27	8.524
zs\labs\310	labs	RETUNE457	ambient/soundscape/underground/spooks_below/noise	sound_28	6.038
zs\labs\311	labs	DarkSignal304	ambient/x16	klaxon_1	3.031
zs\labs\312	labs	DarkSignal304	ambient/x16	klaxon_2	2.336
zs\labs\313	labs	DarkSignal304	ambient/x16	klaxon_3	1.72
zs\labs\314	labs	DarkSignal304	ambient/x16	x16_begin	0.871
zs\labs\315	labs	DarkSignal304	ambient/x16	x16_brain_stop	0.89
zs\labs\316	labs	DarkSignal304	ambient/x16	x16_engine1_run	0.91
zs\labs\317	labs	DarkSignal304	ambient/x16	x16_engine2_run	0.904
zs\labs\318	labs	DarkSignal304	ambient/soundscape/underground/spooks_below/noise	sound_01	1.131
zs\labs\319	labs	DarkSignal304	ambient/soundscape/underground/spooks_below/noise	sound_02	0.935
zs\labs\320	labs	DarkSignal304	ambient/soundscape/underground/spooks_below/noise	sound_03	0.911
zs\labs\321	labs	DarkSignal304	ambient/soundscape/underground/spooks_below/noise	sound_04	1.333
zs\labs\322	labs	DarkSignal304	ambient/soundscape/underground/spooks_below/noise	sound_05	2.694
zs\labs\323	labs	DarkSignal304	ambient/soundscape/underground/spooks_below/noise	sound_06	2.001
zs\labs\324	labs	DarkSignal304	ambient/soundscape/underground/spooks_below/noise	sound_09	1.359
zs\labs\325	labs	DarkSignal304	ambient/soundscape/underground/spooks_below/noise	sound_11	1.304
zs\labs\326	labs	DarkSignal304	ambient/soundscape/underground/spooks_below/noise	sound_12	2.282
zs\labs\327	labs	DarkSignal304	ambient/soundscape/underground/spooks_below/noise	sound_13	1.682
zs\labs\328	labs	DarkSignal304	ambient/soundscape/underground/spooks_below/noise	sound_14	1.26
zs\labs\329	labs	DarkSignal304	ambient/soundscape/underground/spooks_below/noise	sound_15	1.471
zs\labs\330	labs	DarkSignal304	ambient/soundscape/underground/spooks_below/noise	sound_16	1.291
zs\labs\331	labs	AudioExpansion	ambient/trx/spooks_below/ambient	sound_01	24.227
zs\labs\332	labs	AudioExpansion	ambient/trx/spooks_below/ambient	sound_02	13.936
zs\labs\333	labs	AudioExpansion	ambient/trx/spooks_below/ambient	sound_04	7.511
zs\labs\334	labs	AudioExpansion	ambient/trx/spooks_below/ambient	sound_05	7.889
zs\labs\335	labs	AudioExpansion	ambient/trx/spooks_below/ambient	sound_22	24.847
zs\labs\336	labs	AudioExpansion	ambient/trx/spooks_below/ambient	sound_06	14.8
zs\labs\337	labs	AudioExpansion	ambient/trx/spooks_below/ambient	sound_08	10.108
zs\labs\338	labs	AudioExpansion	ambient/trx/spooks_below/ambient	sound_09	16.802
zs\labs\339	labs	AudioExpansion	ambient/trx/spooks_below/ambient	sound_10	11.678
zs\labs\340	labs	AudioExpansion	ambient/trx/spooks_below/ambient	sound_11	12.936
zs\labs\341	labs	AudioExpansion	ambient/trx/spooks_below/ambient	sound_12	10.532
zs\labs\342	labs	AudioExpansion	ambient/trx/spooks_below/ambient	sound_15	15.901
zs\labs\343	labs	AudioExpansion	ambient/trx/spooks_below/ambient	sound_17	9.958
zs\labs\344	labs	AudioExpansion	ambient/trx/spooks_below/ambient	sound_18	16.597
zs\labs\345	labs	AudioExpansion	ambient/trx/spooks_below/ambient	sound_19	23.627
zs\labs\346	labs	AudioExpansion	ambient/trx/spooks_below/ambient	sound_20	19.498
zs\labs\347	labs	AudioExpansion	ambient/trx/spooks_below/ambient	sound_21	18.378
zs\labs\348	labs	AudioExpansion	ambient/trx/spooks_below/ambient	sound_23	13.199
zs\labs\349	labs	AudioExpansion	ambient/trx/spooks_below/ambient	sound_24	20.927
zs\labs\350	labs	AudioExpansion	ambient/trx/spooks_below/ambient	sound_26	16.499
zs\labs\351	labs	AudioExpansion	ambient/trx/spooks_below/ambient	sound_27	22.61
zs\labs\352	labs	AudioExpansion	ambient/trx/spooks_below/ambient	sound_28	18.083
zs\labs\353	labs	AudioExpansion	ambient/trx/spooks_below/ambient	sound_30	24.936
zs\labs\354	labs	AudioExpansion	ambient/trx/spooks_below/ambient	sound_31	4.583
zs\labs\355	labs	AudioExpansion	ambient/trx/spooks_below/ambient	sound_32	4.536
zs\labs\356	labs	AudioExpansion	ambient/trx/spooks_below/ambient	sound_33	5.005
zs\labs\357	labs	AudioExpansion	ambient/trx/spooks_below/ambient	sound_34	4.784
zs\labs\358	labs	AudioExpansion	ambient/trx/spooks_below/ambient	sound_35	4.301
zs\labs\359	labs	AudioExpansion	ambient/trx/spooks_below/ambient	sound_36	4.856
zs\labs\360	labs	AudioExpansion	ambient/trx/spooks_below/ambient	sound_37	4.891
zs\labs\361	labs	AudioExpansion	ambient/trx/spooks_below/ambient	sound_38	19.308
zs\labs\362	labs	AudioExpansion	ambient/trx/spooks_below/ambient	sound_39	15.022
zs\labs\363	labs	AudioExpansion	ambient/trx/spooks_below/ambient	sound_47	13.422
zs\labs\364	labs	AudioExpansion	ambient/trx/spooks_below/ambient	sound_40	17.831
zs\labs\365	labs	AudioExpansion	ambient/trx/spooks_below/ambient	sound_48	15.91
zs\labs\366	labs	AudioExpansion	ambient/trx/spooks_below/ambient	sound_41	23.774
zs\labs\367	labs	AudioExpansion	ambient/trx/spooks_below/ambient	sound_49	21.144
zs\labs\368	labs	AudioExpansion	ambient/trx/spooks_below/ambient	sound_42	22.597
zs\labs\369	labs	AudioExpansion	ambient/trx/spooks_below/ambient	sound_50	20.162
zs\labs\370	labs	AudioExpansion	ambient/trx/spooks_below/ambient	sound_43	17.205
zs\labs\371	labs	AudioExpansion	ambient/trx/spooks_below/ambient	sound_44	18.973
zs\labs\372	labs	AudioExpansion	ambient/trx/spooks_below/ambient	sound_52	11.904
zs\labs\373	labs	AudioExpansion	ambient/trx/spooks_below/noise	sound_01	5.117
zs\labs\374	labs	AudioExpansion	ambient/trx/spooks_below/ambient	sound_56	1.639
zs\labs\375	labs	AudioExpansion	ambient/trx/spooks_below/noise	sound_02	5.258
zs\labs\376	labs	AudioExpansion	ambient/trx/spooks_below/ambient	sound_57	1.277
zs\labs\377	labs	AudioExpansion	ambient/trx/spooks_below/noise	sound_03	5.126
zs\labs\378	labs	AudioExpansion	ambient/trx/spooks_below/ambient	sound_59	1.325
zs\labs\379	labs	AudioExpansion	ambient/trx/spooks_below/noise	sound_06	6.405
zs\labs\380	labs	AudioExpansion	ambient/trx/spooks_below/ambient	sound_76	16.098
zs\labs\381	labs	AudioExpansion	ambient/trx/spooks_below/ambient	sound_77	27.38
zs\labs\382	labs	AudioExpansion	ambient/trx/spooks_below/banging	sound_01	2.536
zs\labs\383	labs	AudioExpansion	ambient/trx/spooks_below/banging	sound_02	2.425
zs\labs\384	labs	AudioExpansion	ambient/trx/spooks_below/banging	sound_03	2.36
zs\labs\385	labs	AudioExpansion	ambient/trx/spooks_below/banging	sound_04	2.876
zs\labs\386	labs	AudioExpansion	ambient/trx/spooks_below/banging	sound_05	3.971
zs\labs\387	labs	AudioExpansion	ambient/trx/spooks_below/banging	sound_06	2.084
zs\labs\388	labs	AudioExpansion	ambient/trx/spooks_below/banging	sound_07	3.597
zs\labs\389	labs	AudioExpansion	ambient/trx/spooks_below/banging	sound_08	2.02
zs\labs\390	labs	AudioExpansion	ambient/trx/spooks_below/banging	sound_09	2.238
zs\labs\391	labs	AudioExpansion	ambient/trx/spooks_below/banging	sound_10	3.021
zs\labs\392	labs	AudioExpansion	ambient/trx/spooks_below/banging	sound_11	2.372
zs\labs\393	labs	AudioExpansion	ambient/trx/spooks_below/banging	sound_12	2.981
zs\labs\394	labs	AudioExpansion	ambient/trx/spooks_below/banging	sound_13	2.925
zs\labs\395	labs	AudioExpansion	ambient/trx/spooks_below/banging	sound_14	3.177
zs\labs\396	labs	AudioExpansion	ambient/trx/spooks_below/banging	sound_15	1.703
zs\labs\397	labs	AudioExpansion	ambient/trx/spooks_below/lab	sound_01	3.962
zs\labs\398	labs	AudioExpansion	ambient/trx/spooks_below/lab	sound_02	3.811
zs\labs\399	labs	AudioExpansion	ambient/trx/spooks_below/lab	sound_03	4.925
zs\labs\400	labs	AudioExpansion	ambient/trx/spooks_below/lab	sound_04	4.709
zs\labs\401	labs	AudioExpansion	ambient/trx/spooks_below/lab	sound_05	3.644
zs\labs\402	labs	AudioExpansion	ambient/trx/spooks_below/lab	sound_06	4.219
zs\labs\403	labs	AudioExpansion	ambient/trx/spooks_below/lab	sound_07	6.181
zs\labs\404	labs	AudioExpansion	ambient/trx/spooks_below/lab	sound_08	6.458
zs\labs\405	labs	AudioExpansion	ambient/trx/spooks_below/lab	sound_09	5.393
zs\labs\406	labs	AudioExpansion	ambient/trx/spooks_below/lab	sound_10	5.506
zs\labs\407	labs	AudioExpansion	ambient/trx/spooks_below/lab	sound_11	3.88
zs\labs\408	labs	AudioExpansion	ambient/trx/spooks_below/lab	sound_12	4.781
zs\labs\409	labs	AudioExpansion	ambient/trx/spooks_below/lab	sound_13	5.176
zs\labs\410	labs	AudioExpansion	ambient/trx/spooks_below/lab	sound_14	5.578
zs\labs\411	labs	AudioExpansion	ambient/trx/spooks_below/lab	sound_15	4.708
zs\labs\412	labs	AudioExpansion	ambient/trx/spooks_below/lab	sound_16	4.177
zs\labs\413	labs	AudioExpansion	ambient/trx/spooks_below/lab	sound_17	3.933
zs\labs\414	labs	AudioExpansion	ambient/trx/spooks_below/lab	sound_18	4.387
zs\labs\415	labs	AudioExpansion	ambient/trx/spooks_below/lab	sound_19	3.901
zs\labs\416	labs	AudioExpansion	ambient/trx/spooks_below/lab	sound_20	4.754
zs\labs\417	labs	AudioExpansion	ambient/trx/spooks_below/lab	sound_21	5.148
zs\labs\418	labs	AudioExpansion	ambient/trx/spooks_below/lowchancerumble	sound_01	1.155
zs\labs\419	labs	AudioExpansion	ambient/trx/spooks_below/machine	sound_03	18.31
zs\labs\420	labs	AudioExpansion	ambient/trx/spooks_below/machine	sound_04	14.026
zs\labs\421	labs	AudioExpansion	ambient/trx/spooks_below/machine	sound_05	12.999
zs\labs\422	labs	AudioExpansion	ambient/trx/spooks_below/machine	sound_06	20.433
zs\labs\423	labs	AudioExpansion	ambient/trx/spooks_below/machine	sound_07	18.203
zs\labs\424	labs	AudioExpansion	ambient/trx/spooks_below/machine	sound_09	15.567
zs\labs\425	labs	AudioExpansion	ambient/trx/spooks_below/machine	sound_10	13.932
zs\labs\426	labs	AudioExpansion	ambient/trx/spooks_below/machine	sound_11	13.921
zs\labs\427	labs	AudioExpansion	ambient/trx/spooks_below/machine	sound_14	24.939
zs\labs\428	labs	AudioExpansion	ambient/trx/spooks_below/machine	sound_15	26.475
zs\labs\429	labs	AudioExpansion	ambient/trx/spooks_below/machine	sound_16	24.317
zs\labs\430	labs	AudioExpansion	ambient/trx/spooks_below/machine	sound_17	16.585
zs\labs\431	labs	AudioExpansion	ambient/trx/spooks_below/machine	sound_20	11.758
zs\labs\432	labs	AudioExpansion	ambient/trx/spooks_below/noise	sound_04	5.731
zs\labs\433	labs	AudioExpansion	ambient/trx/spooks_below/noise	sound_05	5.673
zs\labs\434	labs	AudioExpansion	ambient/trx/spooks_below/noise	sound_07	7.199
zs\labs\435	labs	AudioExpansion	ambient/trx/spooks_below/noise	sound_08	6.545
zs\labs\436	labs	AudioExpansion	ambient/trx/spooks_below/noise	sound_09	6.654
zs\labs\437	labs	AudioExpansion	ambient/trx/spooks_below/noise	sound_10	6.793
zs\labs\438	labs	AudioExpansion	ambient/trx/spooks_below/noise	sound_11	6.51
zs\labs\439	labs	AudioExpansion	ambient/trx/spooks_below/noise	sound_12	8.703
zs\labs\440	labs	AudioExpansion	ambient/trx/spooks_below/noise	sound_13	6.545
zs\labs\441	labs	AudioExpansion	ambient/trx/spooks_below/noise	sound_14	6.51
zs\labs\442	labs	AudioExpansion	ambient/trx/spooks_below/noise	sound_15	6.465
zs\labs\443	labs	AudioExpansion	ambient/trx/spooks_below/noise	sound_16	6.978
zs\labs\444	labs	AudioExpansion	ambient/trx/spooks_below/noise	sound_17	6.5
zs\labs\445	labs	AudioExpansion	ambient/trx/spooks_below/noise	sound_18	6.563
zs\labs\446	labs	AudioExpansion	ambient/trx/spooks_below/noise	sound_19	6.609
zs\labs\447	labs	AudioExpansion	ambient/trx/spooks_below/noise	sound_24	6.801
zs\labs\448	labs	AudioExpansion	ambient/trx/spooks_below/noise	sound_27	6.528
zs\labs\449	labs	AudioExpansion	ambient/trx/spooks_below/noise	sound_28	4.285
zs\labs\450	labs	AudioExpansion	ambient/trx/spooks_below/noise	sound_29	6.686
zs\labs\451	labs	AudioExpansion	ambient/trx/spooks_below/noise	sound_30	27.584
zs\labs\452	labs	AudioExpansion	ambient/trx/spooks_below/noise	sound_31	9.438
zs\labs\453	labs	AudioExpansion	ambient/trx/spooks_below/noise	sound_32	10.973
zs\labs\454	labs	AudioExpansion	ambient/trx/spooks_below/noise	sound_33	6.069
zs\labs\455	labs	AudioExpansion	ambient/trx/spooks_below/noise	sound_34	3.766
zs\labs\456	labs	AudioExpansion	ambient/trx/spooks_below/noise	sound_35	14.037
zs\labs\457	labs	AudioExpansion	ambient/trx/spooks_below/noise	sound_36	28.062
zs\labs\458	labs	AudioExpansion	ambient/trx/spooks_below/noise	sound_37	17.121
zs\labs\459	labs	AudioExpansion	ambient/trx/spooks_below/noise	sound_38	16.062
zs\labs\460	labs	AudioExpansion	ambient/trx/spooks_below/noise	sound_39	9.504
zs\labs\461	labs	vanilla	ambient/background	underground_bkg_1	10.656
zs\labs\462	labs	vanilla	ambient/ugrnd	hit_1	3.032
zs\labs\463	labs	vanilla	ambient/ugrnd	hit_2	3.823
zs\labs\464	labs	vanilla	ambient/ugrnd	rnd_ugrnd_amb_4	4.442
zs\labs\465	labs	vanilla	ambient/ugrnd	rnd_ugrnd_amb_5	7.098
zs\labs\466	labs	vanilla	ambient/ugrnd	rnd_ugrnd_amb_6	5.313
zs\labs\467	labs	vanilla	ambient/ugrnd	ugrnd_ambient_banging_3	0.979
zs\labs\468	labs	vanilla	ambient/ugrnd	ugrnd_drip_1	6.694
zs\labs\469	labs	vanilla	ambient/ugrnd	ugrnd_drip_10	2.704
zs\labs\470	labs	vanilla	ambient/ugrnd	ugrnd_drip_11	1.281
zs\labs\471	labs	vanilla	ambient/ugrnd	ugrnd_drip_2	1.488
zs\labs\472	labs	vanilla	ambient/ugrnd	ugrnd_drip_3	1.108
zs\labs\473	labs	vanilla	ambient/ugrnd	ugrnd_drip_4	1.997
zs\labs\474	labs	vanilla	ambient/ugrnd	ugrnd_drip_5	4.757
zs\labs\475	labs	vanilla	ambient/ugrnd	ugrnd_drip_6	2.011
zs\labs\476	labs	vanilla	ambient/ugrnd	ugrnd_drip_7	2.018
zs\labs\477	labs	vanilla	ambient/ugrnd	ugrnd_drip_8	2.953
zs\labs\478	labs	vanilla	ambient/ugrnd	ugrnd_drip_9	3.827
zs\labs\479	labs	vanilla	ambient/ugrnd	ugrnd_drone_1	0.967
zs\labs\480	labs	vanilla	ambient/ugrnd	ugrnd_drone_2	0.917
zs\labs\481	labs	vanilla	ambient/ugrnd	ugrnd_drone_3	0.965
zs\labs\482	labs	vanilla	ambient/ugrnd	ugrnd_drone_4	1.062
zs\labs\483	labs	vanilla	ambient/ugrnd	ugrnd_noise_10	1.312
zs\labs\484	labs	vanilla	ambient/ugrnd	ugrnd_noise_9	1.115
zs\labs\485	labs	vanilla	ambient/underground	dark_1	0.899
zs\labs\486	labs	vanilla	ambient/underground	hit_3	0.873
zs\labs\487	labs	vanilla	ambient/underground	rnd_drop_1	0.941
zs\labs\488	labs	vanilla	ambient/underground	rnd_drop_2	0.963
zs\labs\489	labs	vanilla	ambient/underground	rnd_drop_3	0.918
zs\labs\490	labs	vanilla	ambient/underground	rnd_drop_4	0.891
zs\labs\491	labs	vanilla	ambient/underground	rnd_drop_5	0.891
zs\labs\492	labs	vanilla	ambient/underground	rnd_drop_6	0.887
zs\labs\493	labs	vanilla	ambient/underground	rnd_giant	1.721
zs\labs\494	labs	vanilla	ambient/underground	rnd_giant_1	1.41
zs\labs\495	labs	vanilla	ambient/underground	rnd_metal1	0.917
zs\labs\496	labs	vanilla	ambient/underground	rnd_metal2	0.921
zs\labs\497	labs	vanilla	ambient/underground	rnd_metal3	0.896
zs\labs\498	labs	vanilla	ambient/underground	rnd_polter	2.415
zs\labs\499	labs	vanilla	ambient/underground	rnd_polter_1	3.067
zs\labs\500	labs	vanilla	ambient/underground	rnd_polter_2	2.484
zs\labs\501	labs	vanilla	ambient/underground	rnd_rat_panic_1	0.835
zs\labs\502	labs	vanilla	ambient/underground	rnd_rat_panic_2	0.875
zs\labs\503	labs	vanilla	ambient/underground	rnd_rat_panic_3	0.958
zs\labs\504	labs	vanilla	ambient/underground	steam_1	1.463
zs\labs\505	labs	vanilla	ambient/underground	steam_2	7.105
zs\labs\506	labs	vanilla	ambient/underground	strange_noise_2	0.881
zs\labs\507	labs	vanilla	ambient/x16	x16_brain_death	0.865
zs\labs\508	labs	vanilla	ambient/x16	x16_brain_run	0.875
zs\labs\509	labs	vanilla	ambient/x16	x16_brain_stop	1.036
zs\labs\510	labs	vanilla	ambient/x16	x16_engine1_stop	0.936
zs\labs\511	labs	vanilla	ambient/x16	x16_engine2_stop	0.762
zs\labs\512	labs	vanilla	ambient/x16	x16_grate_fall	0.726
zs\labs\513	labs	vanilla	ambient/x16	x16_hum_2	1.86
zs\labs\514	labs	vanilla	ambient/x16	x16_psy	0.932
zs\labs\515	labs	vanilla	ambient/x16	x16_psy_l	1.078
zs\labs\516	labs	vanilla	ambient/x16	x16_psy_r	1.029
zs\labs\517	labs	vanilla	ambient/x16	x16_psy_hit	0.873
zs\labs\518	labs	vanilla	ambient/x18	fan1	6.725
zs\labs\519	labs	vanilla	ambient/x18	x18_hit_5	1.008
zs\labs\520	labs	vanilla	ambient/x18	waterdrops2	1.014
zs\labs\521	labs	vanilla	ambient/x18	x18_creak_1	0.724
zs\labs\522	labs	vanilla	ambient/x18	x18_creak_2	0.73
zs\labs\523	labs	vanilla	ambient/x18	x18_footsteps	0.845
zs\labs\524	labs	vanilla	ambient/x18	x18_gunfire	2.57
zs\labs\525	labs	vanilla	ambient/x18	x18_hit_1	0.929
zs\labs\526	labs	vanilla	ambient/x18	x18_hit_3	0.886
zs\labs\527	labs	vanilla	ambient/x18	x18_hit_4	0.956
zs\labs\528	labs	vanilla	ambient/x18	x18_hit_6	0.806
zs\labs\529	labs	vanilla	ambient/x18	x18_hit_7	0.779
zs\labs\530	labs	vanilla	ambient/x18	x18_hit_8	0.818
zs\labs\531	labs	vanilla	ambient/x18	x18_metal_1	0.685
zs\labs\532	labs	vanilla	ambient/x18	x18_metal_2	0.768
zs\labs\533	labs	vanilla	ambient/x18	x18_metal_3	0.766
zs\labs\534	labs	vanilla	ambient/x18	x18_metal_4	0.686
zs\labs\535	labs	vanilla	ambient/x18	x18_metal_5	0.683
zs\labs\536	labs	vanilla	ambient/x18	x18_move_1	0.911
zs\labs\537	labs	vanilla	ambient/x18	x18_move_2	0.891
zs\labs\538	labs	vanilla	ambient/x18	x18_move_3	0.914
zs\labs\539	labs	vanilla	ambient/x18	x18_move_4	0.927
zs\labs\540	labs	vanilla	ambient/x18	x18_move_5	0.854
zs\labs\541	labs	vanilla	ambient/x18	x18_noise_1	0.954
zs\labs\542	labs	vanilla	ambient/x18	x18_noise_2	1.019
zs\labs\543	labs	vanilla	ambient/x18	x18_wind_1	5.74
zs\labs\544	labs	vanilla	ambient/x18	x18_wind_3	6.029
zs\labs\545	labs	vanilla	ambient/trx/background	underground_2	0.5
zs\mutant\1	mutant	Amplified	monsters/biblio	izlome_idle_3	0.843
zs\mutant\2	mutant	Amplified	monsters/bloodsucker	distant_growl_1	0.919
zs\mutant\3	mutant	Amplified	ambient/soundscape/mutants/bloodsucker	distant_3	2.27
zs\mutant\4	mutant	Amplified	monsters/bloodsucker	distant_growl_2	0.947
zs\mutant\5	mutant	Amplified	monsters/bloodsucker	distant_growl_3	0.888
zs\mutant\6	mutant	Amplified	monsters/bloodsucker	idle_0	1.76
zs\mutant\7	mutant	Amplified	monsters/bloodsucker	idle_1	0.914
zs\mutant\8	mutant	Amplified	monsters/bloodsucker	idle_2	0.87
zs\mutant\9	mutant	Amplified	monsters/bloodsucker	idle_3	0.868
zs\mutant\10	mutant	Amplified	monsters/bloodsucker	idle_4	0.873
zs\mutant\11	mutant	Amplified	monsters/bloodsucker	idle_5	0.879
zs\mutant\12	mutant	Amplified	monsters/bloodsucker	sucker_breath_mix_0	0.803
zs\mutant\13	mutant	Amplified	monsters/bloodsucker	sucker_growl_0	1.106
zs\mutant\14	mutant	Amplified	monsters/bloodsucker	sucker_growl_2	0.837
zs\mutant\15	mutant	Amplified	monsters/bloodsucker	sucker_growl_3	0.944
zs\mutant\16	mutant	Amplified	monsters/bloodsucker	sucker_growl_4	0.897
zs\mutant\17	mutant	Amplified	monsters/bloodsucker	swamp_growl_1	0.706
zs\mutant\18	mutant	Amplified	monsters/bloodsucker	swamp_growl_2	1.072
zs\mutant\19	mutant	Amplified	monsters/boar	boar_eat_0	0.864
zs\mutant\20	mutant	Amplified	monsters/boar	boar_eat_1	0.879
zs\mutant\21	mutant	Amplified	monsters/boar	boar_eat_2	0.868
zs\mutant\22	mutant	Amplified	monsters/boar	boar_eat_3	0.875
zs\mutant\23	mutant	Amplified	monsters/boar	boar_idle_0	1.124
zs\mutant\24	mutant	Amplified	monsters/boar	boar_idle_1	0.875
zs\mutant\25	mutant	Amplified	monsters/boar	boar_idle_2	0.89
zs\mutant\26	mutant	Amplified	monsters/boar	boar_idle_3	1.156
zs\mutant\27	mutant	Amplified	monsters/burer	burer_eat_0	6.326
zs\mutant\28	mutant	Amplified	monsters/burer	burer_eat_1	2.809
zs\mutant\29	mutant	Amplified	monsters/burer	burer_idle_0	1.127
zs\mutant\30	mutant	Amplified	monsters/burer	burer_idle_1	0.936
zs\mutant\31	mutant	Amplified	monsters/burer	burer_idle_2	1.653
zs\mutant\32	mutant	Amplified	monsters/burer	burer_idle_3	1.264
zs\mutant\33	mutant	Soundscape	monsters/burer	burer_idle_3	1.223
zs\mutant\34	mutant	Amplified	monsters/cat	c2_idle_1	1.895
zs\mutant\35	mutant	Amplified	monsters/cat	c2_idle_2	1.79
zs\mutant\36	mutant	Amplified	monsters/cat	c2_idle_3	1.928
zs\mutant\37	mutant	Amplified	monsters/cat	c_eat_0	2.226
zs\mutant\38	mutant	Amplified	monsters/cat	c_eat_1	2.62
zs\mutant\39	mutant	Amplified	monsters/chimera	chimera_growl_1	1.022
zs\mutant\40	mutant	Amplified	monsters/chimera	chimera_idle_1	0.999
zs\mutant\41	mutant	Amplified	monsters/chimera	chimera_idle_2	0.858
zs\mutant\42	mutant	Amplified	monsters/chimera	chimera_idle_3	1.746
zs\mutant\43	mutant	Amplified	monsters/chimera	idle_1	2.382
zs\mutant\44	mutant	Amplified	monsters/chimera	idle_2	0.822
zs\mutant\45	mutant	Amplified	monsters/controller	ambient_drone_1	5.002
zs\mutant\46	mutant	Amplified	monsters/controller	ambient_drone_10	1.229
zs\mutant\47	mutant	Amplified	monsters/controller	ambient_drone_2	2.065
zs\mutant\48	mutant	Amplified	monsters/controller	ambient_drone_4	3.163
zs\mutant\49	mutant	Amplified	monsters/controller	ambient_drone_5	5.417
zs\mutant\50	mutant	Amplified	monsters/controller	ambient_drone_6	1.659
zs\mutant\51	mutant	Amplified	ambient/soundscape/mutants/controller	distant_6	2.76
zs\mutant\52	mutant	Amplified	monsters/controller	ambient_drone_8	1.111
zs\mutant\53	mutant	Amplified	monsters/controller	ambient_drone_9	1.509
zs\mutant\54	mutant	Amplified	monsters/controller	controller_idle_0	0.888
zs\mutant\55	mutant	Amplified	monsters/controller	controller_idle_1	0.885
zs\mutant\56	mutant	Amplified	monsters/controller	controller_idle_2	0.895
zs\mutant\57	mutant	Amplified	monsters/dog	bdog_eat_2	1.913
zs\mutant\58	mutant	Amplified	monsters/dog	bdog_growl_0	1.276
zs\mutant\59	mutant	Amplified	monsters/dog	bdog_growl_1	1.498
zs\mutant\60	mutant	Amplified	monsters/dog	bdog_growl_2	1.43
zs\mutant\61	mutant	Amplified	monsters/dog	bdog_idle_0	1.074
zs\mutant\62	mutant	Amplified	monsters/dog	bdog_idle_1	0.961
zs\mutant\63	mutant	Amplified	monsters/dog	bdog_idle_2	1.015
zs\mutant\64	mutant	Amplified	monsters/dog	bdog_idle_3	0.983
zs\mutant\65	mutant	Amplified	monsters/dog	bdog_idle_4	1.425
zs\mutant\66	mutant	Amplified	monsters/flesh	flesh_eat_0	0.855
zs\mutant\67	mutant	Amplified	monsters/flesh	flesh_eat_1	0.869
zs\mutant\68	mutant	Amplified	monsters/flesh	flesh_eat_2	0.822
zs\mutant\69	mutant	Amplified	monsters/flesh	flesh_eat_3	0.85
zs\mutant\70	mutant	Amplified	monsters/flesh	flesh_eat_4	0.872
zs\mutant\71	mutant	Amplified	monsters/flesh	flesh_eat_5	0.867
zs\mutant\72	mutant	Amplified	monsters/flesh	flesh_idle_0	1.285
zs\mutant\73	mutant	Amplified	monsters/flesh	flesh_idle_1	0.93
zs\mutant\74	mutant	Amplified	monsters/flesh	flesh_idle_2	1.059
zs\mutant\75	mutant	Amplified	monsters/flesh	flesh_idle_3	1.262
zs\mutant\76	mutant	Amplified	monsters/flesh	flesh_idle_4	2.716
zs\mutant\77	mutant	Amplified	monsters/fracture	fracture_eat_0	2.226
zs\mutant\78	mutant	Amplified	monsters/fracture	fracture_eat_1	1.191
zs\mutant\79	mutant	Amplified	monsters/fracture	fracture_eat_2	2.6
zs\mutant\80	mutant	Amplified	monsters/fracture	fracture_eat_3	1.163
zs\mutant\81	mutant	Amplified	monsters/fracture	fracture_idle_0	0.915
zs\mutant\82	mutant	Amplified	monsters/fracture	fracture_idle_1	0.985
zs\mutant\83	mutant	Amplified	monsters/fracture	fracture_idle_2	0.85
zs\mutant\84	mutant	Amplified	monsters/fracture	idle_0	1.027
zs\mutant\85	mutant	Amplified	monsters/fracture	idle_1	1.503
zs\mutant\86	mutant	Amplified	monsters/giant	giant_breath_0	0.887
zs\mutant\87	mutant	Amplified	monsters/giant	giant_breath_1	0.865
zs\mutant\88	mutant	Amplified	monsters/giant	giant_breath_2	0.868
zs\mutant\89	mutant	Amplified	monsters/giant	giant_idle_0	0.753
zs\mutant\90	mutant	Amplified	monsters/giant	giant_idle_1	0.845
zs\mutant\91	mutant	Amplified	monsters/lurker	attack_0	0.792
zs\mutant\92	mutant	Amplified	monsters/lurker	attack_1	0.749
zs\mutant\93	mutant	Amplified	monsters/lurker	attack_2	0.846
zs\mutant\94	mutant	Amplified	ambient/trx/spooks_above/mutants	sound_28	2.458
zs\mutant\95	mutant	Amplified	ambient/soundscape/mutants/lurker/back	distant_1b	2.628
zs\mutant\96	mutant	Amplified	monsters/lurker	attack_3	0.849
zs\mutant\97	mutant	Amplified	ambient/soundscape/mutants/lurker/back	distant_2b	2.627
zs\mutant\98	mutant	Amplified	monsters/lurker	attack_hit_0	0.675
zs\mutant\99	mutant	Amplified	monsters/lurker	attack_hit_1	0.664
zs\mutant\100	mutant	Amplified	monsters/lurker	attack_hit_2	0.644
zs\mutant\101	mutant	Amplified	monsters/lurker	attack_hit_3	0.71
zs\mutant\102	mutant	Amplified	monsters/lurker	attack_hit_4	0.662
zs\mutant\103	mutant	Amplified	monsters/lurker	attack_hit_5	0.708
zs\mutant\104	mutant	Amplified	monsters/lurker	breath_0	0.888
zs\mutant\105	mutant	Amplified	monsters/lurker	breath_1	0.873
zs\mutant\106	mutant	Amplified	monsters/lurker	die_0	0.751
zs\mutant\107	mutant	Amplified	monsters/lurker	die_1	0.659
zs\mutant\108	mutant	Amplified	monsters/lurker	die_2	0.734
zs\mutant\109	mutant	Amplified	monsters/lurker	die_3	0.579
zs\mutant\110	mutant	Amplified	monsters/lurker	hit_0	0.891
zs\mutant\111	mutant	Amplified	monsters/lurker	hit_1	0.787
zs\mutant\112	mutant	Amplified	monsters/lurker	hit_2	0.838
zs\mutant\113	mutant	Amplified	monsters/lurker	hit_3	0.84
zs\mutant\114	mutant	Amplified	monsters/lurker	hit_4	0.67
zs\mutant\115	mutant	Amplified	monsters/lurker	hit_5	0.692
zs\mutant\116	mutant	Amplified	monsters/lurker	hit_6	0.682
zs\mutant\117	mutant	Amplified	monsters/lurker	idle_0	0.887
zs\mutant\118	mutant	Amplified	monsters/lurker	idle_3	0.891
zs\mutant\119	mutant	Amplified	monsters/lurker	~hit_0	0.728
zs\mutant\120	mutant	Amplified	monsters/lurker	~hit_1	0.713
zs\mutant\121	mutant	Amplified	monsters/lurker	~hit_3	0.749
zs\mutant\122	mutant	Amplified	monsters/pauk	pauk_eat_0	4.042
zs\mutant\123	mutant	Amplified	monsters/pauk	pauk_eat_1	3.69
zs\mutant\124	mutant	Amplified	monsters/pauk	pauk_eat_2	6.176
zs\mutant\125	mutant	Amplified	monsters/pauk	pauk_eat_3	4.605
zs\mutant\126	mutant	Amplified	monsters/pauk	pauk_idle_0	2.913
zs\mutant\127	mutant	Amplified	monsters/pauk	pauk_idle_1	2.697
zs\mutant\128	mutant	Amplified	monsters/pauk	pauk_idle_dist	3.161
zs\mutant\129	mutant	Amplified	monsters/poltergeist	black_idle	1.068
zs\mutant\130	mutant	Amplified	monsters/poltergeist	fire_idle_0	1.975
zs\mutant\131	mutant	Amplified	monsters/poltergeist	idle_0	1.219
zs\mutant\132	mutant	Amplified	monsters/poltergeist	idle_1	1.119
zs\mutant\133	mutant	Amplified	monsters/poltergeist	idle_2	0.97
zs\mutant\134	mutant	Amplified	monsters/poltergeist	idle_3	1.367
zs\mutant\135	mutant	Amplified	monsters/poltergeist	idle_4	0.881
zs\mutant\136	mutant	Amplified	monsters/poltergeist	idle_5	1.243
zs\mutant\137	mutant	Amplified	monsters/poltergeist	idle_6	1.588
zs\mutant\138	mutant	Amplified	monsters/poltergeist	tele_idle_0	1.455
zs\mutant\139	mutant	Amplified	monsters/pseudodog	idle_0	0.894
zs\mutant\140	mutant	Amplified	monsters/pseudodog	idle_1	1.568
zs\mutant\141	mutant	Amplified	monsters/pseudodog	idle_2	1.259
zs\mutant\142	mutant	Amplified	monsters/pseudodog	pdog_idle_0	1.053
zs\mutant\143	mutant	Amplified	monsters/pseudodog	pdog_idle_1	1.861
zs\mutant\144	mutant	Amplified	monsters/pseudodog	pdog_idle_3	1.485
zs\mutant\145	mutant	Amplified	monsters/pseudodog	pdog_idle_4	1.539
zs\mutant\146	mutant	Amplified	monsters/psysucker	breath_0	0.822
zs\mutant\147	mutant	Amplified	monsters/psysucker	breath_1	0.853
zs\mutant\148	mutant	Soundscape	monsters/psysucker	breath_1	0.858
zs\mutant\149	mutant	Soundscape	monsters/snork	snork_eat_0	1.794
zs\mutant\150	mutant	Amplified	monsters/snork	snork_idle_0	0.863
zs\mutant\151	mutant	Amplified	monsters/snork	snork_idle_1	0.952
zs\mutant\152	mutant	Amplified	monsters/snork	snork_idle_2	1.075
zs\mutant\153	mutant	Amplified	monsters/zombie	zombie_eat_0	0.93
zs\mutant\154	mutant	Amplified	monsters/zombie	zombie_eat_1	0.834
zs\mutant\155	mutant	Amplified	monsters/zombie	zombie_eat_2	0.867
zs\mutant\156	mutant	Amplified	monsters/zombie	zombie_idle_1	0.93
zs\mutant\157	mutant	Amplified	monsters/zombie	zombie_idle_10	0.728
zs\mutant\158	mutant	Amplified	monsters/zombie	zombie_idle_11	0.874
zs\mutant\159	mutant	Amplified	monsters/zombie	zombie_idle_17	0.91
zs\mutant\160	mutant	Amplified	monsters/zombie	zombie_idle_12	0.879
zs\mutant\161	mutant	Amplified	monsters/zombie	zombie_idle_13	0.739
zs\mutant\162	mutant	Amplified	monsters/zombie	zombie_idle_14	0.879
zs\mutant\163	mutant	Amplified	monsters/zombie	zombie_idle_15	0.681
zs\mutant\164	mutant	Amplified	monsters/zombie	zombie_idle_2	0.834
zs\mutant\165	mutant	Amplified	monsters/poltergeist/bck	idle_0	1.133
zs\mutant\166	mutant	Amplified	monsters/poltergeist/bck	idle_1	0.973
zs\mutant\167	mutant	Amplified	monsters/poltergeist/bck	idle_2	1.184
zs\mutant\168	mutant	Amplified	monsters/poltergeist/bck	idle_3	1.404
zs\mutant\169	mutant	Amplified	monsters/poltergeist/bck	idle_4	1.019
zs\mutant\170	mutant	Amplified	monsters/poltergeist/bck	idle_5	1.212
zs\mutant\171	mutant	Amplified	monsters/poltergeist/bck	idle_6	0.86
zs\mutant\172	mutant	Amplified	monsters/fracture/bck	fracture_idle_0	1.112
zs\mutant\173	mutant	Amplified	monsters/fracture/bck	fracture_idle_1	0.972
zs\mutant\174	mutant	Amplified	monsters/fracture/bck	fracture_idle_2	0.987
zs\mutant\175	mutant	Amplified	ambient/trx/spooks_above/mutants	sound_01	3.158
zs\mutant\176	mutant	Amplified	ambient/trx/spooks_above/mutants	sound_02	3.502
zs\mutant\177	mutant	Amplified	ambient/trx/spooks_above/mutants	sound_03	0.92
zs\mutant\178	mutant	Amplified	ambient/trx/spooks_above/mutants	sound_04	2.564
zs\mutant\179	mutant	Amplified	ambient/trx/spooks_above/mutants	sound_05	3.737
zs\mutant\180	mutant	Amplified	ambient/trx/spooks_above/mutants	sound_06	2.791
zs\mutant\181	mutant	Amplified	ambient/trx/spooks_above/mutants	sound_07	3.028
zs\mutant\182	mutant	Amplified	ambient/trx/spooks_above/mutants	sound_08	2.374
zs\mutant\183	mutant	Amplified	ambient/trx/spooks_above/mutants	sound_09	4.921
zs\mutant\184	mutant	Amplified	ambient/trx/spooks_above/mutants	sound_10	5.588
zs\mutant\185	mutant	Amplified	ambient/trx/spooks_above/mutants	sound_11	1.97
zs\mutant\186	mutant	Amplified	ambient/trx/spooks_above/mutants	sound_12	3.514
zs\mutant\187	mutant	Amplified	ambient/trx/spooks_above/mutants	sound_13	3.62
zs\mutant\188	mutant	Amplified	ambient/trx/spooks_above/mutants	sound_14	0.898
zs\mutant\189	mutant	Amplified	ambient/trx/spooks_above/mutants	sound_15	0.885
zs\mutant\190	mutant	Amplified	ambient/trx/spooks_above/mutants	sound_16	0.882
zs\mutant\191	mutant	Amplified	ambient/trx/spooks_above/mutants	sound_17	3.127
zs\mutant\192	mutant	Amplified	ambient/trx/spooks_above/mutants	sound_18	3.115
zs\mutant\193	mutant	Amplified	ambient/trx/spooks_above/mutants	sound_19	3.126
zs\mutant\194	mutant	Amplified	ambient/trx/spooks_above/mutants	sound_20	3.222
zs\mutant\195	mutant	Amplified	ambient/trx/spooks_above/mutants	sound_21	1.874
zs\mutant\196	mutant	Amplified	ambient/trx/spooks_above/mutants	sound_22	3.123
zs\mutant\197	mutant	Amplified	ambient/trx/spooks_above/mutants	sound_23	3.35
zs\mutant\198	mutant	Amplified	ambient/trx/spooks_above/mutants	sound_24	8.698
zs\mutant\199	mutant	Amplified	ambient/trx/spooks_above/mutants	sound_25	3.128
zs\mutant\200	mutant	Amplified	ambient/trx/spooks_above/mutants	sound_26	3.033
zs\mutant\201	mutant	Amplified	ambient/trx/spooks_above/mutants	sound_27	3.544
zs\mutant\202	mutant	Amplified	ambient/trx/spooks_above/mutants	sound_29	3.136
zs\mutant\203	mutant	Amplified	ambient/trx/spooks_above/mutants	sound_30	3.304
zs\mutant\204	mutant	Amplified	ambient/trx/spooks_above/mutants	sound_31	1.154
zs\mutant\205	mutant	Amplified	ambient/trx/spooks_above/mutants	sound_32	2.111
zs\mutant\206	mutant	Amplified	ambient/trx/spooks_above/mutants	sound_33	3.019
zs\mutant\207	mutant	Amplified	ambient/trx/spooks_above/mutants	sound_34	2.078
zs\mutant\208	mutant	Amplified	ambient/trx/spooks_above/mutants	sound_35	3.164
zs\mutant\209	mutant	Amplified	ambient/trx/spooks_above/mutants	sound_36	2.494
zs\mutant\210	mutant	Amplified	ambient/trx/spooks_above/mutants	sound_37	2.143
zs\mutant\211	mutant	Amplified	ambient/trx/spooks_above/mutants	sound_38	3.347
zs\mutant\212	mutant	Amplified	ambient/trx/spooks_above/mutants	sound_39	1.972
zs\mutant\213	mutant	Amplified	ambient/trx/spooks_above/mutants	sound_40	3.468
zs\mutant\214	mutant	Amplified	ambient/soundscape/mutants/bloodsucker	distant_1	7.299
zs\mutant\215	mutant	Amplified	ambient/soundscape/mutants/bloodsucker	distant_2	8.475
zs\mutant\216	mutant	Amplified	ambient/soundscape/mutants/bloodsucker	distant_4	8.141
zs\mutant\217	mutant	Amplified	ambient/soundscape/mutants/bloodsucker	distant_5	2.731
zs\mutant\218	mutant	Amplified	ambient/soundscape/mutants/boar	distant_1	2.229
zs\mutant\219	mutant	Amplified	ambient/soundscape/mutants/boar	distant_2	2.487
zs\mutant\220	mutant	Amplified	ambient/soundscape/mutants/boar	distant_3	2.632
zs\mutant\221	mutant	Amplified	ambient/soundscape/mutants/boar	distant_4	2.016
zs\mutant\222	mutant	Amplified	ambient/soundscape/mutants/boar	distant_5	1.754
zs\mutant\223	mutant	Amplified	ambient/soundscape/mutants/burer	distant_1	4.325
zs\mutant\224	mutant	Amplified	ambient/soundscape/mutants/burer	distant_2	3.026
zs\mutant\225	mutant	Amplified	ambient/soundscape/mutants/burer	distant_3	3.032
zs\mutant\226	mutant	Amplified	ambient/soundscape/mutants/burer	distant_4	5.784
zs\mutant\227	mutant	Amplified	ambient/soundscape/mutants/burer	distant_5	4.582
zs\mutant\228	mutant	Amplified	ambient/soundscape/mutants/burer	distant_6	4.568
zs\mutant\229	mutant	Amplified	ambient/soundscape/mutants/burer	distant_7	9.984
zs\mutant\230	mutant	Amplified	ambient/soundscape/mutants/cat	distant_1	1.336
zs\mutant\231	mutant	Amplified	ambient/soundscape/mutants/cat	distant_1b	3.024
zs\mutant\232	mutant	Amplified	ambient/soundscape/mutants/cat	distant_2	2.719
zs\mutant\233	mutant	Amplified	ambient/soundscape/mutants/cat	distant_2b	3.022
zs\mutant\234	mutant	Amplified	ambient/soundscape/mutants/cat	distant_3	1.731
zs\mutant\235	mutant	Amplified	ambient/soundscape/mutants/cat	distant_3b	3.034
zs\mutant\236	mutant	Amplified	ambient/soundscape/mutants/chimera	distant_1	3.419
zs\mutant\237	mutant	Amplified	ambient/soundscape/mutants/chimera	distant_2	1.78
zs\mutant\238	mutant	Amplified	ambient/soundscape/mutants/chimera	distant_3	1.729
zs\mutant\239	mutant	Amplified	ambient/soundscape/mutants/chimera	distant_4	1.217
zs\mutant\240	mutant	Amplified	ambient/soundscape/mutants/chimera	distant_5	1.546
zs\mutant\241	mutant	Amplified	ambient/soundscape/mutants/chimera	distant_6	2.492
zs\mutant\242	mutant	Amplified	ambient/soundscape/mutants/chimera	distant_7	1.695
zs\mutant\243	mutant	Amplified	ambient/soundscape/mutants/chimera	distant_8	1.677
zs\mutant\244	mutant	Amplified	ambient/soundscape/mutants/controller	distant_7	2.787
zs\mutant\245	mutant	Soundscape	monsters/controller	ambient_drone_10	0.837
zs\mutant\246	mutant	Amplified	ambient/soundscape/mutants/dog	distant_2	1.311
zs\mutant\247	mutant	Amplified	ambient/soundscape/mutants/dog	distant_3	2.577
zs\mutant\248	mutant	Amplified	ambient/soundscape/mutants/dog	distant_4	2.474
zs\mutant\249	mutant	Amplified	ambient/soundscape/mutants/dog	distant_5	1.635
zs\mutant\250	mutant	Amplified	ambient/soundscape/mutants/dog	distant_6	1.645
zs\mutant\251	mutant	Amplified	ambient/soundscape/mutants/dog	distant_7	1.823
zs\mutant\252	mutant	Amplified	ambient/soundscape/mutants/dog	distant_8	1.289
zs\mutant\253	mutant	Amplified	ambient/soundscape/mutants/flesh	distant_1	0.883
zs\mutant\254	mutant	Amplified	ambient/soundscape/mutants/flesh	distant_2	1.761
zs\mutant\255	mutant	Amplified	ambient/soundscape/mutants/flesh	distant_3	0.885
zs\mutant\256	mutant	Amplified	ambient/soundscape/mutants/flesh	distant_4	1.814
zs\mutant\257	mutant	Amplified	ambient/soundscape/mutants/flesh	distant_5	7.82
zs\mutant\258	mutant	Amplified	ambient/soundscape/mutants/fracture	distant_1	1.375
zs\mutant\259	mutant	Amplified	ambient/soundscape/mutants/fracture	distant_2	2.129
zs\mutant\260	mutant	Amplified	ambient/soundscape/mutants/fracture	distant_3	2.251
zs\mutant\261	mutant	Amplified	ambient/soundscape/mutants/fracture	distant_4	3.507
zs\mutant\262	mutant	Amplified	ambient/soundscape/mutants/fracture	distant_5	1.792
zs\mutant\263	mutant	Amplified	ambient/soundscape/mutants/fracture	distant_6	2.459
zs\mutant\264	mutant	Amplified	ambient/soundscape/mutants/giant	distant_1	2.778
zs\mutant\265	mutant	Amplified	ambient/soundscape/mutants/giant	distant_2	8.694
zs\mutant\266	mutant	Amplified	ambient/soundscape/mutants/giant	distant_3	0.886
zs\mutant\267	mutant	Amplified	ambient/soundscape/mutants/giant	distant_4	2.189
zs\mutant\268	mutant	Amplified	ambient/soundscape/mutants/giant	distant_5	2.481
zs\mutant\269	mutant	Amplified	ambient/soundscape/mutants/lurker	distant_1	1.669
zs\mutant\270	mutant	Amplified	ambient/soundscape/mutants/lurker	distant_2	1.69
zs\mutant\271	mutant	Amplified	ambient/soundscape/mutants/lurker/back	distant_2 lurk	2.043
zs\mutant\272	mutant	Amplified	ambient/soundscape/mutants/lurker	distant_3	2.006
zs\mutant\273	mutant	Amplified	ambient/soundscape/mutants/lurker	distant_4	1.796
zs\mutant\274	mutant	Amplified	ambient/soundscape/mutants/lurker	olddistant_1	1.991
zs\mutant\275	mutant	Amplified	ambient/soundscape/mutants/poltergeist	distant_4	0.887
zs\mutant\276	mutant	Amplified	ambient/soundscape/mutants/poltergeist	distant_8	1.955
zs\mutant\277	mutant	Amplified	ambient/soundscape/mutants/zombie	distant_2	1.671
zs\mutant\278	mutant	Amplified	ambient/soundscape/mutants/poltergeist	distant_9	1.036
zs\mutant\279	mutant	Amplified	ambient/soundscape/mutants/psysucker	distant_1	1.319
zs\mutant\280	mutant	Amplified	ambient/soundscape/mutants/psysucker	distant_2	2.271
zs\mutant\281	mutant	Amplified	ambient/soundscape/mutants/psysucker	distant_3	1.392
zs\mutant\282	mutant	Amplified	ambient/soundscape/mutants/psysucker	distant_5	2.857
zs\mutant\283	mutant	Amplified	ambient/soundscape/mutants/snork	distant_1	2.737
zs\mutant\284	mutant	Amplified	ambient/soundscape/mutants/snork	distant_2	2.584
zs\mutant\285	mutant	Amplified	ambient/soundscape/mutants/snork	distant_3	2.047
zs\mutant\286	mutant	Amplified	ambient/soundscape/mutants/snork	distant_4	2.174
zs\mutant\287	mutant	Amplified	ambient/soundscape/mutants/snork	distant_5	7.172
zs\mutant\288	mutant	Amplified	ambient/soundscape/mutants/zombie	distant_1	2.023
zs\mutant\289	mutant	Amplified	ambient/soundscape/mutants/zombie	distant_1b	5.049
zs\mutant\290	mutant	Amplified	ambient/soundscape/mutants/zombie	distant_3	2.733
zs\mutant\291	mutant	Amplified	ambient/soundscape/mutants/zombie	distant_4	1.418
zs\mutant\292	mutant	Amplified	ambient/soundscape/mutants/zombie	distant_5	2.477
zs\mutant\293	mutant	Amplified	ambient/soundscape/mutants/zombie	distant_6	2.737
zs\mutant\294	mutant	Amplified	ambient/soundscape/mutants/zombie	distant_7	2.9
zs\mutant\295	mutant	Amplified	ambient/soundscape/mutants/snork/bck	distant_2b	3.286
zs\mutant\296	mutant	Amplified	ambient/soundscape/mutants/snork/bck	distant_3b	3.036
zs\mutant\297	mutant	Soundscape	monsters/bloodsucker	idle_1	1.787
zs\mutant\298	mutant	Soundscape	monsters/bloodsucker	idle_2	1.828
zs\mutant\299	mutant	Soundscape	monsters/bloodsucker	idle_3	1.795
zs\mutant\300	mutant	Soundscape	monsters/bloodsucker	idle_4	1.645
zs\mutant\301	mutant	Soundscape	monsters/bloodsucker	idle_5	1.877
zs\mutant\302	mutant	Soundscape	monsters/bloodsucker	sucker_breath_mix_0	0.889
zs\mutant\303	mutant	Soundscape	monsters/bloodsucker	sucker_growl_0	0.852
zs\mutant\304	mutant	Soundscape	monsters/bloodsucker	sucker_growl_1	0.893
zs\mutant\305	mutant	Soundscape	monsters/bloodsucker	sucker_growl_2	0.887
zs\mutant\306	mutant	Soundscape	monsters/bloodsucker	sucker_growl_3	0.444
zs\mutant\307	mutant	Soundscape	monsters/bloodsucker	sucker_growl_4	0.878
zs\mutant\308	mutant	Soundscape	monsters/bloodsucker	swamp_growl_1	0.86
zs\mutant\309	mutant	Soundscape	monsters/burer	burer_idle_0	1.033
zs\mutant\310	mutant	Soundscape	monsters/burer	burer_idle_1	1.298
zs\mutant\311	mutant	Soundscape	monsters/chimera	chimera_growl_1	1.153
zs\mutant\312	mutant	Soundscape	monsters/chimera	chimera_idle_1	0.918
zs\mutant\313	mutant	Soundscape	monsters/chimera	chimera_idle_2	0.912
zs\mutant\314	mutant	Soundscape	monsters/chimera	chimera_idle_3	0.891
zs\mutant\315	mutant	Soundscape	monsters/flesh	flesh_idle_0	2.694
zs\mutant\316	mutant	Soundscape	monsters/flesh	flesh_idle_1	2.654
zs\mutant\317	mutant	Soundscape	monsters/flesh	flesh_idle_2	2.542
zs\mutant\318	mutant	Soundscape	monsters/fracture	fracture_idle_0	0.899
zs\mutant\319	mutant	Soundscape	monsters/fracture	fracture_idle_1	0.891
zs\mutant\320	mutant	Soundscape	monsters/fracture	fracture_idle_2	0.796
zs\mutant\321	mutant	Soundscape	monsters/giant	giant_breath_1	0.881
zs\mutant\322	mutant	Soundscape	monsters/giant	giant_breath_2	0.882
zs\mutant\323	mutant	Soundscape	monsters/giant	giant_idle_0	0.871
zs\mutant\324	mutant	Soundscape	monsters/giant	giant_idle_1	0.847
zs\mutant\325	mutant	Soundscape	monsters/poltergeist	black_idle	1.026
zs\mutant\326	mutant	Soundscape	monsters/poltergeist	fire_idle_0	0.976
zs\mutant\327	mutant	Soundscape	monsters/poltergeist	idle_0	0.93
zs\mutant\328	mutant	Soundscape	monsters/poltergeist	idle_1	0.899
zs\mutant\329	mutant	Soundscape	monsters/poltergeist	idle_2	0.961
zs\mutant\330	mutant	Soundscape	monsters/poltergeist	idle_3	0.93
zs\mutant\331	mutant	Soundscape	monsters/poltergeist	tele_idle_0	0.907
zs\mutant\332	mutant	Soundscape	monsters/poltergeist	~tele_idle_0	0.967
zs\mutant\333	mutant	Soundscape	monsters/psysucker	idle_1	1.787
zs\mutant\334	mutant	Soundscape	monsters/psysucker	idle_5	1.877
zs\mutant\335	mutant	Soundscape	monsters/snork	snork_idle_0	1.241
zs\mutant\336	mutant	Soundscape	monsters/snork	snork_idle_1	1.121
zs\mutant\337	mutant	Soundscape	monsters/snork	snork_idle_2	1.577
zs\mutant\338	mutant	Soundscape	monsters/zombie	zombie_eat_1	0.864
zs\mutant\339	mutant	Soundscape	monsters/zombie	zombie_eat_2	2.534
zs\mutant\340	mutant	Soundscape	monsters/zombie	zombie_eat_3	0.806
zs\mutant\341	mutant	Soundscape	monsters/zombie	zombie_idle_1	1.354
zs\mutant\342	mutant	Soundscape	monsters/zombie	zombie_idle_10	0.8
zs\mutant\343	mutant	Soundscape	monsters/zombie	zombie_idle_11	0.774
zs\mutant\344	mutant	Soundscape	monsters/zombie	zombie_idle_12	0.762
zs\mutant\345	mutant	Soundscape	monsters/zombie	zombie_idle_13	0.894
zs\mutant\346	mutant	Soundscape	monsters/zombie	zombie_idle_8	0.933
zs\mutant\347	mutant	Soundscape	ambient/soundscape/mutants/flesh	distant_1	0.883
zs\mutant\348	mutant	Soundscape	ambient/soundscape/mutants/flesh	distant_2	7.179
zs\mutant\349	mutant	Soundscape	ambient/soundscape/mutants/flesh	distant_3	6.484
zs\mutant\350	mutant	Soundscape	ambient/soundscape/mutants/flesh	distant_4	7.781
zs\mutant\351	mutant	RETUNE457	ambient/trx/spooks_above/mutants	sound_03	21.75
zs\mutant\352	mutant	RETUNE457	ambient/trx/spooks_above/mutants	sound_04	23.765
zs\mutant\353	mutant	RETUNE457	ambient/trx/spooks_above/mutants	sound_05	21.284
zs\mutant\354	mutant	RETUNE457	ambient/trx/spooks_above/mutants	sound_06	11.06
zs\mutant\355	mutant	RETUNE457	ambient/trx/spooks_above/mutants	sound_07	14.984
zs\mutant\356	mutant	RETUNE457	ambient/trx/spooks_above/mutants	sound_08	11.335
zs\mutant\357	mutant	RETUNE457	ambient/trx/spooks_above/mutants	sound_10	15.314
zs\mutant\358	mutant	RETUNE457	ambient/trx/spooks_above/mutants	sound_11	25.104
zs\mutant\359	mutant	RETUNE457	ambient/trx/spooks_above/mutants	sound_12	14.396
zs\mutant\360	mutant	RealDistantMutants	ambient/soundscape/mutants/cat	distant_1	3.024
zs\mutant\361	mutant	RealDistantMutants	ambient/soundscape/mutants/cat	distant_2	3.022
zs\mutant\362	mutant	RealDistantMutants	ambient/soundscape/mutants/flesh	distant_1	0.883
zs\mutant\363	mutant	RealDistantMutants	ambient/soundscape/mutants/giant	distant_2	8.694
zs\mutant\364	mutant	RealDistantMutants	ambient/soundscape/mutants/poltergeist	distant_4	0.887
zs\mutant\365	mutant	RealDistantMutants	ambient/soundscape/mutants/poltergeist	distant_9	1.036
zs\mutant\366	mutant	DSMutants	monsters/zombie	zombie_idle_1	1.895
zs\mutant\367	mutant	DSMutants	monsters/zombie	zombie_idle_10	2.267
zs\mutant\368	mutant	DSMutants	monsters/zombie	zombie_idle_11	2.805
zs\mutant\369	mutant	DSMutants	monsters/zombie	zombie_idle_12	2.457
zs\mutant\370	mutant	DSMutants	monsters/zombie	zombie_idle_13	3.333
zs\mutant\371	mutant	DSMutants	monsters/zombie	zombie_idle_15	3.045
zs\mutant\372	mutant	DSMutants	monsters/zombie	zombie_idle_2	1.846
zs\mutant\373	mutant	DSMutants	monsters/zombie	zombie_idle_3	1.81
zs\mutant\374	mutant	DSMutants	monsters/zombie	zombie_idle_4	2.012
zs\mutant\375	mutant	DSMutants	monsters/zombie	zombie_idle_5	1.636
zs\mutant\376	mutant	DSMutants	monsters/zombie	zombie_idle_6	1.957
zs\mutant\377	mutant	DSMutants	monsters/zombie	zombie_idle_7	1.705
zs\mutant\378	mutant	DSMutants	monsters/zombie	zombie_idle_8	2.448
zs\mutant\379	mutant	DSMutants	monsters/zombie	zombie_idle_9	2.33
zs\mutant_ambient_field\1	mutant_ambient_field	AudioExpansion	ambient/trx/spooks_above/fielddaymutants	sound_01	0.878
zs\mutant_ambient_field\2	mutant_ambient_field	AudioExpansion	ambient/trx/spooks_above/fielddaymutants	sound_02	0.884
zs\mutant_ambient_field\3	mutant_ambient_field	AudioExpansion	ambient/trx/spooks_above/fielddaymutants	sound_03	0.884
zs\mutant_ambient_field\4	mutant_ambient_field	AudioExpansion	ambient/trx/spooks_above/fielddaymutants	sound_04	1.248
zs\mutant_ambient_field\5	mutant_ambient_field	AudioExpansion	ambient/trx/spooks_above/fielddaymutants	sound_05	1.015
zs\mutant_ambient_field\6	mutant_ambient_field	AudioExpansion	ambient/trx/spooks_above/fielddaymutants	sound_06	1.15
zs\mutant_ambient_field\7	mutant_ambient_field	AudioExpansion	ambient/trx/spooks_above/fielddaymutants	sound_07	0.901
zs\mutant_ambient_field\8	mutant_ambient_field	AudioExpansion	ambient/trx/spooks_above/fielddaymutants	sound_08	0.959
zs\mutant_ambient_field\9	mutant_ambient_field	AudioExpansion	ambient/trx/spooks_above/fielddaymutants	sound_09	0.994
zs\mutant_ambient_field\10	mutant_ambient_field	AudioExpansion	ambient/trx/spooks_above/fielddaymutants	sound_10	1.001
zs\mutant_ambient_field\11	mutant_ambient_field	AudioExpansion	ambient/trx/spooks_above/fielddaymutants	sound_11	0.926
zs\mutant_ambient_field\12	mutant_ambient_field	AudioExpansion	ambient/trx/spooks_above/fielddaymutants	sound_12	0.884
zs\mutant_ambient_field\13	mutant_ambient_field	AudioExpansion	ambient/trx/spooks_above/fielddaymutants	sound_13	0.921
zs\mutant_ambient_field\14	mutant_ambient_field	AudioExpansion	ambient/trx/spooks_above/fielddaymutants	sound_14	0.883
zs\mutant_ambient_field\15	mutant_ambient_field	AudioExpansion	ambient/trx/spooks_above/fieldnightmutants	sound_01	0.898
zs\mutant_ambient_field\16	mutant_ambient_field	AudioExpansion	ambient/trx/spooks_above/fieldnightmutants	sound_02	1.082
zs\mutant_ambient_field\17	mutant_ambient_field	AudioExpansion	ambient/trx/spooks_above/fieldnightmutants	sound_03	1.059
zs\mutant_ambient_field\18	mutant_ambient_field	AudioExpansion	ambient/trx/spooks_above/fieldnightmutants	sound_04	1.043
zs\mutant_ambient_field\19	mutant_ambient_field	AudioExpansion	ambient/trx/spooks_above/fieldnightmutants	sound_05	0.925
zs\mutant_ambient_field\20	mutant_ambient_field	AudioExpansion	ambient/trx/spooks_above/fieldnightmutants	sound_06	1.041
zs\mutant_ambient_field\21	mutant_ambient_field	AudioExpansion	ambient/trx/spooks_above/fieldnightmutants	sound_07	0.999
zs\mutant_ambient_field\22	mutant_ambient_field	AudioExpansion	ambient/trx/spooks_above/fieldnightmutants	sound_08	1.022
zs\mutant_ambient_field\23	mutant_ambient_field	AudioExpansion	ambient/trx/spooks_above/fieldnightmutants	sound_09	1.02
zs\mutant_ambient_field\24	mutant_ambient_field	AudioExpansion	ambient/trx/spooks_above/fieldnightmutants	sound_10	0.883
zs\mutant_ambient_field\25	mutant_ambient_field	AudioExpansion	ambient/trx/spooks_above/fieldnightmutants	sound_11	1.213
zs\mutant_ambient_field\26	mutant_ambient_field	AudioExpansion	ambient/trx/spooks_above/fieldnightmutants	sound_12	0.965
zs\mutant_ambient_field\27	mutant_ambient_field	AudioExpansion	ambient/trx/spooks_above/fieldnightmutants	sound_13	0.923
zs\mutant_ambient_field\28	mutant_ambient_field	AudioExpansion	ambient/trx/spooks_above/fieldnightmutants	sound_14	1.125
zs\mutant_ambient_field\29	mutant_ambient_field	AudioExpansion	ambient/trx/spooks_above/fieldnightmutants	sound_15	1.179
zs\mutant_ambient_forest\1	mutant_ambient_forest	AudioExpansion	ambient/trx/spooks_above/forestdaymutants	sound_01	0.887
zs\mutant_ambient_forest\2	mutant_ambient_forest	AudioExpansion	ambient/trx/spooks_above/forestdaymutants	sound_02	0.999
zs\mutant_ambient_forest\3	mutant_ambient_forest	AudioExpansion	ambient/trx/spooks_above/forestdaymutants	sound_03	0.991
zs\mutant_ambient_forest\4	mutant_ambient_forest	AudioExpansion	ambient/trx/spooks_above/forestdaymutants	sound_04	0.997
zs\mutant_ambient_forest\5	mutant_ambient_forest	AudioExpansion	ambient/trx/spooks_above/forestdaymutants	sound_05	1.006
zs\mutant_ambient_forest\6	mutant_ambient_forest	AudioExpansion	ambient/trx/spooks_above/forestdaymutants	sound_06	1.055
zs\mutant_ambient_forest\7	mutant_ambient_forest	AudioExpansion	ambient/trx/spooks_above/forestdaymutants	sound_07	1.068
zs\mutant_ambient_forest\8	mutant_ambient_forest	AudioExpansion	ambient/trx/spooks_above/forestdaymutants	sound_08	0.932
zs\mutant_ambient_forest\9	mutant_ambient_forest	AudioExpansion	ambient/trx/spooks_above/forestdaymutants	sound_09	0.993
zs\mutant_ambient_forest\10	mutant_ambient_forest	AudioExpansion	ambient/trx/spooks_above/forestdaymutants	sound_10	1.099
zs\mutant_ambient_forest\11	mutant_ambient_forest	AudioExpansion	ambient/trx/spooks_above/forestdaymutants	sound_11	1.023
zs\mutant_ambient_forest\12	mutant_ambient_forest	AudioExpansion	ambient/trx/spooks_above/forestdaymutants	sound_12	1.056
zs\mutant_ambient_forest\13	mutant_ambient_forest	AudioExpansion	ambient/trx/spooks_above/forestdaymutants	sound_13	1.105
zs\mutant_ambient_forest\14	mutant_ambient_forest	AudioExpansion	ambient/trx/spooks_above/forestdaymutants	sound_14	1.094
zs\mutant_ambient_forest\15	mutant_ambient_forest	AudioExpansion	ambient/trx/spooks_above/forestdaymutants	sound_15	1.092
zs\mutant_ambient_forest\16	mutant_ambient_forest	AudioExpansion	ambient/trx/spooks_above/forestdaymutants	sound_16	1.067
zs\mutant_ambient_forest\17	mutant_ambient_forest	AudioExpansion	ambient/trx/spooks_above/forestdaymutants	sound_17	1.025
zs\mutant_ambient_forest\18	mutant_ambient_forest	AudioExpansion	ambient/trx/spooks_above/forestdaymutants	sound_18	1.005
zs\mutant_ambient_forest\19	mutant_ambient_forest	AudioExpansion	ambient/trx/spooks_above/forestdaymutants	sound_19	0.995
zs\mutant_ambient_forest\20	mutant_ambient_forest	AudioExpansion	ambient/trx/spooks_above/forestdaymutants	sound_20	1.014
zs\mutant_ambient_forest\21	mutant_ambient_forest	AudioExpansion	ambient/trx/spooks_above/forestnightmutants	sound_01	1.189
zs\mutant_ambient_forest\22	mutant_ambient_forest	AudioExpansion	ambient/trx/spooks_above/forestnightmutants	sound_02	1.121
zs\mutant_ambient_forest\23	mutant_ambient_forest	AudioExpansion	ambient/trx/spooks_above/forestnightmutants	sound_03	1.016
zs\mutant_ambient_forest\24	mutant_ambient_forest	AudioExpansion	ambient/trx/spooks_above/forestnightmutants	sound_04	1.003
zs\mutant_ambient_forest\25	mutant_ambient_forest	AudioExpansion	ambient/trx/spooks_above/forestnightmutants	sound_05	1.083
zs\mutant_ambient_forest\26	mutant_ambient_forest	AudioExpansion	ambient/trx/spooks_above/forestnightmutants	sound_06	0.918
zs\mutant_ambient_forest\27	mutant_ambient_forest	AudioExpansion	ambient/trx/spooks_above/forestnightmutants	sound_07	1.118
zs\mutant_ambient_forest\28	mutant_ambient_forest	AudioExpansion	ambient/trx/spooks_above/forestnightmutants	sound_08	1.123
zs\mutant_ambient_forest\29	mutant_ambient_forest	AudioExpansion	ambient/trx/spooks_above/forestnightmutants	sound_09	1.003
zs\mutant_ambient_forest\30	mutant_ambient_forest	AudioExpansion	ambient/trx/spooks_above/forestnightmutants	sound_10	1.021
zs\mutant_ambient_forest\31	mutant_ambient_forest	AudioExpansion	ambient/trx/spooks_above/forestnightmutants	sound_11	0.997
zs\mutant_ambient_forest\32	mutant_ambient_forest	AudioExpansion	ambient/trx/spooks_above/forestnightmutants	sound_12	0.887
zs\mutant_ambient_forest\33	mutant_ambient_forest	AudioExpansion	ambient/trx/spooks_above/forestnightmutants	sound_13	0.978
zs\mutant_ambient_forest\34	mutant_ambient_forest	AudioExpansion	ambient/trx/spooks_above/forestnightmutants	sound_14	1.036
zs\mutant_ambient_forest\35	mutant_ambient_forest	AudioExpansion	ambient/trx/spooks_above/forestnightmutants	sound_15	1.161
zs\mutant_ambient_forest\36	mutant_ambient_forest	AudioExpansion	ambient/trx/spooks_above/forestnightmutants	sound_16	0.961
zs\mutant_ambient_forest\37	mutant_ambient_forest	AudioExpansion	ambient/trx/spooks_above/forestnightmutants	sound_17	0.948
zs\mutant_ambient_swamp\1	mutant_ambient_swamp	AudioExpansion	ambient/trx/spooks_above/swampdaymutants	sound_01	1.039
zs\mutant_ambient_swamp\2	mutant_ambient_swamp	AudioExpansion	ambient/trx/spooks_above/swampdaymutants	sound_02	1.107
zs\mutant_ambient_swamp\3	mutant_ambient_swamp	AudioExpansion	ambient/trx/spooks_above/swampdaymutants	sound_03	0.889
zs\mutant_ambient_swamp\4	mutant_ambient_swamp	AudioExpansion	ambient/trx/spooks_above/swampdaymutants	sound_04	0.996
zs\mutant_ambient_swamp\5	mutant_ambient_swamp	AudioExpansion	ambient/trx/spooks_above/swampdaymutants	sound_05	0.975
zs\mutant_ambient_swamp\6	mutant_ambient_swamp	AudioExpansion	ambient/trx/spooks_above/swampdaymutants	sound_06	1.034
zs\mutant_ambient_swamp\7	mutant_ambient_swamp	AudioExpansion	ambient/trx/spooks_above/swampdaymutants	sound_07	1.016
zs\mutant_ambient_swamp\8	mutant_ambient_swamp	AudioExpansion	ambient/trx/spooks_above/swampdaymutants	sound_08	0.881
zs\mutant_ambient_swamp\9	mutant_ambient_swamp	AudioExpansion	ambient/trx/spooks_above/swampdaymutants	sound_09	1.024
zs\mutant_ambient_swamp\10	mutant_ambient_swamp	AudioExpansion	ambient/trx/spooks_above/swampdaymutants	sound_10	1.111
zs\mutant_ambient_swamp\11	mutant_ambient_swamp	AudioExpansion	ambient/trx/spooks_above/swampdaymutants	sound_11	1.056
zs\mutant_ambient_swamp\12	mutant_ambient_swamp	AudioExpansion	ambient/trx/spooks_above/swampdaymutants	sound_12	1.031
zs\mutant_ambient_swamp\13	mutant_ambient_swamp	AudioExpansion	ambient/trx/spooks_above/swampdaymutants	sound_13	1.072
zs\mutant_ambient_swamp\14	mutant_ambient_swamp	AudioExpansion	ambient/trx/spooks_above/swampdaymutants	sound_14	1.122
zs\mutant_ambient_swamp\15	mutant_ambient_swamp	AudioExpansion	ambient/trx/spooks_above/swampdaymutants	sound_15	1.067
zs\mutant_ambient_swamp\16	mutant_ambient_swamp	AudioExpansion	ambient/trx/spooks_above/swampdaymutants	sound_16	1.021
zs\mutant_ambient_swamp\17	mutant_ambient_swamp	AudioExpansion	ambient/trx/spooks_above/swampdaymutants	sound_17	1.066
zs\mutant_ambient_swamp\18	mutant_ambient_swamp	AudioExpansion	ambient/trx/spooks_above/swampdaymutants	sound_18	1.046
zs\mutant_ambient_swamp\19	mutant_ambient_swamp	AudioExpansion	ambient/trx/spooks_above/swampdaymutants	sound_19	0.987
zs\mutant_ambient_swamp\20	mutant_ambient_swamp	AudioExpansion	ambient/trx/spooks_above/swampnightmutants	sound_03	1.075
zs\mutant_ambient_swamp\21	mutant_ambient_swamp	AudioExpansion	ambient/trx/spooks_above/swampnightmutants	sound_01	0.887
zs\mutant_ambient_swamp\22	mutant_ambient_swamp	AudioExpansion	ambient/trx/spooks_above/swampnightmutants	sound_04	1.062
zs\mutant_ambient_swamp\23	mutant_ambient_swamp	AudioExpansion	ambient/trx/spooks_above/swampnightmutants	sound_05	1.041
zs\mutant_ambient_swamp\24	mutant_ambient_swamp	AudioExpansion	ambient/trx/spooks_above/swampnightmutants	sound_06	1.104
zs\mutant_ambient_swamp\25	mutant_ambient_swamp	AudioExpansion	ambient/trx/spooks_above/swampnightmutants	sound_07	1.178
zs\mutant_ambient_swamp\26	mutant_ambient_swamp	AudioExpansion	ambient/trx/spooks_above/swampnightmutants	sound_08	1.022
zs\mutant_ambient_swamp\27	mutant_ambient_swamp	AudioExpansion	ambient/trx/spooks_above/swampnightmutants	sound_09	1.062
zs\mutant_ambient_swamp\28	mutant_ambient_swamp	AudioExpansion	ambient/trx/spooks_above/swampnightmutants	sound_10	1.057
zs\mutant_ambient_swamp\29	mutant_ambient_swamp	AudioExpansion	ambient/trx/spooks_above/swampnightmutants	sound_11	1.011
zs\mutant_ambient_swamp\30	mutant_ambient_swamp	AudioExpansion	ambient/trx/spooks_above/swampnightmutants	sound_12	1.004
zs\mutant_ambient_swamp\31	mutant_ambient_swamp	AudioExpansion	ambient/trx/spooks_above/swampnightmutants	sound_13	0.994
zs\mutant_ambient_swamp\32	mutant_ambient_swamp	AudioExpansion	ambient/trx/spooks_above/swampnightmutants	sound_14	1.062
zs\mutant_ambient_swamp\33	mutant_ambient_swamp	AudioExpansion	ambient/trx/spooks_above/swampnightmutants	sound_15	1.003
zs\mutant_ambient_urban\1	mutant_ambient_urban	AudioExpansion	ambient/trx/spooks_above/urbandaymutants	sound_01	1.004
zs\mutant_ambient_urban\2	mutant_ambient_urban	AudioExpansion	ambient/trx/spooks_above/urbandaymutants	sound_02	1.012
zs\mutant_ambient_urban\3	mutant_ambient_urban	AudioExpansion	ambient/trx/spooks_above/urbandaymutants	sound_03	0.983
zs\mutant_ambient_urban\4	mutant_ambient_urban	AudioExpansion	ambient/trx/spooks_above/urbandaymutants	sound_04	1.001
zs\mutant_ambient_urban\5	mutant_ambient_urban	AudioExpansion	ambient/trx/spooks_above/urbandaymutants	sound_05	0.97
zs\mutant_ambient_urban\6	mutant_ambient_urban	AudioExpansion	ambient/trx/spooks_above/urbandaymutants	sound_06	1.01
zs\mutant_ambient_urban\7	mutant_ambient_urban	AudioExpansion	ambient/trx/spooks_above/urbandaymutants	sound_07	0.996
zs\mutant_ambient_urban\8	mutant_ambient_urban	AudioExpansion	ambient/trx/spooks_above/urbandaymutants	sound_08	0.98
zs\mutant_ambient_urban\9	mutant_ambient_urban	AudioExpansion	ambient/trx/spooks_above/urbandaymutants	sound_09	1.0
zs\mutant_ambient_urban\10	mutant_ambient_urban	AudioExpansion	ambient/trx/spooks_above/urbandaymutants	sound_10	1.024
zs\mutant_ambient_urban\11	mutant_ambient_urban	AudioExpansion	ambient/trx/spooks_above/urbandaymutants	sound_11	1.022
zs\mutant_ambient_urban\12	mutant_ambient_urban	AudioExpansion	ambient/trx/spooks_above/urbandaymutants	sound_12	1.033
zs\mutant_ambient_urban\13	mutant_ambient_urban	AudioExpansion	ambient/trx/spooks_above/urbandaymutants	sound_13	1.0
zs\mutant_ambient_urban\14	mutant_ambient_urban	AudioExpansion	ambient/trx/spooks_above/urbandaymutants	sound_14	1.046
zs\mutant_ambient_urban\15	mutant_ambient_urban	AudioExpansion	ambient/trx/spooks_above/urbandaymutants	sound_15	1.05
zs\mutant_ambient_urban\16	mutant_ambient_urban	AudioExpansion	ambient/trx/spooks_above/urbandaymutants	sound_16	0.981
zs\mutant_ambient_urban\17	mutant_ambient_urban	AudioExpansion	ambient/trx/spooks_above/urbandaymutants	sound_17	1.04
zs\mutant_ambient_urban\18	mutant_ambient_urban	AudioExpansion	ambient/trx/spooks_above/urbandaymutants	sound_18	1.057
zs\mutant_ambient_urban\19	mutant_ambient_urban	AudioExpansion	ambient/trx/spooks_above/urbandaymutants	sound_19	0.884
zs\mutant_ambient_urban\20	mutant_ambient_urban	AudioExpansion	ambient/trx/spooks_above/urbandaymutants	sound_20	1.005
zs\mutant_ambient_urban\21	mutant_ambient_urban	AudioExpansion	ambient/trx/spooks_above/urbandaymutants	sound_21	1.044
zs\mutant_ambient_urban\22	mutant_ambient_urban	AudioExpansion	ambient/trx/spooks_above/urbandaymutants	sound_22	1.003
zs\mutant_ambient_urban\23	mutant_ambient_urban	AudioExpansion	ambient/trx/spooks_above/urbannightmutants	sound_01	1.02
zs\mutant_ambient_urban\24	mutant_ambient_urban	AudioExpansion	ambient/trx/spooks_above/urbannightmutants	sound_02	0.957
zs\mutant_ambient_urban\25	mutant_ambient_urban	AudioExpansion	ambient/trx/spooks_above/urbannightmutants	sound_03	0.935
zs\mutant_ambient_urban\26	mutant_ambient_urban	AudioExpansion	ambient/trx/spooks_above/urbannightmutants	sound_04	1.048
zs\mutant_ambient_urban\27	mutant_ambient_urban	AudioExpansion	ambient/trx/spooks_above/urbannightmutants	sound_05	1.061
zs\mutant_ambient_urban\28	mutant_ambient_urban	AudioExpansion	ambient/trx/spooks_above/urbannightmutants	sound_06	0.945
zs\mutant_ambient_urban\29	mutant_ambient_urban	AudioExpansion	ambient/trx/spooks_above/urbannightmutants	sound_07	1.085
zs\mutant_ambient_urban\30	mutant_ambient_urban	AudioExpansion	ambient/trx/spooks_above/urbannightmutants	sound_08	0.965
zs\mutant_ambient_urban\31	mutant_ambient_urban	AudioExpansion	ambient/trx/spooks_above/urbannightmutants	sound_09	0.996
zs\mutant_ambient_urban\32	mutant_ambient_urban	AudioExpansion	ambient/trx/spooks_above/urbannightmutants	sound_10	1.052
zs\mutant_ambient_urban\33	mutant_ambient_urban	AudioExpansion	ambient/trx/spooks_above/urbannightmutants	sound_11	0.894
zs\mutant_ambient_urban\34	mutant_ambient_urban	AudioExpansion	ambient/trx/spooks_above/urbannightmutants	sound_12	1.006
zs\mutant_ambient_urban\35	mutant_ambient_urban	AudioExpansion	ambient/trx/spooks_above/urbannightmutants	sound_13	0.943
zs\mutant_ambient_urban\36	mutant_ambient_urban	AudioExpansion	ambient/trx/spooks_above/urbannightmutants	sound_14	1.057
zs\mutant_ambient_urban\37	mutant_ambient_urban	AudioExpansion	ambient/trx/spooks_above/urbannightmutants	sound_15	0.992
zs\mutant_ambient_urban\38	mutant_ambient_urban	AudioExpansion	ambient/trx/spooks_above/urbannightmutants	sound_16	0.949
zs\mutant_ambient_urban\39	mutant_ambient_urban	AudioExpansion	ambient/trx/spooks_above/urbannightmutants	sound_17	0.964
zs\mutant_ambient_urban\40	mutant_ambient_urban	AudioExpansion	ambient/trx/spooks_above/urbannightmutants	sound_18	0.974
zs\mutant_ambient_urban\41	mutant_ambient_urban	AudioExpansion	ambient/trx/spooks_above/urbannightmutants	sound_19	1.182
zs\mutant_ambient_urban\42	mutant_ambient_urban	AudioExpansion	ambient/trx/spooks_above/urbannightmutants	sound_20	1.012
zs\mutant_ambient_urban\43	mutant_ambient_urban	AudioExpansion	ambient/trx/spooks_above/urbannightmutants	sound_21	1.036
zs\rats\1	rats	Amplified	ambient/soundscape/underground/spooks_below/rats	sound_01	0.835
zs\rats\2	rats	Amplified	ambient/soundscape/underground/spooks_below/rats	sound_02	0.875
zs\rats\3	rats	Amplified	ambient/soundscape/underground/spooks_below/rats	sound_03	0.958
zs\rats\4	rats	Amplified	ambient/soundscape/underground/spooks_below/rats	sound_04	0.965
zs\rats\5	rats	Amplified	ambient/soundscape/underground/spooks_below/rats	sound_05	4.781
zs\rats\6	rats	Amplified	ambient/soundscape/underground/spooks_below/rats	sound_06	3.099
zs\rats\7	rats	Amplified	ambient/soundscape/underground/spooks_below/rats	sound_07	2.872
zs\rats\8	rats	AudioExpansion	ambient/trx/spooks_below/rats	sound_01	5.646
zs\rats\9	rats	AudioExpansion	ambient/trx/spooks_below/rats	sound_02	14.729
zs\rats\10	rats	AudioExpansion	ambient/trx/spooks_below/rats	sound_03	5.227
zs\rats\11	rats	AudioExpansion	ambient/trx/spooks_below/rats	sound_04	5.189
zs\scream\1	scream	Amplified	ambient/trx/spooks_above/screams	sound_01	0.94
zs\scream\2	scream	Amplified	ambient/trx/spooks_above/screams	sound_02	1.881
zs\scream\3	scream	Amplified	ambient/trx/spooks_above/screams	sound_03	1.651
zs\scream\4	scream	myRETUNE	ambient/trx/nature/screams	s_08	4.672
zs\scream\5	scream	Amplified	ambient/trx/spooks_above/screams	sound_04	3.036
zs\scream\6	scream	Amplified	ambient/trx/spooks_above/screams	sound_05	2.56
zs\scream\7	scream	Amplified	ambient/trx/spooks_above/screams	sound_16	5.047
zs\scream\8	scream	Amplified	ambient/trx/spooks_above/screams	sound_06	3.099
zs\scream\9	scream	Amplified	ambient/trx/spooks_above/screams	sound_07	4.393
zs\scream\10	scream	Amplified	ambient/trx/spooks_above/screams	sound_08	1.83
zs\scream\11	scream	Amplified	ambient/trx/spooks_above/screams	sound_09	7.365
zs\scream\12	scream	Amplified	ambient/trx/spooks_above/screams	sound_10	1.658
zs\scream\13	scream	Amplified	ambient/trx/spooks_above/screams	sound_11	6.908
zs\scream\14	scream	Amplified	ambient/trx/spooks_above/screams	sound_12	7.265
zs\scream\15	scream	myRETUNE	ambient/trx/nature/screams	s_09	1.91
zs\scream\16	scream	Amplified	ambient/trx/spooks_above/screams	sound_14	5.044
zs\scream\17	scream	Amplified	ambient/trx/spooks_above/screams	sound_15	2.038
zs\scream\18	scream	Amplified	ambient/trx/spooks_above/screams	sound_17	1.027
zs\scream\19	scream	Amplified	ambient/trx/spooks_above/screams	sound_18	0.96
zs\scream\20	scream	Amplified	ambient/trx/spooks_above/screams	sound_19	3.483
zs\scream\21	scream	Amplified	ambient/trx/spooks_above/screams	sound_20	1.866
zs\scream\22	scream	Amplified	ambient/trx/spooks_above/screams	sound_21	6.904
zs\scream\23	scream	Amplified	ambient/trx/spooks_above/screams	sound_22	7.719
zs\scream\24	scream	Amplified	ambient/trx/spooks_above/screams	sound_23	5.7
zs\scream\25	scream	Amplified	ambient/trx/spooks_above/screams	sound_24	2.091
zs\scream\26	scream	Amplified	ambient/trx/spooks_above/screams	sound_25	5.049
zs\scream\27	scream	Amplified	ambient/soundscape/underground/spooks_above/screams	sound_02	1.881
zs\scream\28	scream	myRETUNE	ambient/trx/nature/screams	s_01	2.757
zs\scream\29	scream	myRETUNE	ambient/trx/nature/screams	s_02	2.359
zs\scream\30	scream	myRETUNE	ambient/trx/nature/screams	s_03	3.278
zs\scream\31	scream	myRETUNE	ambient/trx/nature/screams	s_04	4.235
zs\scream\32	scream	myRETUNE	ambient/trx/nature/screams	s_05	2.141
zs\scream\33	scream	myRETUNE	ambient/trx/nature/screams	s_06	2.491
zs\scream\34	scream	myRETUNE	ambient/trx/nature/screams	s_07	2.678
zs\scream\35	scream	myRETUNE	ambient/trx/nature/screams	s_10	4.341
zs\scream\36	scream	vanilla	ambient/trx/spooks_above/screams	sound_02	1.881
zs\spook\1	spook	Amplified	ambient/trx/spooks_above/amb_dark	sound_01	21.036
zs\spook\2	spook	Amplified	ambient/trx/spooks_above/amb_dark	sound_02	16.255
zs\spook\3	spook	Amplified	ambient/trx/spooks_above/amb_dark	sound_03	17.379
zs\spook\4	spook	Amplified	ambient/trx/spooks_above/amb_dark	sound_04	6.575
zs\spook\5	spook	Amplified	ambient/trx/spooks_above/amb_dark	sound_05	6.621
zs\spook\6	spook	Amplified	ambient/trx/spooks_above/amb_dark	sound_06	11.012
zs\spook\7	spook	Amplified	ambient/trx/spooks_above/amb_dark	sound_07	13.112
zs\spook\8	spook	Amplified	ambient/trx/spooks_above/amb_dark	sound_12	23.533
zs\spook\9	spook	Amplified	ambient/trx/spooks_above/amb_dark	sound_16	19.767
zs\spook\10	spook	Amplified	ambient/soundscape/Spoops/night_spoops	sound4	9.234
zs\spook\11	spook	Amplified	ambient/soundscape/Spoops/night_spoops	sound7	18.591
zs\spook\12	spook	Amplified	ambient/trx/spooks_above/amb_dark	sound_08	9.803
zs\spook\13	spook	Amplified	ambient/trx/spooks_above/amb_dark	sound_09	7.077
zs\spook\14	spook	Amplified	ambient/soundscape/Spoops/night_spoops	sound9	9.925
zs\spook\15	spook	Amplified	ambient/soundscape/Spoops/night_spoops	sound10	12.732
zs\spook\16	spook	RETUNE457	ambient/trx/spooks_above/spooks	sound_21	8.161
zs\spook\17	spook	Amplified	ambient/trx/spooks_above/amb_dark	sound_11	14.414
zs\spook\18	spook	Amplified	ambient/soundscape/Spoops/night_spoops	sound11	20.499
zs\spook\19	spook	Amplified	ambient/trx/spooks_above/amb_dark	sound_13	5.148
zs\spook\20	spook	Amplified	ambient/soundscape/Spoops/night_spoops	sound13	14.419
zs\spook\21	spook	Amplified	ambient/trx/spooks_above/amb_dark	sound_15	12.674
zs\spook\22	spook	Amplified	ambient/soundscape/Spoops/night_spoops	sound15	17.819
zs\spook\23	spook	Amplified	ambient/soundscape/Spoops/Northern_spoops	sound51	15.804
zs\spook\24	spook	Amplified	ambient/soundscape/Spoops/night_spoops	sound17	17.364
zs\spook\25	spook	Amplified	ambient/soundscape/Spoops/day_spoops	sound27	8.727
zs\spook\26	spook	Amplified	ambient/trx/spooks_above/amb_dark	sound_20	14.377
zs\spook\27	spook	Amplified	ambient/soundscape/Spoops/Northern_spoops	sound16	15.93
zs\spook\28	spook	Amplified	ambient/trx/spooks_above/amb_dark	sound_22	18.677
zs\spook\29	spook	Amplified	ambient/soundscape/Spoops/night_spoops	sound22	25.989
zs\spook\30	spook	Amplified	ambient/trx/spooks_above/amb_dark	sound_23	13.341
zs\spook\31	spook	Amplified	ambient/soundscape/Spoops/night_spoops	sound23	18.795
zs\spook\32	spook	Amplified	ambient/trx/spooks_above/amb_dark	sound_24	21.883
zs\spook\33	spook	Amplified	ambient/trx/spooks_above/amb_dark	sound_25	22.566
zs\spook\34	spook	Amplified	ambient/trx/spooks_above/amb_dark	sound_26	21.899
zs\spook\35	spook	Amplified	ambient/trx/spooks_above/amb_dark	sound_28	16.005
zs\spook\36	spook	Amplified	ambient/trx/spooks_above/amb_dark	sound_30	26.668
zs\spook\37	spook	Amplified	ambient/trx/spooks_above/amb_dark	sound_31	19.051
zs\spook\38	spook	Amplified	ambient/trx/spooks_above/amb_dark	sound_32	13.645
zs\spook\39	spook	Amplified	ambient/trx/spooks_above/amb_dark	sound_34	5.103
zs\spook\40	spook	Amplified	ambient/trx/spooks_above/amb_dark	sound_35	5.432
zs\spook\41	spook	Amplified	ambient/trx/spooks_above/amb_dark	sound_36	12.257
zs\spook\42	spook	Amplified	ambient/trx/spooks_above/amb_dark	sound_37	11.689
zs\spook\43	spook	Amplified	ambient/trx/spooks_above/amb_dark	sound_38	19.53
zs\spook\44	spook	Soundscape	ambient/trx/spooks_above/spooks	sound_27	10.347
zs\spook\45	spook	Amplified	ambient/trx/spooks_above/amb_dark	sound_39	14.23
zs\spook\46	spook	Amplified	ambient/trx/spooks_above/amb_dark	sound_40	7.212
zs\spook\47	spook	Amplified	ambient/trx/spooks_above/amb_dark	sound_41	7.932
zs\spook\48	spook	Amplified	ambient/soundscape/Spoops/night_spoops	sound41	11.202
zs\spook\49	spook	Amplified	ambient/trx/spooks_above/amb_dark	sound_42	8.534
zs\spook\50	spook	Amplified	ambient/soundscape/Spoops/night_spoops	sound42	12.068
zs\spook\51	spook	Amplified	ambient/trx/spooks_above/amb_dark	sound_43	5.467
zs\spook\52	spook	Amplified	ambient/trx/spooks_above/amb_dark	sound_44	9.487
zs\spook\53	spook	Amplified	ambient/trx/spooks_above/amb_dark	sound_46	10.093
zs\spook\54	spook	Amplified	ambient/trx/spooks_above/amb_dark	sound_47	12.394
zs\spook\55	spook	Amplified	ambient/trx/spooks_above/amb_night	sound_01	6.1
zs\spook\56	spook	Amplified	ambient/trx/spooks_above/amb_night	sound_03	4.402
zs\spook\57	spook	Amplified	ambient/trx/spooks_above/amb_night	sound_04	4.275
zs\spook\58	spook	Soundscape	ambient/trx/spooks_above/spooks	sound_15	4.244
zs\spook\59	spook	Amplified	ambient/trx/spooks_above/amb_night	sound_05	3.93
zs\spook\60	spook	Amplified	ambient/trx/spooks_above/amb_night	sound_06	3.187
zs\spook\61	spook	Soundscape	ambient/trx/spooks_above/spooks	sound_22	5.366
zs\spook\62	spook	Amplified	ambient/soundscape/underground/spooks_below/spooks	sound_14	5.662
zs\spook\63	spook	Amplified	ambient/trx/spooks_above/amb_night	sound_08	6.112
zs\spook\64	spook	Amplified	ambient/trx/spooks_above/amb_night	sound_09	3.742
zs\spook\65	spook	Soundscape	ambient/trx/spooks_above/spooks	sound_17	3.857
zs\spook\66	spook	Soundscape	ambient/trx/spooks_above/spooks	sound_24	4.39
zs\spook\67	spook	Amplified	ambient/soundscape/Spoops/day_spoops	sound39	5.345
zs\spook\68	spook	Amplified	ambient/soundscape/Spoops/day_spoops	sound1	16.609
zs\spook\69	spook	Amplified	ambient/soundscape/Spoops/day_spoops	sound12	16.589
zs\spook\70	spook	Amplified	ambient/soundscape/Spoops/day_spoops	sound20	14.289
zs\spook\71	spook	Amplified	ambient/soundscape/Spoops/day_spoops	sound21	14.58
zs\spook\72	spook	Amplified	ambient/soundscape/Spoops/day_spoops	sound22	15.34
zs\spook\73	spook	Amplified	ambient/soundscape/Spoops/day_spoops	sound23	10.843
zs\spook\74	spook	Amplified	ambient/soundscape/Spoops/day_spoops	sound24	13.893
zs\spook\75	spook	Amplified	ambient/soundscape/Spoops/day_spoops	sound26	14.387
zs\spook\76	spook	Amplified	ambient/soundscape/Spoops/day_spoops	sound4	23.183
zs\spook\77	spook	Amplified	ambient/soundscape/Spoops/day_spoops	sound5	19.318
zs\spook\78	spook	Amplified	ambient/soundscape/Spoops/Northern_spoops	sound20	20.055
zs\spook\79	spook	Amplified	ambient/soundscape/Spoops/Northern_spoops	sound21	20.851
zs\spook\80	spook	Amplified	ambient/soundscape/Spoops/Northern_spoops	sound23	15.291
zs\spook\81	spook	Amplified	ambient/soundscape/Spoops/Northern_spoops	sound24	12.352
zs\spook\82	spook	Amplified	ambient/soundscape/underground/spooks_below/spooks	sound_08	4.584
zs\spook\83	spook	Soundscape	ambient/trx/spooks_above/spooks	sound_06	7.281
zs\spook\84	spook	Soundscape	ambient/trx/spooks_above/spooks	sound_08	8.278
zs\spook\85	spook	Amplified	ambient/soundscape/underground/spooks_below/spooks	sound_09	4.743
zs\spook\86	spook	Soundscape	ambient/trx/spooks_above/spooks	sound_10	1.363
zs\spook\87	spook	Soundscape	ambient/trx/spooks_above/spooks	sound_12	3.166
zs\spook\88	spook	Soundscape	ambient/trx/spooks_above/spooks	sound_13	3.172
zs\spook\89	spook	Soundscape	ambient/trx/spooks_above/spooks	sound_18	1.167
zs\spook\90	spook	Soundscape	ambient/trx/spooks_above/spooks	sound_19	1.128
zs\spook\91	spook	Soundscape	ambient/trx/spooks_above/spooks	sound_23	2.065
zs\spook\92	spook	Soundscape	ambient/trx/spooks_above/spooks	sound_28	2.378
zs\spook\93	spook	Soundscape	ambient/trx/spooks_above/spooks	sound_29	1.403
zs\spook\94	spook	Soundscape	ambient/trx/spooks_above/spooks	sound_31	1.85
zs\spook\95	spook	Soundscape	ambient/trx/spooks_above/spooks	sound_32	1.415
zs\spook\96	spook	Soundscape	ambient/trx/spooks_above/spooks	sound_33	0.891
zs\spook\97	spook	Soundscape	ambient/trx/spooks_above/spooks	sound_34	1.149
zs\spook\98	spook	Soundscape	ambient/trx/spooks_above/spooks	sound_35	0.933
zs\spook\99	spook	myRETUNE	ambient/trx/spooks_above/amb_dark	sound_03	2.292
zs\spook\100	spook	Amplified	ambient/soundscape/underground/spooks_above	under_19	18.734
zs\spook\101	spook	Amplified	ambient/soundscape/underground/spooks_above	under_33	22.111
zs\spook\102	spook	Amplified	ambient/soundscape/underground/spooks_below/spooks	sound_01	1.01
zs\spook\103	spook	Amplified	ambient/soundscape/underground/spooks_below/spooks	sound_02	0.916
zs\spook\104	spook	Amplified	ambient/soundscape/underground/spooks_below/spooks	sound_03	0.932
zs\spook\105	spook	Amplified	ambient/soundscape/underground/spooks_below/spooks	sound_04	0.926
zs\spook\106	spook	Amplified	ambient/soundscape/underground/spooks_below/spooks	sound_05	0.955
zs\spook\107	spook	Amplified	ambient/soundscape/underground/spooks_below/spooks	sound_06	1.01
zs\spook\108	spook	Amplified	ambient/soundscape/underground/spooks_below/spooks	sound_07	8.487
zs\spook\109	spook	Amplified	ambient/soundscape/underground/spooks_below/spooks	sound_10	6.908
zs\spook\110	spook	Amplified	ambient/soundscape/underground/spooks_below/spooks	sound_11	1.472
zs\spook\111	spook	Amplified	ambient/soundscape/underground/spooks_below/spooks	sound_12	2.079
zs\spook\112	spook	Amplified	ambient/soundscape/underground/spooks_below/spooks	sound_13	1.862
zs\spook\113	spook	Amplified	ambient/soundscape/underground/spooks_below/spooks	sound_15	7.265
zs\spook\114	spook	Amplified	ambient/soundscape/underground/spooks_below/spooks	sound_16	0.976
zs\spook\115	spook	Soundscape	ambient/trx/spooks_above/spooks	sound_14	3.641
zs\spook\116	spook	Amplified	ambient/soundscape/underground/spooks_below/spooks	sound_19	2.038
zs\spook\117	spook	Amplified	ambient/soundscape/underground/spooks_below/spooks	sound_20	1.466
zs\spook\118	spook	Amplified	ambient/soundscape/underground/spooks_below/spooks	sound_21	1.35
zs\spook\119	spook	Amplified	ambient/soundscape/underground/spooks_below/spooks	sound_22	0.891
zs\spook\120	spook	Amplified	ambient/soundscape/underground/spooks_below/spooks	~sound_21	0.826
zs\spook\121	spook	Amplified	ambient/soundscape/Spoops/day_spoops	sound38	4.689
zs\spook\122	spook	Amplified	ambient/soundscape/underground/spooks_above/amb_dark	sound_04	2.483
zs\spook\123	spook	Amplified	ambient/soundscape/underground/spooks_above/amb_dark	sound_05	2.485
zs\spook\124	spook	Amplified	ambient/soundscape/underground/spooks_above/amb_dark	sound_06	3.17
zs\spook\125	spook	Amplified	ambient/soundscape/underground/spooks_above/amb_dark	sound_07	3.181
zs\spook\126	spook	Amplified	ambient/soundscape/underground/spooks_above/amb_dark	sound_09	2.81
zs\spook\127	spook	Amplified	ambient/soundscape/underground/spooks_above/amb_dark	sound_11	3.979
zs\spook\128	spook	Amplified	ambient/soundscape/underground/spooks_above/amb_dark	sound_12	5.019
zs\spook\129	spook	Amplified	ambient/soundscape/underground/spooks_above/amb_dark	sound_13	4.867
zs\spook\130	spook	Amplified	ambient/soundscape/underground/spooks_above/amb_dark	sound_14	4.252
zs\spook\131	spook	Amplified	ambient/soundscape/underground/spooks_above/amb_night	sound_01	6.1
zs\spook\132	spook	Amplified	ambient/soundscape/underground/spooks_above/amb_night	sound_05	3.93
zs\spook\133	spook	Amplified	ambient/soundscape/underground/spooks_above/amb_night	sound_08	6.112
zs\spook\134	spook	Amplified	ambient/soundscape/Spoops/day_spoops	sound10	23.968
zs\spook\135	spook	Amplified	ambient/soundscape/Spoops/day_spoops	sound11	25.08
zs\spook\136	spook	Amplified	ambient/soundscape/Spoops/day_spoops	sound13	13.754
zs\spook\137	spook	Amplified	ambient/soundscape/Spoops/day_spoops	sound14	7.654
zs\spook\138	spook	Amplified	ambient/soundscape/Spoops/day_spoops	sound15	25.76
zs\spook\139	spook	Amplified	ambient/soundscape/Spoops/day_spoops	sound17	12.477
zs\spook\140	spook	Amplified	ambient/soundscape/Spoops/day_spoops	sound18	9.854
zs\spook\141	spook	Amplified	ambient/soundscape/Spoops/day_spoops	sound2	17.008
zs\spook\142	spook	Amplified	ambient/soundscape/Spoops/day_spoops	sound25	11.398
zs\spook\143	spook	Amplified	ambient/soundscape/Spoops/day_spoops	sound28	8.73
zs\spook\144	spook	Amplified	ambient/soundscape/Spoops/day_spoops	sound3	10.824
zs\spook\145	spook	Amplified	ambient/soundscape/Spoops/day_spoops	sound31	5.326
zs\spook\146	spook	Amplified	ambient/soundscape/Spoops/day_spoops	sound34	3.167
zs\spook\147	spook	Amplified	ambient/soundscape/Spoops/day_spoops	sound41	19.936
zs\spook\148	spook	Amplified	ambient/soundscape/Spoops/day_spoops	sound42	12.663
zs\spook\149	spook	Amplified	ambient/soundscape/Spoops/day_spoops	sound45	19.134
zs\spook\150	spook	Amplified	ambient/soundscape/Spoops/day_spoops	sound46	27.863
zs\spook\151	spook	Amplified	ambient/soundscape/Spoops/day_spoops	sound49	4.014
zs\spook\152	spook	Amplified	ambient/soundscape/Spoops/day_spoops	sound50	11.462
zs\spook\153	spook	Amplified	ambient/soundscape/Spoops/day_spoops	sound52	19.208
zs\spook\154	spook	Amplified	ambient/soundscape/Spoops/day_spoops	sound53	25.231
zs\spook\155	spook	Amplified	ambient/soundscape/Spoops/day_spoops	sound54	22.862
zs\spook\156	spook	Amplified	ambient/soundscape/Spoops/day_spoops	sound55	5.985
zs\spook\157	spook	Amplified	ambient/soundscape/Spoops/day_spoops	sound56	6.071
zs\spook\158	spook	Amplified	ambient/soundscape/Spoops/day_spoops	sound57	19.028
zs\spook\159	spook	Amplified	ambient/soundscape/Spoops/day_spoops	sound59	26.777
zs\spook\160	spook	Amplified	ambient/soundscape/Spoops/day_spoops	sound58	25.837
zs\spook\161	spook	Amplified	ambient/soundscape/Spoops/day_spoops	sound6	13.4
zs\spook\162	spook	Amplified	ambient/soundscape/Spoops/day_spoops	sound60	3.923
zs\spook\163	spook	Amplified	ambient/soundscape/Spoops/day_spoops	sound7	12.216
zs\spook\164	spook	Amplified	ambient/soundscape/Spoops/day_spoops	sound8	24.648
zs\spook\165	spook	Amplified	ambient/soundscape/Spoops/night_spoops	sound34	5.103
zs\spook\166	spook	Amplified	ambient/soundscape/Spoops/night_spoops	sound35	5.432
zs\spook\167	spook	Amplified	ambient/soundscape/Spoops/night_spoops	sound40	10.147
zs\spook\168	spook	Amplified	ambient/soundscape/Spoops/night_spoops	sound43	10.872
zs\spook\169	spook	Amplified	ambient/soundscape/Spoops/night_spoops	sound48	19.433
zs\spook\170	spook	Amplified	ambient/soundscape/Spoops/night_spoops	sound49	25.46
zs\spook\171	spook	Amplified	ambient/soundscape/Spoops/night_spoops	sound50	16.234
zs\spook\172	spook	Amplified	ambient/soundscape/Spoops/night_spoops	sound51	4.309
zs\spook\173	spook	Amplified	ambient/soundscape/Spoops/night_spoops	sound52	5.301
zs\spook\174	spook	Amplified	ambient/soundscape/Spoops/night_spoops	sound53	5.052
zs\spook\175	spook	Amplified	ambient/soundscape/Spoops/night_spoops	sound54	24.575
zs\spook\176	spook	Amplified	ambient/soundscape/Spoops/night_spoops	sound55	22.154
zs\spook\177	spook	Amplified	ambient/soundscape/Spoops/night_spoops	sound56	24.777
zs\spook\178	spook	Amplified	ambient/soundscape/Spoops/Northern_spoops	sound1	20.378
zs\spook\179	spook	Amplified	ambient/soundscape/Spoops/Northern_spoops	sound11	6.725
zs\spook\180	spook	Amplified	ambient/soundscape/Spoops/Northern_spoops	sound12	6.667
zs\spook\181	spook	Amplified	ambient/soundscape/Spoops/Northern_spoops	sound13	18.004
zs\spook\182	spook	Amplified	ambient/soundscape/Spoops/Northern_spoops	sound14	7.225
zs\spook\183	spook	Amplified	ambient/soundscape/Spoops/Northern_spoops	sound15	11.088
zs\spook\184	spook	Amplified	ambient/soundscape/Spoops/Northern_spoops	sound17	5.323
zs\spook\185	spook	Amplified	ambient/soundscape/Spoops/Northern_spoops	sound2	7.964
zs\spook\186	spook	Amplified	ambient/soundscape/Spoops/Northern_spoops	sound25	20.673
zs\spook\187	spook	Amplified	ambient/soundscape/Spoops/Northern_spoops	sound27	9.209
zs\spook\188	spook	Amplified	ambient/soundscape/Spoops/Northern_spoops	sound28	6.788
zs\spook\189	spook	Amplified	ambient/soundscape/Spoops/Northern_spoops	sound3	7.531
zs\spook\190	spook	Amplified	ambient/soundscape/Spoops/Northern_spoops	sound32	22.252
zs\spook\191	spook	Amplified	ambient/soundscape/Spoops/Northern_spoops	sound8	8.193
zs\spook\192	spook	Amplified	ambient/soundscape/Spoops/Northern_spoops	sound35	20.027
zs\spook\193	spook	Amplified	ambient/soundscape/Spoops/Northern_spoops	sound36	26.328
zs\spook\194	spook	Amplified	ambient/soundscape/Spoops/Northern_spoops	sound37	23.051
zs\spook\195	spook	Amplified	ambient/soundscape/Spoops/Northern_spoops	sound4	9.705
zs\spook\196	spook	Amplified	ambient/soundscape/Spoops/Northern_spoops	sound40	19.12
zs\spook\197	spook	Amplified	ambient/soundscape/Spoops/Northern_spoops	sound41	27.981
zs\spook\198	spook	Amplified	ambient/soundscape/Spoops/Northern_spoops	sound45	19.209
zs\spook\199	spook	Amplified	ambient/soundscape/Spoops/Northern_spoops	sound46	25.22
zs\spook\200	spook	Amplified	ambient/soundscape/Spoops/Northern_spoops	sound52	18.046
zs\spook\201	spook	Amplified	ambient/soundscape/Spoops/Northern_spoops	sound53	21.83
zs\spook\202	spook	Amplified	ambient/soundscape/Spoops/Northern_spoops	sound54	15.696
zs\spook\203	spook	Amplified	ambient/soundscape/Spoops/Northern_spoops	sound6	9.616
zs\spook\204	spook	Amplified	ambient/soundscape/Spoops/Northern_spoops	sound9	17.189
zs\spook\205	spook	Soundscape	ambient/trx/spooks_above/amb_dark	sound_04	2.483
zs\spook\206	spook	myRETUNE	ambient/trx/spooks_above/amb_dark	sound_15	4.341
zs\spook\207	spook	Soundscape	ambient/trx/spooks_above/spooks	sound_07	2.765
zs\spook\208	spook	Soundscape	ambient/trx/spooks_above/spooks	sound_11	3.638
zs\spook\209	spook	Soundscape	ambient/trx/spooks_above/spooks	sound_16	5.272
zs\spook\210	spook	vanilla	ambient/ugrnd	ugrnd_whispers_4	5.336
zs\spook\211	spook	Soundscape	ambient/trx/spooks_above/spooks	sound_20	3.882
zs\spook\212	spook	Soundscape	ambient/trx/spooks_above/spooks	sound_26	5.722
zs\spook\213	spook	Soundscape	ambient/trx/spooks_above/spooks	sound_30	5.043
zs\spook\214	spook	myRETUNE	ambient/trx/spooks_above/amb_dark	sound_04	2.359
zs\spook\215	spook	RETUNE457	ambient/trx/spooks_above/spooks	sound_01	3.861
zs\spook\216	spook	RETUNE457	ambient/trx/spooks_above/spooks	sound_02	4.28
zs\spook\217	spook	RETUNE457	ambient/trx/spooks_above/spooks	sound_03	4.037
zs\spook\218	spook	RETUNE457	ambient/trx/spooks_above/spooks	sound_05	3.297
zs\spook\219	spook	RETUNE457	ambient/trx/spooks_above/spooks	sound_06	3.509
zs\spook\220	spook	RETUNE457	ambient/trx/spooks_above/spooks	sound_07	5.192
zs\spook\221	spook	RETUNE457	ambient/trx/spooks_above/spooks	sound_09	7.177
zs\spook\222	spook	RETUNE457	ambient/trx/spooks_above/spooks	sound_10	7.751
zs\spook\223	spook	RETUNE457	ambient/trx/spooks_above/spooks	sound_11	15.39
zs\spook\224	spook	RETUNE457	ambient/trx/spooks_above/spooks	sound_12	16.938
zs\spook\225	spook	RETUNE457	ambient/trx/spooks_above/spooks	sound_13	3.357
zs\spook\226	spook	RETUNE457	ambient/trx/spooks_above/spooks	sound_15	4.474
zs\spook\227	spook	RETUNE457	ambient/trx/spooks_above/spooks	sound_18	4.552
zs\spook\228	spook	RETUNE457	ambient/trx/spooks_above/spooks	sound_16	3.153
zs\spook\229	spook	RETUNE457	ambient/trx/spooks_above/spooks	sound_17	3.786
zs\spook\230	spook	RETUNE457	ambient/trx/spooks_above/spooks	sound_19	7.181
zs\spook\231	spook	RETUNE457	ambient/trx/spooks_above/spooks	sound_20	7.715
zs\spook\232	spook	RETUNE457	ambient/trx/spooks_above/spooks	sound_25	7.066
zs\spook\233	spook	RETUNE457	ambient/trx/spooks_above/spooks	sound_26	7.504
zs\spook\234	spook	RETUNE457	ambient/trx/spooks_above/spooks	sound_27	7.552
zs\spook\235	spook	RETUNE457	ambient/trx/spooks_above/spooks	sound_28	7.741
zs\spook\236	spook	RETUNE457	ambient/trx/spooks_above/spooks	sound_29	8.82
zs\spook\237	spook	RETUNE457	ambient/trx/spooks_above/spooks	sound_30	8.546
zs\spook\238	spook	RETUNE457	ambient/trx/spooks_above/spooks	sound_31	7.504
zs\spook\239	spook	RETUNE457	ambient/trx/spooks_above/spooks	sound_32	6.83
zs\spook\240	spook	RETUNE457	ambient/trx/spooks_above/spooks	sound_33	7.194
zs\spook\241	spook	RETUNE457	ambient/soundscape/underground/spooks_below/spooks	sound_01	1.0
zs\spook\242	spook	RETUNE457	ambient/soundscape/underground/spooks_below/spooks	sound_02	0.868
zs\spook\243	spook	RETUNE457	ambient/soundscape/underground/spooks_below/spooks	sound_03	1.658
zs\spook\244	spook	RETUNE457	ambient/soundscape/underground/spooks_below/spooks	sound_04	1.328
zs\spook\245	spook	RETUNE457	ambient/soundscape/underground/spooks_below/spooks	sound_05	9.662
zs\spook\246	spook	RETUNE457	ambient/soundscape/underground/spooks_below/spooks	sound_06	13.934
zs\spook\247	spook	RETUNE457	ambient/soundscape/underground/spooks_below/spooks	sound_07	3.001
zs\spook\248	spook	RETUNE457	ambient/soundscape/underground/spooks_below/spooks	sound_08	1.052
zs\spook\249	spook	RETUNE457	ambient/soundscape/underground/spooks_below/spooks	sound_10	1.545
zs\spook\250	spook	RETUNE457	ambient/soundscape/underground/spooks_below/spooks	sound_17	3.148
zs\spook\251	spook	RETUNE457	ambient/soundscape/underground/spooks_below/spooks	sound_18	3.03
zs\spook\252	spook	RETUNE457	ambient/soundscape/underground/spooks_below/spooks	sound_19	3.093
zs\spook\253	spook	RETUNE457	ambient/soundscape/underground/spooks_below/spooks	sound_20	2.654
zs\spook\254	spook	RETUNE457	ambient/soundscape/underground/spooks_below/spooks	sound_21	3.667
zs\spook\255	spook	RETUNE457	ambient/soundscape/underground/spooks_below/spooks	sound_22	3.437
zs\spook\256	spook	RETUNE457	ambient/soundscape/underground/spooks_below/spooks	sound_23	3.3
zs\spook\257	spook	RETUNE457	ambient/soundscape/underground/spooks_below/spooks	sound_24	3.188
zs\spook\258	spook	RETUNE457	ambient/soundscape/underground/spooks_below/spooks	sound_25	2.654
zs\spook\259	spook	RETUNE457	ambient/soundscape/underground/spooks_below/spooks	sound_26	3.667
zs\spook\260	spook	RETUNE457	ambient/soundscape/underground/spooks_below/spooks	sound_28	3.3
zs\spook\261	spook	RETUNE457	ambient/soundscape/underground/spooks_below/spooks	sound_29	3.437
zs\spook\262	spook	RETUNE457	ambient/soundscape/underground/spooks_below/spooks	sound_30	3.437
zs\spook\263	spook	RETUNE457	ambient/soundscape/underground/spooks_below/spooks	sound_31	3.797
zs\spook\264	spook	RETUNE457	ambient/soundscape/underground/spooks_below/spooks	sound_32	4.367
zs\spook\265	spook	RETUNE457	ambient/soundscape/underground/spooks_below/spooks	sound_33	4.918
zs\spook\266	spook	RETUNE457	ambient/soundscape/underground/spooks_below/spooks	sound_34	4.317
zs\spook\267	spook	RETUNE457	ambient/soundscape/underground/spooks_below/spooks	sound_35	2.908
zs\spook\268	spook	RETUNE457	ambient/soundscape/underground/spooks_below/spooks	sound_36	4.537
zs\spook\269	spook	RETUNE457	ambient/soundscape/underground/spooks_below/spooks	sound_37	3.797
zs\spook\270	spook	RETUNE457	ambient/soundscape/underground/spooks_below/spooks	sound_38	4.367
zs\spook\271	spook	RETUNE457	ambient/soundscape/underground/spooks_below/spooks	sound_39	4.918
zs\spook\272	spook	RETUNE457	ambient/soundscape/underground/spooks_below/spooks	sound_40	2.908
zs\spook\273	spook	myRETUNE	ambient/trx/spooks_above/amb_dark	sound_02	3.052
zs\spook\274	spook	myRETUNE	ambient/trx/spooks_above/amb_dark	sound_05	3.278
zs\spook\275	spook	myRETUNE	ambient/trx/spooks_above/amb_dark	sound_06	2.491
zs\spook\276	spook	myRETUNE	ambient/trx/spooks_above/amb_dark	sound_07	1.385
zs\spook\277	spook	myRETUNE	ambient/trx/spooks_above/amb_dark	sound_08	2.188
zs\spook\278	spook	myRETUNE	ambient/trx/spooks_above/amb_dark	sound_09	2.624
zs\spook\279	spook	myRETUNE	ambient/trx/spooks_above/amb_dark	sound_12	3.635
zs\spook\280	spook	myRETUNE	ambient/trx/spooks_above/amb_dark	sound_14	9.065
zs\spook\281	spook	AudioExpansion	ambient/ugrnd	ugrnd_whispers_1	14.222
zs\spook\282	spook	AudioExpansion	ambient/trx/spooks_below/spooks	sound_01	6.75
zs\spook\283	spook	AudioExpansion	ambient/trx/spooks_below/spooks	sound_02	23.741
zs\spook\284	spook	AudioExpansion	ambient/trx/spooks_below/spooks	sound_03	12.152
zs\spook\285	spook	AudioExpansion	ambient/trx/spooks_below/spooks	sound_04	9.356
zs\spook\286	spook	AudioExpansion	ambient/trx/spooks_below/spooks	sound_05	5.784
zs\spook\287	spook	AudioExpansion	ambient/trx/spooks_below/spooks	sound_06	12.697
zs\spook\288	spook	AudioExpansion	ambient/trx/spooks_below/spooks	sound_07	6.969
zs\spook\289	spook	AudioExpansion	ambient/trx/spooks_below/spooks	sound_08	8.323
zs\spook\290	spook	AudioExpansion	ambient/trx/spooks_below/spooks	sound_09	16.229
zs\spook\291	spook	AudioExpansion	ambient/trx/spooks_above/spooks	sound_01	9.07
zs\spook\292	spook	AudioExpansion	ambient/trx/spooks_above/spooks	sound_10	9.568
zs\spook\293	spook	AudioExpansion	ambient/trx/spooks_above/spooks	sound_17	9.124
zs\spook\294	spook	AudioExpansion	ambient/trx/spooks_above/spooks	sound_19	8.886
zs\spook\295	spook	AudioExpansion	ambient/trx/spooks_above/spooks	sound_25	9.452
zs\spook\296	spook	AudioExpansion	ambient/trx/spooks_above/spooks	sound_26	14.591
zs\spook\297	spook	AudioExpansion	ambient/trx/spooks_above/spooks	sound_27	10.352
zs\spook\298	spook	AudioExpansion	ambient/trx/spooks_above/spooks	sound_28	11.107
zs\spook\299	spook	AudioExpansion	ambient/trx/spooks_above/spooks	sound_29	9.373
zs\spook\300	spook	AudioExpansion	ambient/trx/spooks_above/spooks	sound_30	9.073
zs\spook\301	spook	AudioExpansion	ambient/trx/spooks_above/spooks	sound_31	6.48
zs\spook\302	spook	AudioExpansion	ambient/trx/nature/whispers	sound_01	6.03
zs\spook\303	spook	AudioExpansion	ambient/trx/nature/whispers	sound_02	3.423
zs\spook\304	spook	AudioExpansion	ambient/trx/nature/whispers	sound_03	5.156
zs\spook\305	spook	AudioExpansion	ambient/trx/nature/whispers	sound_04	6.805
zs\spook\306	spook	AudioExpansion	ambient/trx/nature/whispers	sound_05	6.575
zs\spook\307	spook	AudioExpansion	ambient/trx/nature/whispers	sound_06	5.515
zs\spook\308	spook	AudioExpansion	ambient/trx/nature/whispers	sound_07	4.416
zs\spook\309	spook	AudioExpansion	ambient/trx/nature/whispers	sound_08	5.329
zs\spook\310	spook	AudioExpansion	ambient/trx/nature/whispers	sound_09	14.431
zs\spook\311	spook	vanilla	ambient/trx/background	whisper_night	27.808
zs\spook\312	spook	vanilla	ambient/trx/spooks_above/amb_dark	sound_04	2.483
zs\spook\313	spook	vanilla	ambient/trx/spooks_above/amb_night	sound_01	6.1
zs\spook\314	spook	vanilla	ambient/trx/spooks_above/amb_night	sound_05	3.93
zs\spook\315	spook	vanilla	ambient/trx/spooks_above/amb_night	sound_08	6.112
zs\structural\1	structural	Amplified	device	airtight_door_idle	2.485
zs\structural\2	structural	Amplified	device	airtight_door_start	0.886
zs\structural\3	structural	Amplified	device	airtight_door_stop	1.116
zs\structural\4	structural	Amplified	device	airtight_gates_idle	0.676
zs\structural\5	structural	Amplified	device	airtight_gates_start	0.665
zs\structural\6	structural	Amplified	device	airtight_gates_stop	0.564
zs\structural\7	structural	Amplified	device	door_closing	0.898
zs\structural\8	structural	Amplified	device	door_locked	1.197
zs\structural\9	structural	Amplified	device	door_servomotor	0.451
zs\structural\10	structural	Amplified	device	door_start	0.739
zs\structural\11	structural	Amplified	device	door_stop	0.596
zs\structural\12	structural	Amplified	device	metal_small_close_start	0.933
zs\structural\13	structural	Amplified	device	metal_small_close_start1	2.108
zs\structural\14	structural	Amplified	device	metal_small_close_stop	2.76
zs\structural\15	structural	Amplified	device	metal_small_close_stop1	0.794
zs\structural\16	structural	Amplified	device	metal_small_open	0.885
zs\structural\17	structural	Amplified	device/old	door_closing	0.98
zs\structural\18	structural	Amplified	device/old	door_start	1.583
zs\structural\19	structural	Amplified	device/old	door_stop	0.692
zs\structural\20	structural	AudioExpansion	ambient/trx/spooks_below/creaks	sound_01	28.183
zs\structural\21	structural	AudioExpansion	ambient/trx/spooks_below/creaks	sound_22	25.839
zs\structural\22	structural	AudioExpansion	ambient/trx/spooks_below/creaks	sound_24	24.212
zs\structural\23	structural	AudioExpansion	ambient/trx/spooks_below/creaks	sound_26	25.078
zs\structural\24	structural	AudioExpansion	ambient/trx/spooks_below/creaks	sound_27	24.675
zs\structural\25	structural	AudioExpansion	ambient/trx/spooks_below/creaks	sound_28	27.964
zs\structural\26	structural	AudioExpansion	ambient/trx/spooks_below/creaks	sound_29	27.955
zs\urban\1	urban	Amplified	ambient/soundscape/urban	ambienturban_1	1.368
zs\urban\2	urban	Amplified	ambient/soundscape/urban	ambienturban_10	1.173
zs\urban\3	urban	Amplified	ambient/soundscape/urban	ambienturban_11	13.536
zs\urban\4	urban	Amplified	ambient/soundscape/urban	ambienturban_12	4.575
zs\urban\5	urban	Amplified	ambient/soundscape/urban	ambienturban_13	4.611
zs\urban\6	urban	Amplified	ambient/soundscape/urban	ambienturban_14	7.8
zs\urban\7	urban	AudioExpansion	ambient/soundscape/urban	ambienturban_15	6.231
zs\urban\8	urban	Amplified	ambient/soundscape/urban	ambienturban_17	9.082
zs\urban\9	urban	Amplified	ambient/soundscape/urban	ambienturban_18	20.453
zs\urban\10	urban	Amplified	ambient/soundscape/urban	ambienturban_19	19.268
zs\urban\11	urban	Amplified	ambient/soundscape/urban	ambienturban_2	1.438
zs\urban\12	urban	Amplified	ambient/soundscape/urban	ambienturban_20	10.566
zs\urban\13	urban	Amplified	ambient/soundscape/urban	ambienturban_23	10.183
zs\urban\14	urban	Amplified	ambient/soundscape/urban	ambienturban_24	5.34
zs\urban\15	urban	Amplified	ambient/soundscape/urban	ambienturban_25	5.463
zs\urban\16	urban	Amplified	ambient/soundscape/urban	ambienturban_26	4.551
zs\urban\17	urban	Amplified	ambient/soundscape/urban	ambienturban_27	3.928
zs\urban\18	urban	Amplified	ambient/soundscape/urban	ambienturban_28	27.787
zs\urban\19	urban	Amplified	ambient/soundscape/urban	ambienturban_3	1.698
zs\urban\20	urban	Amplified	ambient/soundscape/urban	ambienturban_35	26.489
zs\urban\21	urban	Amplified	ambient/soundscape/urban	ambienturban_38	11.83
zs\urban\22	urban	Amplified	ambient/soundscape/urban	ambienturban_39	13.74
zs\urban\23	urban	Amplified	ambient/soundscape/urban	ambienturban_4	1.589
zs\urban\24	urban	Amplified	ambient/soundscape/urban	ambienturban_40	15.083
zs\urban\25	urban	Amplified	ambient/soundscape/urban	ambienturban_42	13.453
zs\urban\26	urban	Amplified	ambient/soundscape/urban	ambienturban_45	25.145
zs\urban\27	urban	Amplified	ambient/soundscape/urban	ambienturban_46	11.543
zs\urban\28	urban	Amplified	ambient/soundscape/urban	ambienturban_47	15.504
zs\urban\29	urban	Amplified	ambient/soundscape/urban	ambienturban_48	12.381
zs\urban\30	urban	Amplified	ambient/soundscape/urban	ambienturban_49	12.251
zs\urban\31	urban	Amplified	ambient/soundscape/urban	ambienturban_5	1.223
zs\urban\32	urban	Amplified	ambient/soundscape/urban	ambienturban_51	21.834
zs\urban\33	urban	Amplified	ambient/soundscape/urban	ambienturban_52	19.039
zs\urban\34	urban	Amplified	ambient/soundscape/urban	ambienturban_54	14.574
zs\urban\35	urban	Amplified	ambient/soundscape/urban	ambienturban_55	19.018
zs\urban\36	urban	Amplified	ambient/soundscape/urban	ambienturban_56	22.239
zs\urban\37	urban	Amplified	ambient/soundscape/urban	ambienturban_57	23.506
zs\urban\38	urban	Amplified	ambient/soundscape/urban	ambienturban_58	20.869
zs\urban\39	urban	Amplified	ambient/soundscape/urban	ambienturban_59	13.416
zs\urban\40	urban	Amplified	ambient/soundscape/urban	ambienturban_6	1.279
zs\urban\41	urban	Amplified	ambient/soundscape/urban	ambienturban_60	19.466
zs\urban\42	urban	Amplified	ambient/soundscape/urban	ambienturban_61	25.749
zs\urban\43	urban	Amplified	ambient/soundscape/urban	ambienturban_62	24.474
zs\urban\44	urban	Amplified	ambient/soundscape/urban	ambienturban_63	24.09
zs\urban\45	urban	Amplified	ambient/soundscape/urban	ambienturban_64	18.75
zs\urban\46	urban	Amplified	ambient/soundscape/urban	ambienturban_66	22.556
zs\urban\47	urban	Amplified	ambient/soundscape/urban	ambienturban_68	13.801
zs\urban\48	urban	Amplified	ambient/soundscape/urban	ambienturban_7	1.59
zs\urban\49	urban	Amplified	ambient/soundscape/urban	ambienturban_71	8.155
zs\urban\50	urban	Amplified	ambient/soundscape/urban	ambienturban_72	7.545
zs\urban\51	urban	Amplified	ambient/soundscape/urban	ambienturban_73	7.607
zs\urban\52	urban	Amplified	ambient/soundscape/urban	ambienturban_77	20.779
zs\urban\53	urban	Amplified	ambient/soundscape/urban	ambienturban_8	1.291
zs\urban\54	urban	Amplified	ambient/soundscape/urban	ambienturban_83	24.183
zs\urban\55	urban	Amplified	ambient/soundscape/urban	ambienturban_84	27.586
zs\urban\56	urban	Amplified	ambient/soundscape/urban	ambienturban_85	23.242
zs\urban\57	urban	Amplified	ambient/soundscape/urban	ambienturban_87	23.384
zs\urban\58	urban	Amplified	ambient/soundscape/urban	ambienturban_88	27.541
zs\urban\59	urban	Amplified	ambient/soundscape/urban	ambienturban_9	1.287
zs\urban\60	urban	Amplified	ambient/soundscape/urban_debris	Urbandebris1	9.386
zs\urban\61	urban	Amplified	ambient/soundscape/urban_debris	Urbandebris10	25.241
zs\urban\62	urban	Amplified	ambient/soundscape/urban_debris	Urbandebris3	17.112
zs\urban\63	urban	Amplified	ambient/soundscape/urban_debris	Urbandebris4	12.356
zs\urban\64	urban	Amplified	ambient/soundscape/urban_debris	Urbandebris5	18.749
zs\urban\65	urban	Amplified	ambient/soundscape/urban_debris	Urbandebris6	19.134
zs\urban\66	urban	Amplified	ambient/soundscape/urban_debris	Urbandebris7	18.529
zs\urban\67	urban	Amplified	ambient/soundscape/urban_debris	Urbandebris8	18.782
zs\urban\68	urban	Amplified	ambient/soundscape/urban_debris	Urbandebris9	12.958
zs\urban\69	urban	Amplified	ambient/soundscape/Spoops/urban_spoops_night	sound_1	21.703
zs\urban\70	urban	Amplified	ambient/soundscape/Spoops/urban_spoops_night	sound_12	11.776
zs\urban\71	urban	Amplified	ambient/soundscape/Spoops/urban_spoops_night	sound_13	11.701
zs\urban\72	urban	Amplified	ambient/soundscape/Spoops/urban_spoops_night	sound_15	8.736
zs\urban\73	urban	Amplified	ambient/soundscape/Spoops/urban_spoops_night	sound_17	27.162
zs\urban\74	urban	Amplified	ambient/soundscape/Spoops/urban_spoops_night	sound_18	10.563
zs\urban\75	urban	Amplified	ambient/soundscape/Spoops/urban_spoops_night	sound_19	9.866
zs\urban\76	urban	Amplified	ambient/soundscape/Spoops/urban_spoops_night	sound_23	27.192
zs\urban\77	urban	Amplified	ambient/soundscape/Spoops/urban_spoops_night	sound_25	8.941
zs\urban\78	urban	Amplified	ambient/soundscape/Spoops/urban_spoops_night	sound_26	8.866
zs\urban\79	urban	Amplified	ambient/soundscape/Spoops/urban_spoops_night	sound_27	8.503
zs\urban\80	urban	Amplified	ambient/soundscape/Spoops/urban_spoops_night	sound_28	19.723
zs\urban\81	urban	Amplified	ambient/soundscape/Spoops/urban_spoops_night	sound_31	21.746
zs\urban\82	urban	Amplified	ambient/soundscape/Spoops/urban_spoops_night	sound_32	21.91
zs\urban\83	urban	Amplified	ambient/soundscape/Spoops/urban_spoops_night	sound_33	16.636
zs\urban\84	urban	Amplified	ambient/soundscape/Spoops/urban_spoops_night	sound_34	11.757
zs\urban\85	urban	Amplified	ambient/soundscape/Spoops/urban_spoops_night	sound_35	24.961
zs\urban\86	urban	Amplified	ambient/soundscape/Spoops/urban_spoops_night	sound_36	14.034
zs\urban\87	urban	Amplified	ambient/soundscape/Spoops/urban_spoops_night	sound_39	15.311
zs\urban\88	urban	Amplified	ambient/soundscape/Spoops/urban_spoops_night	sound_4	7.615
zs\urban\89	urban	Amplified	ambient/soundscape/Spoops/urban_spoops_night	sound_46	26.558
zs\urban\90	urban	Amplified	ambient/soundscape/Spoops/urban_spoops_night	sound_47	12.887
zs\urban\91	urban	Amplified	ambient/soundscape/Spoops/urban_spoops_night	sound_48	8.827
zs\urban\92	urban	Amplified	ambient/soundscape/Spoops/urban_spoops_night	sound_5	7.128
zs\urban\93	urban	Amplified	ambient/soundscape/Spoops/urban_spoops_night	sound_51	13.989
zs\urban\94	urban	Amplified	ambient/soundscape/Spoops/urban_spoops_night	sound_52	15.634
zs\urban\95	urban	Amplified	ambient/soundscape/Spoops/urban_spoops_night	sound_53	13.427
zs\urban\96	urban	Amplified	ambient/soundscape/Spoops/urban_spoops_night	sound_54	22.177
zs\urban\97	urban	Amplified	ambient/soundscape/Spoops/urban_spoops_night	sound_55	26.601
zs\urban\98	urban	Amplified	ambient/soundscape/Spoops/urban_spoops_night	sound_56	13.619
zs\urban\99	urban	Amplified	ambient/soundscape/Spoops/urban_spoops_night	sound_6	15.741
zs\urban\100	urban	Amplified	ambient/soundscape/Spoops/urban_spoops_night	sound_61	25.79
zs\urban\101	urban	Amplified	ambient/soundscape/Spoops/urban_spoops_night	sound_63	26.181
zs\urban\102	urban	Amplified	ambient/soundscape/Spoops/urban_spoops_night	sound_64	24.45
zs\urban\103	urban	Amplified	ambient/soundscape/Spoops/urban_spoops_night	sound_65	18.333
zs\urban\104	urban	Amplified	ambient/soundscape/Spoops/urban_spoops_night	sound_66	15.683
zs\urban\105	urban	Amplified	ambient/soundscape/Spoops/urban_spoops_night	sound_67	18.173
zs\urban\106	urban	Amplified	ambient/soundscape/Spoops/urban_spoops_night	sound_8	9.809
zs\urban\107	urban	Amplified	ambient/soundscape/Spoops/urban_spoops_night	sound_9	27.449
zs\urban\108	urban	RETUNE457	ambient/soundscape/urban	ambienturban_1	8.468
zs\urban\109	urban	RETUNE457	ambient/soundscape/urban	ambienturban_10	3.252
zs\urban\110	urban	RETUNE457	ambient/soundscape/urban	ambienturban_11	5.38
zs\urban\111	urban	RETUNE457	ambient/soundscape/urban	ambienturban_12	6.21
zs\urban\112	urban	AudioExpansion	ambient/soundscape/urban	ambienturban_13	12.671
zs\urban\113	urban	RETUNE457	ambient/soundscape/urban	ambienturban_14	8.807
zs\urban\114	urban	AudioExpansion	ambient/soundscape/urban	ambienturban_14	15.602
zs\urban\115	urban	RETUNE457	ambient/soundscape/urban	ambienturban_17	2.638
zs\urban\116	urban	AudioExpansion	ambient/soundscape/urban	ambienturban_17	5.797
zs\urban\117	urban	RETUNE457	ambient/soundscape/urban	ambienturban_18	2.476
zs\urban\118	urban	AudioExpansion	ambient/soundscape/urban	ambienturban_18	5.555
zs\urban\119	urban	RETUNE457	ambient/soundscape/urban	ambienturban_19	2.678
zs\urban\120	urban	AudioExpansion	ambient/soundscape/urban	ambienturban_19	4.709
zs\urban\121	urban	RETUNE457	ambient/soundscape/urban	ambienturban_2	10.006
zs\urban\122	urban	AudioExpansion	ambient/soundscape/urban	ambienturban_20	5.469
zs\urban\123	urban	RETUNE457	ambient/soundscape/urban	ambienturban_21	4.643
zs\urban\124	urban	AudioExpansion	ambient/soundscape/urban	ambienturban_21	6.532
zs\urban\125	urban	RETUNE457	ambient/soundscape/urban	ambienturban_22	4.178
zs\urban\126	urban	AudioExpansion	ambient/soundscape/urban	ambienturban_22	5.843
zs\urban\127	urban	RETUNE457	ambient/soundscape/urban	ambienturban_23	3.038
zs\urban\128	urban	AudioExpansion	ambient/soundscape/urban	ambienturban_23	4.271
zs\urban\129	urban	AudioExpansion	ambient/soundscape/urban	ambienturban_24	4.668
zs\urban\130	urban	RETUNE457	ambient/soundscape/urban	ambienturban_25	12.78
zs\urban\131	urban	AudioExpansion	ambient/soundscape/urban	ambienturban_26	19.613
zs\urban\132	urban	RETUNE457	ambient/soundscape/urban	ambienturban_27	18.795
zs\urban\133	urban	AudioExpansion	ambient/soundscape/urban	ambienturban_27	18.805
zs\urban\134	urban	RETUNE457	ambient/soundscape/urban	ambienturban_3	15.162
zs\urban\135	urban	RETUNE457	ambient/soundscape/urban	ambienturban_4	10.136
zs\urban\136	urban	AudioExpansion	ambient/soundscape/urban	ambienturban_5	12.078
zs\urban\137	urban	RETUNE457	ambient/soundscape/urban	ambienturban_6	4.505
zs\urban\138	urban	RETUNE457	ambient/soundscape/urban	ambienturban_7	5.118
zs\urban\139	urban	AudioExpansion	ambient/soundscape/urban	ambienturban_7	9.053
zs\urban\140	urban	RETUNE457	ambient/soundscape/urban	ambienturban_8	3.239
zs\urban\141	urban	AudioExpansion	ambient/soundscape/urban	ambienturban_8	5.718
zs\urban\142	urban	RETUNE457	ambient/soundscape/urban	ambienturban_9	3.452
zs\urban\143	urban	AudioExpansion	ambient/soundscape/urban	ambienturban_9	6.102
zs\urban\144	urban	AudioExpansion	ambient/soundscape/urban	ambienturban_1	14.947
zs\urban\145	urban	AudioExpansion	ambient/soundscape/urban	ambienturban_10	5.744
zs\urban\146	urban	AudioExpansion	ambient/soundscape/urban	ambienturban_11	9.512
zs\urban\147	urban	AudioExpansion	ambient/soundscape/urban	ambienturban_12	11.198
zs\urban\148	urban	AudioExpansion	ambient/soundscape/urban	ambienturban_2	13.933
zs\urban\149	urban	AudioExpansion	ambient/soundscape/urban	ambienturban_25	12.761
zs\urban\150	urban	AudioExpansion	ambient/soundscape/urban	ambienturban_3	19.133
zs\urban\151	urban	AudioExpansion	ambient/soundscape/urban	ambienturban_4	14.465
zs\urban\152	urban	AudioExpansion	ambient/soundscape/urban	ambienturban_6	7.081
zs\wildlife\1	wildlife	Amplified	monsters/mwolf	wolf_attack_1	0.591
zs\wildlife\2	wildlife	Amplified	monsters/mwolf	wolf_attack_2	0.697
zs\wildlife\3	wildlife	Amplified	monsters/mwolf	wolf_attack_hit_1	0.716
zs\wildlife\4	wildlife	Amplified	monsters/mwolf	wolf_attack_hit_2	0.594
zs\wildlife\5	wildlife	Amplified	monsters/mwolf	wolf_death_1	1.153
zs\wildlife\6	wildlife	Amplified	monsters/mwolf	wolf_idle_1	1.42
zs\wildlife\7	wildlife	Amplified	monsters/mwolf	wolf_idle_2	1.095
zs\wildlife\8	wildlife	Amplified	ambient/soundscape/crows	crow1	14.87
zs\wildlife\9	wildlife	Amplified	ambient/soundscape/crows	crow10	17.434
zs\wildlife\10	wildlife	Amplified	ambient/soundscape/crows	crow2	16.029
zs\wildlife\11	wildlife	Amplified	ambient/soundscape/crows	crow3	15.262
zs\wildlife\12	wildlife	Amplified	ambient/soundscape/crows	crow5	21.952
zs\wildlife\13	wildlife	Amplified	ambient/soundscape/crows	crow6	13.815
zs\wildlife\14	wildlife	Amplified	ambient/soundscape/crows	crow7	13.984
zs\wildlife\15	wildlife	Amplified	ambient/soundscape/crows	crow8	8.925
zs\wildlife\16	wildlife	Amplified	ambient/soundscape/crows	crow9	15.618
zs\wildlife\17	wildlife	Amplified	ambient/soundscape/crows	Crowcreep1	9.713
zs\wildlife\18	wildlife	Amplified	ambient/soundscape/crows	Crowcreep10	12.863
zs\wildlife\19	wildlife	Amplified	ambient/soundscape/crows	Crowcreep11	8.488
zs\wildlife\20	wildlife	Amplified	ambient/soundscape/crows	Crowcreep12	9.88
zs\wildlife\21	wildlife	Amplified	ambient/soundscape/crows	Crowcreep2	8.421
zs\wildlife\22	wildlife	Amplified	ambient/soundscape/crows	Crowcreep3	12.858
zs\wildlife\23	wildlife	Amplified	ambient/soundscape/crows	Crowcreep4	17.083
zs\wildlife\24	wildlife	Amplified	ambient/soundscape/crows	Crowcreep5	10.727
zs\wildlife\25	wildlife	Amplified	ambient/soundscape/crows	Crowcreep6	12.517
zs\wildlife\26	wildlife	Amplified	ambient/soundscape/crows	Crowcreep7	14.703
zs\wildlife\27	wildlife	Amplified	ambient/soundscape/crows	Crowcreep8	10.08
zs\wildlife\28	wildlife	Amplified	ambient/soundscape/crows	Crowcreep9	10.167
zs\wildlife\29	wildlife	Amplified	ambient/soundscape/crows	Crowforest1	3.408
zs\wildlife\30	wildlife	Amplified	ambient/soundscape/crows	Crowforest2	4.56
zs\wildlife\31	wildlife	Amplified	ambient/soundscape/crows	Crowforest3	5.078
zs\wildlife\32	wildlife	Amplified	ambient/soundscape/crows	Crowforest4	3.454
zs\wildlife\33	wildlife	Amplified	ambient/soundscape/crows	Crowforest5	4.091
zs\wildlife\34	wildlife	Amplified	ambient/soundscape/mutants/wolf	distant_1	2.602
zs\wildlife\35	wildlife	Amplified	ambient/soundscape/mutants/wolf	distant_10	3.278
zs\wildlife\36	wildlife	Amplified	ambient/soundscape/mutants/wolf	distant_2	5.637
zs\wildlife\37	wildlife	Amplified	ambient/soundscape/mutants/wolf	distant_3	7.49
zs\wildlife\38	wildlife	Amplified	ambient/soundscape/mutants/wolf	distant_4	9.68
zs\wildlife\39	wildlife	Amplified	ambient/soundscape/mutants/wolf	distant_5	8.553
zs\wildlife\40	wildlife	Amplified	ambient/soundscape/mutants/wolf	distant_6	5.058
zs\wildlife\41	wildlife	Amplified	ambient/soundscape/mutants/wolf	distant_7	4.963
zs\wildlife\42	wildlife	Amplified	ambient/soundscape/mutants/wolf	distant_8	4.432
zs\wildlife\43	wildlife	Amplified	ambient/soundscape/mutants/wolf	distant_9	2.769
zs\wildlife\44	wildlife	RETUNE457	ambient/trx/nature/crow	sound_01	7.65
zs\wildlife\45	wildlife	RETUNE457	ambient/trx/nature/crow	sound_02	7.311
zs\wildlife\46	wildlife	RETUNE457	ambient/trx/nature/crow	sound_03	8.8
zs\wildlife\47	wildlife	RETUNE457	ambient/trx/nature/crow	sound_04	9.643
zs\wildlife\48	wildlife	RETUNE457	ambient/trx/nature/crow	sound_05	8.116
zs\wildlife\49	wildlife	RETUNE457	ambient/trx/nature/crow	sound_06	7.84
zs\wildlife\50	wildlife	RETUNE457	ambient/trx/nature/crow	sound_07	8.15
zs\wildlife\51	wildlife	RETUNE457	ambient/trx/nature/crow	sound_08	8.551
zs\wildlife\52	wildlife	RETUNE457	ambient/trx/nature/crow	sound_09	7.368
zs\wildlife\53	wildlife	RETUNE457	ambient/trx/nature/crow	sound_10	8.59
zs\wildlife\54	wildlife	RETUNE457	ambient/trx/nature/crow	sound_11	7.582
zs\wildlife\55	wildlife	RETUNE457	ambient/trx/nature/crow	sound_12	12.143
zs\wildlife\56	wildlife	RETUNE457	ambient/trx/nature/crow	sound_14	12.042
zs\wildlife\57	wildlife	RETUNE457	ambient/trx/nature/crow	sound_16	11.429
zs\wildlife\58	wildlife	RETUNE457	ambient/trx/nature/crow	sound_17	10.447
zs\wildlife\59	wildlife	RETUNE457	ambient/trx/nature/crow	sound_18	10.548
zs\wildlife\60	wildlife	RETUNE457	ambient/trx/nature/crow	sound_19	9.82
zs\wildlife\61	wildlife	RETUNE457	ambient/trx/nature/crow	sound_20	12.313
zs\wildlife\62	wildlife	RETUNE457	ambient/trx/nature/crow	sound_21	10.447
zs\wildlife\63	wildlife	RETUNE457	ambient/trx/nature/crow	sound_22	9.988
zs\wildlife\64	wildlife	RETUNE457	ambient/trx/nature/crow	sound_26	9.46
zs\wildlife\65	wildlife	RETUNE457	ambient/trx/nature/dog	sound_01	23.946
zs\wildlife\66	wildlife	RETUNE457	ambient/trx/nature/dog	sound_02	24.807
zs\wildlife\67	wildlife	RETUNE457	ambient/trx/nature/dog	sound_03	16.508
zs\wildlife\68	wildlife	RETUNE457	ambient/trx/nature/dog	sound_04	25.665
zs\wildlife\69	wildlife	RETUNE457	ambient/trx/nature/dog	sound_06	23.438
zs\wildlife\70	wildlife	RETUNE457	ambient/trx/nature/dog	sound_07	18.219
zs\wildlife\71	wildlife	RETUNE457	ambient/trx/nature/dog	sound_08	25.959
zs\wildlife\72	wildlife	RETUNE457	ambient/trx/nature/dog	sound_09	26.686
zs\wildlife\73	wildlife	RETUNE457	ambient/trx/nature/dog	sound_10	23.8
zs\wildlife\74	wildlife	RETUNE457	ambient/trx/nature/dog	sound_11	24.984
zs\wildlife\75	wildlife	RETUNE457	ambient/trx/nature/dog	sound_12	23.8
zs\wildlife\76	wildlife	RETUNE457	ambient/trx/nature/dog	sound_14	21.286
zs\wildlife\77	wildlife	RETUNE457	ambient/trx/nature/dog	sound_15	7.985
zs\wildlife\78	wildlife	RETUNE457	ambient/trx/nature/dog	sound_16	17.959
zs\wildlife\79	wildlife	RETUNE457	ambient/trx/nature/dog	sound_17	12.719
zs\wildlife\80	wildlife	RETUNE457	ambient/trx/nature/dog	sound_18	23.658
zs\wildlife\81	wildlife	RETUNE457	ambient/trx/nature/dog	sound_19	18.739
zs\wildlife\82	wildlife	RETUNE457	ambient/trx/nature/dog	sound_20	18.739
zs\wildlife\83	wildlife	RETUNE457	ambient/trx/nature/dog	sound_21	22.009
zs\wildlife\84	wildlife	RETUNE457	ambient/trx/nature/dog	sound_22	25.981
zs\wildlife\85	wildlife	RETUNE457	ambient/trx/nature/dog	sound_23	24.984
zs\wildlife\86	wildlife	RETUNE457	ambient/trx/nature/owl	sound_01	2.767
zs\wildlife\87	wildlife	RETUNE457	ambient/trx/nature/owl	sound_02	2.873
zs\wildlife\88	wildlife	RETUNE457	ambient/trx/nature/owl	sound_03	2.779
zs\wildlife\89	wildlife	RETUNE457	ambient/trx/nature/owl	sound_04	3.145
zs\wildlife\90	wildlife	RETUNE457	ambient/trx/nature/owl	sound_05	3.154
zs\wildlife\91	wildlife	RETUNE457	ambient/trx/nature/owl	sound_06	2.808
zs\wildlife\92	wildlife	RETUNE457	ambient/trx/nature/owl	sound_07	2.806
zs\wildlife\93	wildlife	RETUNE457	ambient/trx/nature/owl	sound_08	2.804
zs\wildlife\94	wildlife	RETUNE457	ambient/trx/nature/owl	sound_09	19.825
zs\wildlife\95	wildlife	RETUNE457	ambient/trx/nature/owl	sound_11	14.038
zs\wildlife\96	wildlife	RETUNE457	ambient/trx/nature/owl	sound_12	11.393
zs\wildlife\97	wildlife	RETUNE457	ambient/trx/nature/owl	sound_13	3.352
zs\wildlife\98	wildlife	AudioExpansion	ambient/trx/nature/owl	sound_10	4.674
zs\wildlife\99	wildlife	RETUNE457	ambient/trx/nature/owl	sound_14	11.665
zs\wildlife\100	wildlife	RETUNE457	ambient/trx/nature/owl	sound_15	6.545
zs\wildlife\101	wildlife	RETUNE457	ambient/trx/nature/owl	sound_16	13.755
zs\wildlife\102	wildlife	AudioExpansion	ambient/trx/nature/owl	sound_11	4.273
zs\wildlife\103	wildlife	RETUNE457	ambient/trx/nature/owl	sound_17	9.191
zs\wildlife\104	wildlife	RETUNE457	ambient/trx/nature/owl	sound_18	13.011
zs\wildlife\105	wildlife	RETUNE457	ambient/trx/nature/owl	sound_19	3.378
zs\wildlife\106	wildlife	AudioExpansion	ambient/trx/nature/owl	sound_14	1.672
zs\wildlife\107	wildlife	myRETUNE	ambient/trx/nature/dog	d_01	2.499
zs\wildlife\108	wildlife	AudioExpansion	ambient/trx/nature/crow	sound_01	0.705
zs\wildlife\109	wildlife	AudioExpansion	ambient/trx/nature/crow	sound_02	0.835
zs\wildlife\110	wildlife	AudioExpansion	ambient/trx/nature/crow	sound_04	1.089
zs\wildlife\111	wildlife	AudioExpansion	ambient/trx/nature/crow	sound_05	0.935
zs\wildlife\112	wildlife	AudioExpansion	ambient/trx/nature/crow	sound_06	1.043
zs\wildlife\113	wildlife	AudioExpansion	ambient/trx/nature/crow	sound_07	1.007
zs\wildlife\114	wildlife	AudioExpansion	ambient/trx/nature/crow	sound_08	1.248
zs\wildlife\115	wildlife	AudioExpansion	ambient/trx/nature/crow	sound_09	0.616
zs\wildlife\116	wildlife	AudioExpansion	ambient/trx/nature/crow	sound_10	0.883
zs\wildlife\117	wildlife	AudioExpansion	ambient/trx/nature/crow	sound_12	0.879
zs\wildlife\118	wildlife	AudioExpansion	ambient/trx/nature/crow	sound_11	0.825
zs\wildlife\119	wildlife	AudioExpansion	ambient/trx/nature/crow	sound_13	0.94
zs\wildlife\120	wildlife	AudioExpansion	ambient/trx/nature/crow	sound_14	0.937
zs\wildlife\121	wildlife	AudioExpansion	ambient/trx/nature/crow	sound_16	1.352
zs\wildlife\122	wildlife	AudioExpansion	ambient/trx/nature/crow	sound_17	1.081
zs\wildlife\123	wildlife	AudioExpansion	ambient/trx/nature/crow	sound_18	1.285
zs\wildlife\124	wildlife	AudioExpansion	ambient/trx/nature/crow	sound_19	1.425
zs\wildlife\125	wildlife	AudioExpansion	ambient/trx/nature/crow	sound_20	1.411
zs\wildlife\126	wildlife	AudioExpansion	ambient/trx/nature/crow	sound_21	1.089
zs\wildlife\127	wildlife	AudioExpansion	ambient/trx/nature/crow	sound_22	1.205
zs\wildlife\128	wildlife	AudioExpansion	ambient/trx/nature/crow	sound_23	1.194
zs\wildlife\129	wildlife	AudioExpansion	ambient/trx/nature/crow	sound_24	1.126
zs\wildlife\130	wildlife	AudioExpansion	ambient/trx/nature/crow	sound_25	0.94
zs\wildlife\131	wildlife	AudioExpansion	ambient/trx/nature/crow	sound_26	1.13
zs\wildlife\132	wildlife	AudioExpansion	ambient/trx/nature/crow	sound_27	0.927
zs\wildlife\133	wildlife	AudioExpansion	ambient/trx/nature/crow	sound_28	1.057
zs\wildlife\134	wildlife	AudioExpansion	ambient/trx/nature/crow	sound_29	0.784
zs\wildlife\135	wildlife	AudioExpansion	ambient/trx/nature/crow	sound_30	0.757
zs\wildlife\136	wildlife	AudioExpansion	ambient/trx/nature/crow	sound_31	1.242
zs\wildlife\137	wildlife	AudioExpansion	ambient/trx/nature/crow	sound_32	1.007
zs\wildlife\138	wildlife	AudioExpansion	ambient/trx/nature/crow	sound_33	0.707
zs\wildlife\139	wildlife	AudioExpansion	ambient/trx/nature/crow	sound_34	1.471
zs\wildlife\140	wildlife	AudioExpansion	ambient/trx/nature/crow	sound_35	0.968
zs\wildlife\141	wildlife	AudioExpansion	ambient/trx/nature/crow	sound_36	0.877
zs\wildlife\142	wildlife	AudioExpansion	ambient/trx/nature/crow	sound_37	0.884
zs\wildlife\143	wildlife	AudioExpansion	ambient/trx/nature/crow	sound_39	1.538
zs\wildlife\144	wildlife	AudioExpansion	ambient/trx/nature/crow	sound_40	1.569
zs\wildlife\145	wildlife	AudioExpansion	ambient/trx/nature/crow	sound_41	1.187
zs\wildlife\146	wildlife	AudioExpansion	ambient/trx/nature/crow	sound_42	1.331
zs\wildlife\147	wildlife	AudioExpansion	ambient/trx/nature/crow	sound_43	1.066
zs\wildlife\148	wildlife	AudioExpansion	ambient/trx/nature/crow	sound_44	0.909
zs\wildlife\149	wildlife	AudioExpansion	ambient/trx/nature/crow	sound_45	1.003
zs\wildlife\150	wildlife	AudioExpansion	ambient/trx/nature/crow	sound_46	1.107
zs\wildlife\151	wildlife	AudioExpansion	ambient/trx/nature/crow	sound_47	1.229
zs\wildlife\152	wildlife	AudioExpansion	ambient/trx/nature/crow	sound_48	1.573
zs\wildlife\153	wildlife	AudioExpansion	ambient/trx/nature/crow	sound_49	1.817
zs\wildlife\154	wildlife	AudioExpansion	ambient/trx/nature/crow	sound_50	1.383
zs\wildlife\155	wildlife	AudioExpansion	ambient/trx/nature/crow	sound_51	0.88
zs\wildlife\156	wildlife	AudioExpansion	ambient/trx/nature/crow	sound_52	0.867
zs\wildlife\157	wildlife	AudioExpansion	ambient/trx/nature/crow	sound_53	0.845
zs\wildlife\158	wildlife	AudioExpansion	ambient/trx/nature/crow	sound_54	1.013
zs\wildlife\159	wildlife	AudioExpansion	ambient/trx/nature/crow	sound_55	1.281
zs\wildlife\160	wildlife	AudioExpansion	ambient/trx/nature/crow	sound_56	0.688
zs\wildlife\161	wildlife	AudioExpansion	ambient/trx/nature/crow	sound_57	0.671
zs\wildlife\162	wildlife	AudioExpansion	ambient/trx/nature/crow	sound_58	0.519
zs\wildlife\163	wildlife	AudioExpansion	ambient/trx/nature/crow	sound_59	0.964
zs\wildlife\164	wildlife	AudioExpansion	ambient/trx/nature/crow	sound_60	0.704
zs\wildlife\165	wildlife	AudioExpansion	ambient/trx/nature/crow	sound_61	0.873
zs\wildlife\166	wildlife	AudioExpansion	ambient/trx/nature/crow	sound_62	0.705
zs\wildlife\167	wildlife	AudioExpansion	ambient/trx/nature/crow	sound_63	1.202
zs\wildlife\168	wildlife	AudioExpansion	ambient/trx/nature/crow	sound_64	0.643
zs\wildlife\169	wildlife	AudioExpansion	ambient/trx/nature/crow	sound_65	1.084
zs\wildlife\170	wildlife	AudioExpansion	ambient/trx/nature/crow	sound_66	0.955
zs\wildlife\171	wildlife	AudioExpansion	ambient/trx/nature/crow	sound_67	0.879
zs\wildlife\172	wildlife	AudioExpansion	ambient/trx/nature/crow	sound_68	1.257
zs\wildlife\173	wildlife	AudioExpansion	ambient/trx/nature/crow	sound_69	0.883
zs\wildlife\174	wildlife	AudioExpansion	ambient/trx/nature/crow	sound_70	0.894
zs\wildlife\175	wildlife	AudioExpansion	ambient/trx/nature/crow	sound_71	0.777
zs\wildlife\176	wildlife	AudioExpansion	ambient/trx/nature/crow	sound_72	1.122
zs\wildlife\177	wildlife	AudioExpansion	ambient/trx/nature/crow	sound_73	0.712
zs\wildlife\178	wildlife	AudioExpansion	ambient/trx/nature/crow	sound_74	0.855
zs\wildlife\179	wildlife	AudioExpansion	ambient/trx/nature/crow	sound_75	1.162
zs\wildlife\180	wildlife	AudioExpansion	ambient/trx/nature/crow	sound_76	0.986
zs\wildlife\181	wildlife	AudioExpansion	ambient/trx/nature/crow	sound_77	1.014
zs\wildlife\182	wildlife	AudioExpansion	ambient/trx/nature/crow	sound_78	1.055
zs\wildlife\183	wildlife	AudioExpansion	ambient/trx/nature/dog	sound_01	1.087
zs\wildlife\184	wildlife	AudioExpansion	ambient/trx/nature/dog	sound_02	0.892
zs\wildlife\185	wildlife	AudioExpansion	ambient/trx/nature/dog	sound_03	0.968
zs\wildlife\186	wildlife	AudioExpansion	ambient/trx/nature/dog	sound_04	0.832
zs\wildlife\187	wildlife	AudioExpansion	ambient/trx/nature/dog	sound_05	1.125
zs\wildlife\188	wildlife	AudioExpansion	ambient/trx/nature/dog	sound_06	0.728
zs\wildlife\189	wildlife	AudioExpansion	ambient/trx/nature/dog	sound_07	1.176
zs\wildlife\190	wildlife	AudioExpansion	ambient/trx/nature/dog	sound_08	1.225
zs\wildlife\191	wildlife	AudioExpansion	ambient/trx/nature/dog	sound_09	0.858
zs\wildlife\192	wildlife	AudioExpansion	ambient/trx/nature/dog	sound_10	1.212
zs\wildlife\193	wildlife	AudioExpansion	ambient/trx/nature/dog	sound_11	0.905
zs\wildlife\194	wildlife	AudioExpansion	ambient/trx/nature/dog	sound_12	0.573
zs\wildlife\195	wildlife	AudioExpansion	ambient/trx/nature/dog	sound_13	0.691
zs\wildlife\196	wildlife	AudioExpansion	ambient/trx/nature/dog	sound_14	0.624
zs\wildlife\197	wildlife	AudioExpansion	ambient/trx/nature/dog	sound_15	0.786
zs\wildlife\198	wildlife	AudioExpansion	ambient/trx/nature/dog	sound_16	0.692
zs\wildlife\199	wildlife	AudioExpansion	ambient/trx/nature/dog	sound_17	0.882
zs\wildlife\200	wildlife	AudioExpansion	ambient/trx/nature/dog	sound_18	0.574
zs\wildlife\201	wildlife	AudioExpansion	ambient/trx/nature/dog	sound_19	1.076
zs\wildlife\202	wildlife	AudioExpansion	ambient/trx/nature/dog	sound_20	0.953
zs\wildlife\203	wildlife	AudioExpansion	ambient/trx/nature/dog	sound_21	0.87
zs\wildlife\204	wildlife	AudioExpansion	ambient/trx/nature/dog	sound_22	1.362
zs\wildlife\205	wildlife	AudioExpansion	ambient/trx/nature/dog	sound_23	1.185
zs\wildlife\206	wildlife	AudioExpansion	ambient/trx/nature/dog	sound_24	1.303
zs\wildlife\207	wildlife	AudioExpansion	ambient/trx/nature/dog	sound_25	0.907
zs\wildlife\208	wildlife	AudioExpansion	ambient/trx/nature/dog	sound_26	0.925
zs\wildlife\209	wildlife	AudioExpansion	ambient/trx/nature/dog	sound_27	0.793
zs\wildlife\210	wildlife	AudioExpansion	ambient/trx/nature/dog	sound_28	1.425
zs\wildlife\211	wildlife	AudioExpansion	ambient/trx/nature/dog	sound_29	1.204
zs\wildlife\212	wildlife	AudioExpansion	ambient/trx/nature/dog	sound_30	0.797
zs\wildlife\213	wildlife	AudioExpansion	ambient/trx/nature/dog	sound_31	0.863
zs\wildlife\214	wildlife	AudioExpansion	ambient/trx/nature/dog	sound_32	1.087
zs\wildlife\215	wildlife	AudioExpansion	ambient/trx/nature/dog	sound_33	1.039
zs\wildlife\216	wildlife	AudioExpansion	ambient/trx/nature/dog	sound_34	0.887
zs\wildlife\217	wildlife	AudioExpansion	ambient/trx/nature/dog	sound_35	1.19
zs\wildlife\218	wildlife	AudioExpansion	ambient/trx/nature/dog	sound_36	1.176
zs\wildlife\219	wildlife	AudioExpansion	ambient/trx/nature/dog	sound_37	0.887
zs\wildlife\220	wildlife	AudioExpansion	ambient/trx/nature/dog	sound_38	0.697
zs\wildlife\221	wildlife	AudioExpansion	ambient/trx/nature/dog	sound_39	0.58
zs\wildlife\222	wildlife	AudioExpansion	ambient/trx/nature/dog	sound_40	0.481
zs\wildlife\223	wildlife	AudioExpansion	ambient/trx/nature/dog	sound_41	0.878
zs\wildlife\224	wildlife	AudioExpansion	ambient/trx/nature/dog	sound_42	1.016
zs\wildlife\225	wildlife	AudioExpansion	ambient/trx/nature/dog	sound_43	1.253
zs\wildlife\226	wildlife	AudioExpansion	ambient/trx/nature/dog	sound_44	0.985
zs\wildlife\227	wildlife	AudioExpansion	ambient/trx/nature/dog	sound_45	1.279
zs\wildlife\228	wildlife	AudioExpansion	ambient/trx/nature/dog	sound_46	0.828
zs\wildlife\229	wildlife	AudioExpansion	ambient/trx/nature/dog	sound_47	0.778
zs\wildlife\230	wildlife	AudioExpansion	ambient/trx/nature/dog	sound_48	0.85
zs\wildlife\231	wildlife	AudioExpansion	ambient/trx/nature/dog	sound_49	1.159
zs\wildlife\232	wildlife	AudioExpansion	ambient/trx/nature/dog	sound_50	1.47
zs\wildlife\233	wildlife	AudioExpansion	ambient/trx/nature/dog	sound_51	0.976
zs\wildlife\234	wildlife	AudioExpansion	ambient/trx/nature/dog	sound_52	0.991
zs\wildlife\235	wildlife	AudioExpansion	ambient/trx/nature/dog	sound_53	1.001
zs\wildlife\236	wildlife	AudioExpansion	ambient/trx/nature/dog	sound_54	1.017
zs\wildlife\237	wildlife	AudioExpansion	ambient/trx/nature/dog	sound_55	0.638
zs\wildlife\238	wildlife	AudioExpansion	ambient/trx/nature/owl	sound_01	3.259
zs\wildlife\239	wildlife	AudioExpansion	ambient/trx/nature/owl	sound_02	2.291
zs\wildlife\240	wildlife	AudioExpansion	ambient/trx/nature/owl	sound_04	1.987
zs\wildlife\241	wildlife	AudioExpansion	ambient/trx/nature/owl	sound_05	5.895
zs\wildlife\242	wildlife	AudioExpansion	ambient/trx/nature/owl	sound_06	3.68
zs\wildlife\243	wildlife	AudioExpansion	ambient/trx/nature/owl	sound_07	2.03
zs\wildlife\244	wildlife	AudioExpansion	ambient/trx/nature/owl	sound_08	3.372
zs\wildlife\245	wildlife	AudioExpansion	ambient/trx/nature/owl	sound_09	3.179
zs\wildlife\246	wildlife	AudioExpansion	ambient/trx/nature/owl/bak	sound_02	23.091
zs\wildlife\247	wildlife	AudioExpansion	ambient/trx/nature/owl/bak	sound_04	19.968
zs\wildlife\248	wildlife	vanilla	ambient/trx/nature/crow	sound_01	3.934
zs\wildlife\249	wildlife	vanilla	ambient/trx/nature/crow	sound_02	2.191
zs\wildlife\250	wildlife	vanilla	ambient/trx/nature/crow	sound_03	4.174
zs\wildlife\251	wildlife	vanilla	ambient/trx/nature/crow	sound_04	3.556
zs\wildlife\252	wildlife	vanilla	ambient/trx/nature/crow	sound_05	3.026
zs\wildlife\253	wildlife	vanilla	ambient/trx/nature/crow	sound_06	2.88
zs\wildlife\254	wildlife	vanilla	ambient/trx/nature/crow	sound_07	3.134
zs\wildlife\255	wildlife	vanilla	ambient/trx/nature/crow	sound_08	2.969
zs\wildlife\256	wildlife	vanilla	ambient/trx/nature/crow	sound_09	2.718
zs\wildlife\257	wildlife	vanilla	ambient/trx/nature/crow	sound_10	2.665
zs\wildlife\258	wildlife	vanilla	ambient/trx/nature/crow	_sound_5	1.285
zs\wildlife\259	wildlife	vanilla	ambient/trx/nature/crow	sound_11	3.096
zs\wildlife\260	wildlife	vanilla	ambient/trx/nature/crow	sound_12	2.883
zs\wildlife\261	wildlife	vanilla	ambient/trx/nature/crow	sound_13	3.392
zs\wildlife\262	wildlife	vanilla	ambient/trx/nature/crow	sound_14	3.622
zs\wildlife\263	wildlife	vanilla	ambient/trx/nature/crow	sound_15	3.445
zs\wildlife\264	wildlife	vanilla	ambient/trx/nature/crow	sound_16	3.627
zs\wildlife\265	wildlife	vanilla	ambient/trx/nature/crow	_sound_1	1.373
zs\wildlife\266	wildlife	vanilla	ambient/trx/nature/crow	_sound_2	1.39
zs\wildlife\267	wildlife	vanilla	ambient/trx/nature/crow	_sound_3	1.426
zs\wildlife\268	wildlife	vanilla	ambient/trx/nature/crow	_sound_4	1.558
zs\wildlife\269	wildlife	vanilla	ambient/trx/nature/crow	_sound_6	1.524
zs\wildlife\270	wildlife	vanilla	ambient/trx/nature/dog	sound_01	3.706
zs\wildlife\271	wildlife	vanilla	ambient/trx/nature/dog	sound_02	3.523
zs\wildlife\272	wildlife	vanilla	ambient/trx/nature/dog	sound_03	3.357
zs\wildlife\273	wildlife	vanilla	ambient/trx/nature/dog	sound_04	3.079
zs\wildlife\274	wildlife	vanilla	ambient/trx/nature/dog	sound_05	3.062
zs\wildlife\275	wildlife	vanilla	ambient/trx/nature/dog	sound_06	3.478
zs\wildlife\276	wildlife	vanilla	ambient/trx/nature/dog	sound_07	3.851
zs\wildlife\277	wildlife	vanilla	ambient/trx/nature/dog	sound_08	3.775
zs\wildlife\278	wildlife	vanilla	ambient/trx/nature/dog	sound_09	4.431
zs\wildlife\279	wildlife	vanilla	ambient/trx/nature/dog	sound_10	3.564
zs\wildlife\280	wildlife	vanilla	ambient/trx/nature/dog	sound_11	6.245
zs\wildlife\281	wildlife	vanilla	ambient/trx/nature/dog	sound_12	3.963
zs\wildlife\282	wildlife	vanilla	ambient/trx/nature/dog	sound_13	6.375
zs\wildlife\283	wildlife	vanilla	ambient/trx/nature/dog	sound_14	3.144
zs\wildlife\284	wildlife	vanilla	ambient/trx/nature/dog	sound_15	3.564
zs\wildlife\285	wildlife	vanilla	ambient/trx/nature/dog	sound_16	2.918
zs\wildlife\286	wildlife	vanilla	ambient/trx/nature/dog	sound_17	2.35
zs\wildlife\287	wildlife	vanilla	ambient/trx/nature/dog	sound_18	3.16
zs\wildlife\288	wildlife	vanilla	ambient/trx/nature/dog	sound_19	3.15
zs\wildlife\289	wildlife	vanilla	ambient/trx/nature/dog	sound_20	3.141
zs\wildlife\290	wildlife	vanilla	ambient/trx/nature/dog	sound_21	6.878
zs\wildlife\291	wildlife	vanilla	ambient/trx/nature/dog	sound_22	0.891
zs\wildlife\292	wildlife	vanilla	ambient/trx/nature/dog	sound_23	2.261
zs\wildlife\293	wildlife	vanilla	ambient/lar_nature/lar_crow	crow_01	1.603
zs\wildlife\294	wildlife	vanilla	ambient/lar_nature/lar_crow	crow_02	1.54
zs\wildlife\295	wildlife	vanilla	ambient/lar_nature/lar_crow	crow_03	1.71
zs\wildlife\296	wildlife	vanilla	ambient/lar_nature/lar_crow	crow_04	1.652
zs\wildlife\297	wildlife	vanilla	ambient/lar_nature/lar_crow	crow_05	1.827
zs\wildlife\298	wildlife	vanilla	ambient/lar_nature/lar_crow	crow_06	1.813
zs\wildlife\299	wildlife	vanilla	ambient/lar_nature/lar_crow	crow_07	1.772
zs\wildlife\300	wildlife	vanilla	ambient/lar_nature/lar_crow	crow_08	1.675
zs\wildlife\301	wildlife	vanilla	ambient/lar_nature/lar_crow	crow_09	1.506
zs\wildlife\302	wildlife	vanilla	ambient/lar_nature/lar_crow	crow_10	1.61
zs\wildlife\303	wildlife	vanilla	ambient/lar_nature/lar_crow	crow_11	1.424
zs\wildlife\304	wildlife	vanilla	ambient/lar_nature/lar_crow	crow_12	1.373
zs\wildlife\305	wildlife	vanilla	ambient/lar_nature/lar_crow	crow_13	0.986
zs\wildlife\306	wildlife	vanilla	ambient/lar_nature/lar_dog	dog_00	1.293
zs\wildlife\307	wildlife	vanilla	ambient/lar_nature/lar_dog	dog_01	0.642
zs\wildlife\308	wildlife	vanilla	ambient/lar_nature/lar_dog	dog_02	0.71
zs\wildlife\309	wildlife	vanilla	ambient/lar_nature/lar_dog	dog_03	1.321
zs\wildlife\310	wildlife	vanilla	ambient/lar_nature/lar_dog	dog_04	2.128
zs\wildlife\311	wildlife	vanilla	ambient/lar_nature/lar_dog	dog_06	0.994
zs\wildlife\312	wildlife	vanilla	ambient/lar_nature/lar_dog	dog_07	0.912
zs\wildlife\313	wildlife	vanilla	ambient/lar_nature/lar_dog	dog_08	1.713
zs\wildlife\314	wildlife	vanilla	ambient/lar_nature/lar_dog	dog_09	1.206
zs\wildlife\315	wildlife	vanilla	ambient/lar_nature/lar_dog	dog_10	0.796
zs\wildlife\316	wildlife	vanilla	ambient/lar_nature/lar_owls	owls_1	5.638
zs\wildlife\317	wildlife	vanilla	ambient/lar_nature/lar_owls	owls_2	6.452
zs\wildlife\318	wildlife	vanilla	ambient/lar_nature/lar_owls	owls_3	5.834
zs\wildlife\319	wildlife	vanilla	ambient/lar_nature/lar_owls	owls_4	5.387
zs\wildlife\320	wildlife	vanilla	ambient/lar_nature/lar_owls	owls_5	5.371
zs\wildlife\321	wildlife	vanilla	ambient/lar_nature/lar_owls	owls_6	0.893
zs\wildlife\322	wildlife	vanilla	ambient/lar_nature/lar_owls	owls_7	0.892
zs\wildlife\323	wildlife	vanilla	ambient/lar_nature/lar_owls	owls_8	0.893
zs\wildlife\324	wildlife	vanilla	ambient/lar_nature/lar_owls	owl_high_1	0.892
zs\wildlife\325	wildlife	vanilla	ambient/lar_nature/lar_owls	owl_high_2	0.924
zs\wind\1	wind	Amplified	ambient/soundscape/wind	Galewind1	2.509
zs\wind\2	wind	Amplified	ambient/soundscape/wind	Galewind10	2.59
zs\wind\3	wind	Amplified	ambient/soundscape/wind	Galewind11	2.446
zs\wind\4	wind	Amplified	ambient/soundscape/wind	Galewind12	2.068
zs\wind\5	wind	Amplified	ambient/soundscape/wind	Galewind13	2.6
zs\wind\6	wind	Amplified	ambient/soundscape/wind	Galewind14	2.187
zs\wind\7	wind	Amplified	ambient/soundscape/wind	Galewind15	3.802
zs\wind\8	wind	Amplified	ambient/soundscape/wind	Galewind16	3.408
zs\wind\9	wind	Amplified	ambient/soundscape/wind	Galewind17	3.265
zs\wind\10	wind	Amplified	ambient/soundscape/wind	Galewind18	3.592
zs\wind\11	wind	Amplified	ambient/soundscape/wind	Galewind19	3.518
zs\wind\12	wind	Amplified	ambient/soundscape/wind	Galewind2	2.595
zs\wind\13	wind	Amplified	ambient/soundscape/wind	Galewind3	3.106
zs\wind\14	wind	Amplified	ambient/soundscape/wind	Galewind4	2.422
zs\wind\15	wind	Amplified	ambient/soundscape/wind	Galewind5	1.921
zs\wind\16	wind	Amplified	ambient/soundscape/wind	Galewind6	2.769
zs\wind\17	wind	Amplified	ambient/soundscape/wind	Galewind7	2.87
zs\wind\18	wind	Amplified	ambient/soundscape/wind	Galewind8	2.378
zs\wind\19	wind	Amplified	ambient/soundscape/wind	Galewind9	3.916
zs\wind\20	wind	Amplified	ambient/soundscape/wind	Spookgust1	25.595
zs\wind\21	wind	Amplified	ambient/soundscape/wind	Spookgust10	28.059
zs\wind\22	wind	Amplified	ambient/soundscape/wind	Spookgust11	23.255
zs\wind\23	wind	Amplified	ambient/soundscape/wind	Spookgust12	21.956
zs\wind\24	wind	Amplified	ambient/soundscape/wind	Spookgust8	21.305
zs\wind\25	wind	Amplified	ambient/soundscape/wind	Spookgust9	24.786
zs\wind\26	wind	Amplified	ambient/soundscape/wind	Spookgustu3	25.577
zs\wind\27	wind	Amplified	ambient/soundscape/wind	Spookgustu5	22.028
zs\wind\28	wind	Soundscape	ambient/soundscape/wind	windwhistle1	4.694
zs\wind\29	wind	Soundscape	ambient/soundscape/wind	windwhistle2	3.993
zs\wind\30	wind	Amplified	ambient/soundscape/wind	windwhistle3	24.933
zs\wind\31	wind	Soundscape	ambient/soundscape/wind	windwhistle3	3.947
zs\wind\32	wind	Amplified	ambient/soundscape/wind	windwhistle4	24.781
zs\wind\33	wind	Soundscape	ambient/soundscape/wind	windwhistle4	4.472
zs\wind\34	wind	Amplified	ambient/soundscape/wind	windwhistle5	22.922
zs\wind\35	wind	Soundscape	ambient/soundscape/wind	windwhistle5	4.245
zs\wind\36	wind	Soundscape	ambient/soundscape/wind	windwhistle6	3.737
zs\wind\37	wind	Amplified	ambient/soundscape/wind	windwhistle7	26.613
zs\wind\38	wind	Soundscape	ambient/soundscape/wind	windwhistle7	4.625
zs\wind\39	wind	RETUNE457	ambient/trx/nature/wind_dark	sound_01	2.764
zs\wind\40	wind	RETUNE457	ambient/trx/nature/wind_dark	sound_02	2.129
zs\wind\41	wind	RETUNE457	ambient/trx/nature/wind_dark	sound_03	2.022
zs\wind\42	wind	RETUNE457	ambient/trx/nature/wind_dark	sound_04	2.379
zs\wind\43	wind	RETUNE457	ambient/trx/nature/wind_dark	sound_05	2.405
zs\wind\44	wind	RETUNE457	ambient/trx/nature/wind_dark	sound_06	2.717
zs\wind\45	wind	RETUNE457	ambient/trx/nature/wind_heavy	sound_01	2.814
zs\wind\46	wind	RETUNE457	ambient/trx/nature/wind_heavy	sound_02	3.198
zs\wind\47	wind	RETUNE457	ambient/trx/nature/wind_heavy	sound_03	3.032
zs\wind\48	wind	RETUNE457	ambient/trx/nature/wind_heavy	sound_04	2.738
zs\wind\49	wind	RETUNE457	ambient/trx/nature/wind_heavy	sound_05	2.791
zs\wind\50	wind	RETUNE457	ambient/trx/nature/wind_heavy	sound_06	3.432
zs\wind\51	wind	AudioExpansion	ambient/trx/nature/wind_dark	sound_01	10.03
zs\wind\52	wind	AudioExpansion	ambient/trx/nature/wind_dark	sound_04	9.614
zs\wind\53	wind	AudioExpansion	ambient/trx/nature/wind_heavy	sound_01	6.768
zs\wind\54	wind	AudioExpansion	ambient/trx/nature/wind_heavy	sound_02	6.115
zs\wind\55	wind	AudioExpansion	ambient/trx/nature/wind_heavy	sound_03	6.023
zs\wind\56	wind	AudioExpansion	ambient/trx/nature/wind_heavy	sound_04	4.26
zs\wind\57	wind	AudioExpansion	ambient/trx/nature/wind_heavy	sound_05	9.152
zs\wind\58	wind	AudioExpansion	ambient/trx/nature/wind_heavy	sound_06	7.705
zs\wind\59	wind	AudioExpansion	ambient/trx/nature/wind_heavy	sound_07	13.047
zs\wind\60	wind	AudioExpansion	ambient/trx/nature/wind_heavy	sound_08	6.317
zs\wind\61	wind	AudioExpansion	ambient/trx/nature/wind_heavy	sound_09	11.258
zs\wind\62	wind	AudioExpansion	ambient/trx/nature/wind_heavy	sound_10	8.344
zs\wind\63	wind	AudioExpansion	ambient/trx/nature/wind_heavy	sound_11	6.542
zs\wind\64	wind	AudioExpansion	ambient/trx/nature/wind_heavy	sound_12	14.424
zs\wind\65	wind	AudioExpansion	ambient/soundscape/wind	windwhistle2	7.963
zs\wind\66	wind	AudioExpansion	ambient/soundscape/wind	windwhistle5	15.905
zs\wind\67	wind	vanilla	ambient/trx/nature/wind_dark	sound_01	4.627
zs\wind\68	wind	vanilla	ambient/trx/nature/wind_dark	sound_02	4.491
zs\wind\69	wind	vanilla	ambient/trx/nature/wind_dark	sound_03	4.72
zs\wind\70	wind	vanilla	ambient/trx/nature/wind_dark	sound_04	4.4
zs\wind\71	wind	vanilla	ambient/trx/nature/wind_dark	sound_05	4.36
zs\wind\72	wind	vanilla	ambient/trx/nature/wind_dark	sound_06	4.529
zs\wind\73	wind	vanilla	ambient/trx/nature/wind_heavy	sound_01	12.85
